01.000000000000000000
01.000000000000000000
01.000000000000000000
01.000000000000000000
01.000000000000000000
01.000000000000000000
01.000000000000000000
01.000000000000000000
01.000000000000000000
01.000000000000000000
01.000000000000000000
01.000000000000000000
01.000000000000000000
01.000000000000000000
01.000000000000000000
01.000000000000000000
01.000000000000000000
01.000000000000000000
01.000000000000000000
01.000000000000000000
01.000000000000000000
01.000000000000000000
01.000000000000000000
01.000000000000000000
01.000000000000000000
01.000000000000000000
01.000000000000000000
01.000000000000000000
01.000000000000000000
01.000000000000000000
01.000000000000000000
01.000000000000000000
01.000000000000000000
01.000000000000000000
01.000000000000000000
01.000000000000000000
01.000000000000000000
01.000000000000000000
01.000000000000000000
01.000000000000000000
01.000000000000000000
01.000000000000000000
01.000000000000000000
01.000000000000000000
01.000000000000000000
01.000000000000000000
01.000000000000000000
01.000000000000000000
01.000000000000000000
01.000000000000000000
01.000000000000000000
01.000000000000000000
01.000000000000000000
01.000000000000000000
01.000000000000000000
01.000000000000000000
01.000000000000000000
01.000000000000000000
01.000000000000000000
01.000000000000000000
01.000000000000000000
01.000000000000000000
01.000000000000000000
01.000000000000000000
01.000000000000000000
01.000000000000000000
01.000000000000000000
01.000000000000000000
01.000000000000000000
01.000000000000000000
01.000000000000000000
01.000000000000000000
01.000000000000000000
01.000000000000000000
01.000000000000000000
01.000000000000000000
01.000000000000000000
01.000000000000000000
01.000000000000000000
01.000000000000000000
01.000000000000000000
01.000000000000000000
01.000000000000000000
01.000000000000000000
01.000000000000000000
01.000000000000000000
01.000000000000000000
01.000000000000000000
01.000000000000000000
01.000000000000000000
01.000000000000000000
01.000000000000000000
01.000000000000000000
01.000000000000000000
01.000000000000000000
01.000000000000000000
01.000000000000000000
01.000000000000000000
01.000000000000000000
01.000000000000000000
01.000000000000000000
01.000000000000000000
01.000000000000000000
01.000000000000000000
01.000000000000000000
01.000000000000000000
01.000000000000000000
01.000000000000000000
01.000000000000000000
01.000000000000000000
01.000000000000000000
01.000000000000000000
01.000000000000000000
01.000000000000000000
01.000000000000000000
01.000000000000000000
01.000000000000000000
01.000000000000000000
01.000000000000000000
01.000000000000000000
01.000000000000000000
01.000000000000000000
01.000000000000000000
01.000000000000000000
01.000000000000000000
01.000000000000000000
01.000000000000000000
01.000000000000000000
01.000000000000000000
01.000000000000000000
01.000000000000000000
01.000000000000000000
01.000000000000000000
01.000000000000000000
01.000000000000000000
01.000000000000000000
01.000000000000000000
01.000000000000000000
01.000000000000000000
01.000000000000000000
01.000000000000000000
01.000000000000000000
01.000000000000000000
01.000000000000000000
01.000000000000000000
01.000000000000000000
01.000000000000000000
01.000000000000000000
01.000000000000000000
01.000000000000000000
01.000000000000000000
01.000000000000000000
01.000000000000000000
01.000000000000000000
01.000000000000000000
01.000000000000000000
01.000000000000000000
01.000000000000000000
01.000000000000000000
01.000000000000000000
01.000000000000000000
01.000000000000000000
01.000000000000000000
01.000000000000000000
01.000000000000000000
01.000000000000000000
01.000000000000000000
01.000000000000000000
01.000000000000000000
01.000000000000000000
01.000000000000000000
01.000000000000000000
01.000000000000000000
01.000000000000000000
01.000000000000000000
01.000000000000000000
01.000000000000000000
01.000000000000000000
01.000000000000000000
01.000000000000000000
01.000000000000000000
01.000000000000000000
01.000000000000000000
01.000000000000000000
01.000000000000000000
01.000000000000000000
01.000000000000000000
01.000000000000000000
01.000000000000000000
01.000000000000000000
01.000000000000000000
01.000000000000000000
01.000000000000000000
01.000000000000000000
01.000000000000000000
01.000000000000000000
01.000000000000000000
01.000000000000000000
01.000000000000000000
01.000000000000000000
01.000000000000000000
01.000000000000000000
01.000000000000000000
01.000000000000000000
01.000000000000000000
01.000000000000000000
01.000000000000000000
01.000000000000000000
01.000000000000000000
01.000000000000000000
01.000000000000000000
01.000000000000000000
01.000000000000000000
01.000000000000000000
01.000000000000000000
01.000000000000000000
01.000000000000000000
01.000000000000000000
01.000000000000000000
01.000000000000000000
01.000000000000000000
01.000000000000000000
01.000000000000000000
01.000000000000000000
01.000000000000000000
01.000000000000000000
01.000000000000000000
01.000000000000000000
01.000000000000000000
01.000000000000000000
01.000000000000000000
01.000000000000000000
01.000000000000000000
01.000000000000000000
01.000000000000000000
01.000000000000000000
01.000000000000000000
01.000000000000000000
01.000000000000000000
01.000000000000000000
01.000000000000000000
01.000000000000000000
01.000000000000000000
01.000000000000000000
01.000000000000000000
01.000000000000000000
01.000000000000000000
01.000000000000000000
01.000000000000000000
01.000000000000000000
01.000000000000000000
01.000000000000000000
01.000000000000000000
01.000000000000000000
01.000000000000000000
01.000000000000000000
01.000000000000000000
01.000000000000000000
01.000000000000000000
01.000000000000000000
01.000000000000000000
01.000000000000000000
01.000000000000000000
01.000000000000000000
01.000000000000000000
01.000000000000000000
01.000000000000000000
01.000000000000000000
01.000000000000000000
01.000000000000000000
01.000000000000000000
01.000000000000000000
01.000000000000000000
01.000000000000000000
01.000000000000000000
01.000000000000000000
01.000000000000000000
01.000000000000000000
01.000000000000000000
01.000000000000000000
01.000000000000000000
01.000000000000000000
01.000000000000000000
01.000000000000000000
01.000000000000000000
01.000000000000000000
01.000000000000000000
01.000000000000000000
01.000000000000000000
01.000000000000000000
01.000000000000000000
01.000000000000000000
01.000000000000000000
01.000000000000000000
01.000000000000000000
01.000000000000000000
01.000000000000000000
01.000000000000000000
01.000000000000000000
01.000000000000000000
01.000000000000000000
01.000000000000000000
01.000000000000000000
01.000000000000000000
01.000000000000000000
01.000000000000000000
01.000000000000000000
01.000000000000000000
01.000000000000000000
01.000000000000000000
01.000000000000000000
01.000000000000000000
01.000000000000000000
01.000000000000000000
01.000000000000000000
01.000000000000000000
01.000000000000000000
01.000000000000000000
01.000000000000000000
01.000000000000000000
01.000000000000000000
01.000000000000000000
01.000000000000000000
01.000000000000000000
01.000000000000000000
01.000000000000000000
01.000000000000000000
01.000000000000000000
01.000000000000000000
01.000000000000000000
01.000000000000000000
01.000000000000000000
01.000000000000000000
01.000000000000000000
01.000000000000000000
01.000000000000000000
01.000000000000000000
01.000000000000000000
01.000000000000000000
01.000000000000000000
01.000000000000000000
01.000000000000000000
01.000000000000000000
01.000000000000000000
01.000000000000000000
01.000000000000000000
01.000000000000000000
01.000000000000000000
01.000000000000000000
01.000000000000000000
01.000000000000000000
01.000000000000000000
01.000000000000000000
01.000000000000000000
01.000000000000000000
01.000000000000000000
01.000000000000000000
01.000000000000000000
01.000000000000000000
01.000000000000000000
01.000000000000000000
01.000000000000000000
01.000000000000000000
01.000000000000000000
01.000000000000000000
01.000000000000000000
01.000000000000000000
01.000000000000000000
01.000000000000000000
01.000000000000000000
01.000000000000000000
01.000000000000000000
01.000000000000000000
01.000000000000000000
01.000000000000000000
01.000000000000000000
01.000000000000000000
01.000000000000000000
01.000000000000000000
01.000000000000000000
01.000000000000000000
01.000000000000000000
01.000000000000000000
01.000000000000000000
01.000000000000000000
01.000000000000000000
01.000000000000000000
01.000000000000000000
01.000000000000000000
01.000000000000000000
01.000000000000000000
01.000000000000000000
01.000000000000000000
01.000000000000000000
01.000000000000000000
01.000000000000000000
01.000000000000000000
01.000000000000000000
01.000000000000000000
01.000000000000000000
01.000000000000000000
01.000000000000000000
01.000000000000000000
01.000000000000000000
01.000000000000000000
01.000000000000000000
01.000000000000000000
01.000000000000000000
01.000000000000000000
01.000000000000000000
01.000000000000000000
01.000000000000000000
01.000000000000000000
01.000000000000000000
01.000000000000000000
01.000000000000000000
01.000000000000000000
01.000000000000000000
01.000000000000000000
01.000000000000000000
01.000000000000000000
01.000000000000000000
01.000000000000000000
01.000000000000000000
01.000000000000000000
01.000000000000000000
01.000000000000000000
01.000000000000000000
01.000000000000000000
01.000000000000000000
01.000000000000000000
01.000000000000000000
01.000000000000000000
01.000000000000000000
01.000000000000000000
01.000000000000000000
01.000000000000000000
01.000000000000000000
01.000000000000000000
01.000000000000000000
01.000000000000000000
01.000000000000000000
01.000000000000000000
01.000000000000000000
01.000000000000000000
01.000000000000000000
01.000000000000000000
01.000000000000000000
01.000000000000000000
01.000000000000000000
01.000000000000000000
01.000000000000000000
01.000000000000000000
01.000000000000000000
01.000000000000000000
01.000000000000000000
01.000000000000000000
01.000000000000000000
01.000000000000000000
01.000000000000000000
01.000000000000000000
01.000000000000000000
01.000000000000000000
01.000000000000000000
01.000000000000000000
01.000000000000000000
01.000000000000000000
01.000000000000000000
01.000000000000000000
01.000000000000000000
01.000000000000000000
01.000000000000000000
01.000000000000000000
01.000000000000000000
01.000000000000000000
01.000000000000000000
01.000000000000000000
01.000000000000000000
01.000000000000000000
01.000000000000000000
01.000000000000000000
01.000000000000000000
01.000000000000000000
01.000000000000000000
01.000000000000000000
01.000000000000000000
01.000000000000000000
01.000000000000000000
01.000000000000000000
01.000000000000000000
01.000000000000000000
01.000000000000000000
01.000000000000000000
01.000000000000000000
01.000000000000000000
01.000000000000000000
01.000000000000000000
01.000000000000000000
01.000000000000000000
01.000000000000000000
01.000000000000000000
01.000000000000000000
01.000000000000000000
01.000000000000000000
01.000000000000000000
01.000000000000000000
01.000000000000000000
01.000000000000000000
01.000000000000000000
01.000000000000000000
01.000000000000000000
01.000000000000000000
01.000000000000000000
01.000000000000000000
01.000000000000000000
01.000000000000000000
01.000000000000000000
01.000000000000000000
01.000000000000000000
01.000000000000000000
01.000000000000000000
01.000000000000000000
01.000000000000000000
01.000000000000000000
01.000000000000000000
01.000000000000000000
01.000000000000000000
01.000000000000000000
01.000000000000000000
01.000000000000000000
01.000000000000000000
01.000000000000000000
01.000000000000000000
01.000000000000000000
01.000000000000000000
01.000000000000000000
01.000000000000000000
01.000000000000000000
01.000000000000000000
01.000000000000000000
01.000000000000000000
01.000000000000000000
01.000000000000000000
01.000000000000000000
01.000000000000000000
01.000000000000000000
01.000000000000000000
01.000000000000000000
01.000000000000000000
01.000000000000000000
01.000000000000000000
01.000000000000000000
01.000000000000000000
01.000000000000000000
01.000000000000000000
01.000000000000000000
01.000000000000000000
01.000000000000000000
01.000000000000000000
01.000000000000000000
01.000000000000000000
01.000000000000000000
01.000000000000000000
01.000000000000000000
01.000000000000000000
01.000000000000000000
01.000000000000000000
01.000000000000000000
01.000000000000000000
01.000000000000000000
01.000000000000000000
01.000000000000000000
01.000000000000000000
01.000000000000000000
01.000000000000000000
01.000000000000000000
01.000000000000000000
01.000000000000000000
01.000000000000000000
01.000000000000000000
01.000000000000000000
01.000000000000000000
01.000000000000000000
01.000000000000000000
01.000000000000000000
01.000000000000000000
01.000000000000000000
01.000000000000000000
01.000000000000000000
01.000000000000000000
01.000000000000000000
01.000000000000000000
01.000000000000000000
01.000000000000000000
01.000000000000000000
01.000000000000000000
01.000000000000000000
01.000000000000000000
01.000000000000000000
01.000000000000000000
01.000000000000000000
01.000000000000000000
01.000000000000000000
01.000000000000000000
01.000000000000000000
01.000000000000000000
01.000000000000000000
01.000000000000000000
01.000000000000000000
01.000000000000000000
01.000000000000000000
01.000000000000000000
01.000000000000000000
01.000000000000000000
01.000000000000000000
01.000000000000000000
01.000000000000000000
01.000000000000000000
01.000000000000000000
01.000000000000000000
01.000000000000000000
01.000000000000000000
01.000000000000000000
01.000000000000000000
01.000000000000000000
01.000000000000000000
01.000000000000000000
01.000000000000000000
01.000000000000000000
01.000000000000000000
01.000000000000000000
01.000000000000000000
01.000000000000000000
01.000000000000000000
01.000000000000000000
01.000000000000000000
01.000000000000000000
01.000000000000000000
01.000000000000000000
01.000000000000000000
01.000000000000000000
01.000000000000000000
01.000000000000000000
01.000000000000000000
01.000000000000000000
01.000000000000000000
01.000000000000000000
01.000000000000000000
01.000000000000000000
01.000000000000000000
01.000000000000000000
01.000000000000000000
01.000000000000000000
01.000000000000000000
01.000000000000000000
01.000000000000000000
01.000000000000000000
01.000000000000000000
01.000000000000000000
01.000000000000000000
01.000000000000000000
01.000000000000000000
01.000000000000000000
01.000000000000000000
01.000000000000000000
01.000000000000000000
01.000000000000000000
01.000000000000000000
01.000000000000000000
01.000000000000000000
01.000000000000000000
01.000000000000000000
01.000000000000000000
01.000000000000000000
01.000000000000000000
01.000000000000000000
01.000000000000000000
01.000000000000000000
01.000000000000000000
01.000000000000000000
01.000000000000000000
01.000000000000000000
01.000000000000000000
01.000000000000000000
01.000000000000000000
01.000000000000000000
01.000000000000000000
01.000000000000000000
01.000000000000000000
01.000000000000000000
01.000000000000000000
01.000000000000000000
01.000000000000000000
01.000000000000000000
01.000000000000000000
01.000000000000000000
01.000000000000000000
01.000000000000000000
01.000000000000000000
01.000000000000000000
01.000000000000000000
01.000000000000000000
01.000000000000000000
01.000000000000000000
01.000000000000000000
01.000000000000000000
01.000000000000000000
01.000000000000000000
01.000000000000000000
01.000000000000000000
01.000000000000000000
01.000000000000000000
01.000000000000000000
01.000000000000000000
01.000000000000000000
01.000000000000000000
01.000000000000000000
01.000000000000000000
01.000000000000000000
01.000000000000000000
01.000000000000000000
01.000000000000000000
01.000000000000000000
01.000000000000000000
01.000000000000000000
01.000000000000000000
01.000000000000000000
01.000000000000000000
01.000000000000000000
01.000000000000000000
01.000000000000000000
01.000000000000000000
01.000000000000000000
01.000000000000000000
01.000000000000000000
01.000000000000000000
01.000000000000000000
01.000000000000000000
01.000000000000000000
01.000000000000000000
01.000000000000000000
01.000000000000000000
01.000000000000000000
01.000000000000000000
01.000000000000000000
01.000000000000000000
01.000000000000000000
01.000000000000000000
01.000000000000000000
01.000000000000000000
01.000000000000000000
01.000000000000000000
01.000000000000000000
01.000000000000000000
01.000000000000000000
01.000000000000000000
01.000000000000000000
01.000000000000000000
01.000000000000000000
01.000000000000000000
01.000000000000000000
01.000000000000000000
01.000000000000000000
01.000000000000000000
01.000000000000000000
01.000000000000000000
01.000000000000000000
01.000000000000000000
01.000000000000000000
01.000000000000000000
01.000000000000000000
01.000000000000000000
01.000000000000000000
01.000000000000000000
01.000000000000000000
01.000000000000000000
01.000000000000000000
01.000000000000000000
01.000000000000000000
01.000000000000000000
01.000000000000000000
01.000000000000000000
01.000000000000000000
01.000000000000000000
01.000000000000000000
01.000000000000000000
01.000000000000000000
01.000000000000000000
01.000000000000000000
01.000000000000000000
01.000000000000000000
01.000000000000000000
01.000000000000000000
01.000000000000000000
01.000000000000000000
01.000000000000000000
01.000000000000000000
01.000000000000000000
01.000000000000000000
01.000000000000000000
01.000000000000000000
01.000000000000000000
01.000000000000000000
01.000000000000000000
01.000000000000000000
01.000000000000000000
01.000000000000000000
01.000000000000000000
01.000000000000000000
01.000000000000000000
01.000000000000000000
01.000000000000000000
01.000000000000000000
01.000000000000000000
01.000000000000000000
01.000000000000000000
01.000000000000000000
01.000000000000000000
01.000000000000000000
01.000000000000000000
01.000000000000000000
01.000000000000000000
01.000000000000000000
01.000000000000000000
01.000000000000000000
01.000000000000000000
01.000000000000000000
01.000000000000000000
01.000000000000000000
01.000000000000000000
01.000000000000000000
01.000000000000000000
01.000000000000000000
01.000000000000000000
01.000000000000000000
01.000000000000000000
01.000000000000000000
01.000000000000000000
01.000000000000000000
01.000000000000000000
01.000000000000000000
01.000000000000000000
01.000000000000000000
01.000000000000000000
01.000000000000000000
01.000000000000000000
01.000000000000000000
01.000000000000000000
01.000000000000000000
01.000000000000000000
01.000000000000000000
01.000000000000000000
01.000000000000000000
01.000000000000000000
01.000000000000000000
01.000000000000000000
01.000000000000000000
01.000000000000000000
01.000000000000000000
01.000000000000000000
01.000000000000000000
01.000000000000000000
01.000000000000000000
01.000000000000000000
01.000000000000000000
01.000000000000000000
01.000000000000000000
01.000000000000000000
01.000000000000000000
01.000000000000000000
01.000000000000000000
01.000000000000000000
01.000000000000000000
01.000000000000000000
01.000000000000000000
01.000000000000000000
01.000000000000000000
01.000000000000000000
01.000000000000000000
01.000000000000000000
01.000000000000000000
01.000000000000000000
01.000000000000000000
01.000000000000000000
01.000000000000000000
01.000000000000000000
01.000000000000000000
01.000000000000000000
01.000000000000000000
01.000000000000000000
01.000000000000000000
01.000000000000000000
01.000000000000000000
01.000000000000000000
01.000000000000000000
01.000000000000000000
01.000000000000000000
01.000000000000000000
01.000000000000000000
01.000000000000000000
01.000000000000000000
01.000000000000000000
01.000000000000000000
01.000000000000000000
01.000000000000000000
01.000000000000000000
01.000000000000000000
01.000000000000000000
01.000000000000000000
01.000000000000000000
01.000000000000000000
01.000000000000000000
01.000000000000000000
01.000000000000000000
01.000000000000000000
01.000000000000000000
01.000000000000000000
01.000000000000000000
01.000000000000000000
01.000000000000000000
01.000000000000000000
01.000000000000000000
01.000000000000000000
01.000000000000000000
01.000000000000000000
01.000000000000000000
01.000000000000000000
01.000000000000000000
01.000000000000000000
01.000000000000000000
01.000000000000000000
01.000000000000000000
01.000000000000000000
01.000000000000000000
01.000000000000000000
01.000000000000000000
01.000000000000000000
01.000000000000000000
01.000000000000000000
01.000000000000000000
01.000000000000000000
01.000000000000000000
01.000000000000000000
01.000000000000000000
01.000000000000000000
01.000000000000000000
01.000000000000000000
01.000000000000000000
01.000000000000000000
01.000000000000000000
01.000000000000000000
01.000000000000000000
01.000000000000000000
01.000000000000000000
01.000000000000000000
01.000000000000000000
01.000000000000000000
01.000000000000000000
01.000000000000000000
01.000000000000000000
01.000000000000000000
01.000000000000000000
01.000000000000000000
01.000000000000000000
01.000000000000000000
01.000000000000000000
01.000000000000000000
01.000000000000000000
01.000000000000000000
01.000000000000000000
01.000000000000000000
01.000000000000000000
01.000000000000000000
01.000000000000000000
01.000000000000000000
01.000000000000000000
01.000000000000000000
01.000000000000000000
01.000000000000000000
01.000000000000000000
01.000000000000000000
01.000000000000000000
01.000000000000000000
01.000000000000000000
01.000000000000000000
01.000000000000000000
01.000000000000000000
01.000000000000000000
01.000000000000000000
01.000000000000000000
01.000000000000000000
01.000000000000000000
01.000000000000000000
01.000000000000000000
01.000000000000000000
01.000000000000000000
01.000000000000000000
01.000000000000000000
01.000000000000000000
01.000000000000000000
01.000000000000000000
01.000000000000000000
01.000000000000000000
01.000000000000000000
01.000000000000000000
01.000000000000000000
01.000000000000000000
01.000000000000000000
01.000000000000000000
01.000000000000000000
01.000000000000000000
01.000000000000000000
01.000000000000000000
01.000000000000000000
01.000000000000000000
01.000000000000000000
01.000000000000000000
01.000000000000000000
01.000000000000000000
01.000000000000000000
01.000000000000000000
01.000000000000000000
01.000000000000000000
01.000000000000000000
01.000000000000000000
01.000000000000000000
01.000000000000000000
01.000000000000000000
01.000000000000000000
01.000000000000000000
01.000000000000000000
01.000000000000000000
01.000000000000000000
01.000000000000000000
01.000000000000000000
01.000000000000000000
01.000000000000000000
01.000000000000000000
01.000000000000000000
01.000000000000000000
01.000000000000000000
01.000000000000000000
01.000000000000000000
01.000000000000000000
01.000000000000000000
01.000000000000000000
01.000000000000000000
01.000000000000000000
01.000000000000000000
01.000000000000000000
01.000000000000000000
01.000000000000000000
01.000000000000000000
01.000000000000000000
01.000000000000000000
01.000000000000000000
01.000000000000000000
01.000000000000000000
01.000000000000000000
01.000000000000000000
01.000000000000000000
01.000000000000000000
01.000000000000000000
01.000000000000000000
01.000000000000000000
01.000000000000000000
01.000000000000000000
01.000000000000000000
01.000000000000000000
01.000000000000000000
01.000000000000000000
01.000000000000000000
01.000000000000000000
01.000000000000000000
01.000000000000000000
01.000000000000000000
01.000000000000000000
01.000000000000000000
01.000000000000000000
01.000000000000000000
01.000000000000000000
01.000000000000000000
01.000000000000000000
01.000000000000000000
01.000000000000000000
01.000000000000000000
01.000000000000000000
01.000000000000000000
01.000000000000000000
01.000000000000000000
01.000000000000000000
01.000000000000000000
01.000000000000000000
01.000000000000000000
01.000000000000000000
01.000000000000000000
01.000000000000000000
01.000000000000000000
01.000000000000000000
01.000000000000000000
01.000000000000000000
01.000000000000000000
01.000000000000000000
01.000000000000000000
01.000000000000000000
01.000000000000000000
01.000000000000000000
01.000000000000000000
01.000000000000000000
01.000000000000000000
01.000000000000000000
01.000000000000000000
01.000000000000000000
01.000000000000000000
01.000000000000000000
01.000000000000000000
01.000000000000000000
01.000000000000000000
01.000000000000000000
01.000000000000000000
01.000000000000000000
01.000000000000000000
01.000000000000000000
01.000000000000000000
01.000000000000000000
01.000000000000000000
01.000000000000000000
01.000000000000000000
01.000000000000000000
01.000000000000000000
01.000000000000000000
01.000000000000000000
01.000000000000000000
01.000000000000000000
01.000000000000000000
01.000000000000000000
01.000000000000000000
01.000000000000000000
01.000000000000000000
01.000000000000000000
01.000000000000000000
01.000000000000000000
01.000000000000000000
01.000000000000000000
01.000000000000000000
01.000000000000000000
01.000000000000000000
01.000000000000000000
01.000000000000000000
01.000000000000000000
01.000000000000000000
01.000000000000000000
01.000000000000000000
01.000000000000000000
01.000000000000000000
01.000000000000000000
01.000000000000000000
01.000000000000000000
01.000000000000000000
01.000000000000000000
01.000000000000000000
01.000000000000000000
01.000000000000000000
01.000000000000000000
01.000000000000000000
01.000000000000000000
01.000000000000000000
01.000000000000000000
01.000000000000000000
01.000000000000000000
01.000000000000000000
01.000000000000000000
01.000000000000000000
01.000000000000000000
01.000000000000000000
01.000000000000000000
01.000000000000000000
01.000000000000000000
01.000000000000000000
01.000000000000000000
01.000000000000000000
01.000000000000000000
01.000000000000000000
01.000000000000000000
01.000000000000000000
01.000000000000000000
01.000000000000000000
01.000000000000000000
01.000000000000000000
01.000000000000000000
01.000000000000000000
01.000000000000000000
01.000000000000000000
01.000000000000000000
01.000000000000000000
01.000000000000000000
01.000000000000000000
01.000000000000000000
01.000000000000000000
01.000000000000000000
03.000000000000000000
03.000000000000000000
03.000000000000000000
03.000000000000000000
03.000000000000000000
03.000000000000000000
03.000000000000000000
03.000000000000000000
03.000000000000000000
03.000000000000000000
03.000000000000000000
03.000000000000000000
03.000000000000000000
03.000000000000000000
03.000000000000000000
03.000000000000000000
03.000000000000000000
03.000000000000000000
03.000000000000000000
03.000000000000000000
03.000000000000000000
03.000000000000000000
03.000000000000000000
03.000000000000000000
03.000000000000000000
03.000000000000000000
03.000000000000000000
03.000000000000000000
03.000000000000000000
03.000000000000000000
03.000000000000000000
03.000000000000000000
03.000000000000000000
03.000000000000000000
03.000000000000000000
03.000000000000000000
03.000000000000000000
03.000000000000000000
03.000000000000000000
03.000000000000000000
03.000000000000000000
03.000000000000000000
03.000000000000000000
03.000000000000000000
03.000000000000000000
03.000000000000000000
03.000000000000000000
03.000000000000000000
03.000000000000000000
03.000000000000000000
03.000000000000000000
03.000000000000000000
03.000000000000000000
03.000000000000000000
03.000000000000000000
03.000000000000000000
03.000000000000000000
03.000000000000000000
03.000000000000000000
03.000000000000000000
03.000000000000000000
03.000000000000000000
03.000000000000000000
03.000000000000000000
03.000000000000000000
03.000000000000000000
03.000000000000000000
03.000000000000000000
03.000000000000000000
03.000000000000000000
03.000000000000000000
03.000000000000000000
03.000000000000000000
03.000000000000000000
03.000000000000000000
03.000000000000000000
03.000000000000000000
03.000000000000000000
03.000000000000000000
03.000000000000000000
05.000000000000000000
05.000000000000000000
05.000000000000000000
05.000000000000000000
05.000000000000000000
05.000000000000000000
05.000000000000000000
05.000000000000000000
07.000000000000000000
04.010481837832094776
03.331007251698603788
03.171591243572998042
03.187530292581737701
03.401337882744671415
04.258061626161492086
08.000000000000000000
07.000000000000000000
03.788160587953302461
02.931774600002959197
02.708098131922104468
02.732459591831917223
03.031455302739974211
04.091573098386121821
08.000000000000000000
07.000000000000000000
03.732847968642876157
02.828888269122971977
02.583870682830672116
02.611804431752664968
02.939169133584575988
04.050470747779320924
08.000000000000000000
07.000000000000000000
03.720813161699950911
02.805810605294989379
02.555300031555941764
02.584474827540928832
02.919444540078816264
04.042140030200046752
08.000000000000000000
07.000000000000000000
03.726873209325724190
02.815749570709240146
02.566972703770300512
02.596147499755288024
02.929383505493067030
04.048200077825820031
08.000000000000000000
07.000000000000000000
03.757315606966568300
02.867293600451308322
02.627999817788666093
02.655933566710658500
02.977574464912912333
04.074938386103013954
08.000000000000000000
07.000000000000000000
03.861918379392808909
03.037066897290412459
02.824103258606455391
02.848464718516268146
03.136747600027427918
04.165330889825628269
08.000000000000000000
07.000000000000000000
04.259262781523452723
03.636262418170304045
03.490438385062293314
03.506377434071032528
03.706593049216372115
04.506842569852850033
08.000000000000000000
06.000000000000000000
06.000000000000000000
06.000000000000000000
06.000000000000000000
06.000000000000000000
06.000000000000000000
06.000000000000000000
06.000000000000000000
05.000000000000000000
05.000000000000000000
05.000000000000000000
05.000000000000000000
05.000000000000000000
05.000000000000000000
05.000000000000000000
05.000000000000000000
07.000000000000000000
04.250879569624157917
03.488538908978378927
03.284582747220911703
03.308962360472665232
03.588261523954722865
04.554327040309610553
08.000000000000000000
07.000000000000000000
04.036390198293482001
03.056602330250685284
02.765558369423672502
02.803408073277346535
03.201132148465259508
04.417598396042855313
08.000000000000000000
07.000000000000000000
03.973252126274104512
02.930454154791502397
02.609175860757940946
02.652969016405320790
03.092141682420767701
04.376232841828695541
08.000000000000000000
07.000000000000000000
03.958880390745624034
02.901154164616526199
02.572061452056824571
02.617976619493469048
03.068481278726981287
04.367895757486948582
08.000000000000000000
07.000000000000000000
03.968947240855095426
02.917810371280661119
02.591717951132050501
02.637633118568694979
03.085137485391115764
04.377962607596419531
08.000000000000000000
07.000000000000000000
04.012010934902040304
02.992161175314658195
02.680585910918054982
02.724379066565435714
03.153848702943923055
04.414991650456629557
08.000000000000000000
07.000000000000000000
04.142150740143983434
03.211059480091940976
02.937441613433674270
02.975291317287347859
03.355589298306515200
04.523358937893354970
08.000000000000000000
07.000000000000000000
04.556496743434997221
03.873099164258888560
03.689917322760396523
03.714296936012150496
03.972821779235232942
04.859944214120449857
08.000000000000000000
06.000000000000000000
06.000000000000000000
06.000000000000000000
06.000000000000000000
06.000000000000000000
06.000000000000000000
06.000000000000000000
06.000000000000000000
05.000000000000000000
05.000000000000000000
05.000000000000000000
05.000000000000000000
05.000000000000000000
05.000000000000000000
05.000000000000000000
05.000000000000000000
07.000000000000000000
04.320717634984800881
03.559459278735987109
03.349105821229469981
03.377127656832035640
03.669945387880070964
04.638514178126269982
08.000000000000000000
07.000000000000000000
04.126552549919185076
03.146579645695270155
02.845418288246582161
02.889328034080412611
03.308539194147607887
04.529763993020068824
08.000000000000000000
07.000000000000000000
04.068273112576108019
03.024406117478923406
02.691551827004599495
02.742663556383111434
03.206786818336893052
04.496581639883255654
08.000000000000000000
07.000000000000000000
04.055765531170614224
02.997242256637068891
02.656453293995110432
02.710190596991286061
03.186517386083856707
04.491295908245699131
08.000000000000000000
07.000000000000000000
04.068002406130556636
03.017613916350532222
02.680581838744830581
02.734319141741005321
03.206889045797320925
04.503532783205640655
08.000000000000000000
07.000000000000000000
04.113992332038932886
03.097837534044569185
02.776939469586633624
02.828051198965145119
03.280218234902538388
04.542300859346080522
08.000000000000000000
07.000000000000000000
04.244746171937681112
03.321257432891242090
03.040947854729627142
03.084857600563457147
03.483216981343580709
04.647957615038564860
08.000000000000000000
07.000000000000000000
04.641349522997507471
03.967081165224392691
03.780659450918030906
03.808681286520596565
04.077567274368476546
04.959146066138976572
08.000000000000000000
06.000000000000000000
06.000000000000000000
06.000000000000000000
06.000000000000000000
06.000000000000000000
06.000000000000000000
06.000000000000000000
06.000000000000000000
05.000000000000000000
05.000000000000000000
05.000000000000000000
05.000000000000000000
05.000000000000000000
05.000000000000000000
05.000000000000000000
05.000000000000000000
07.000000000000000000
04.345550226346337475
03.592525323454098807
03.383977340049645566
03.413443965095762422
03.706851314685711607
04.667480839183962615
08.000000000000000000
07.000000000000000000
04.164073142900780233
03.197320929789575494
02.899341128779172383
02.945732712762349603
03.365776443954296759
04.574070264042132905
08.000000000000000000
07.000000000000000000
04.111278518681027450
03.083236354024850190
02.754504156617001875
02.808685970421361588
03.273566645974227640
04.547730022824101326
08.000000000000000000
07.000000000000000000
04.101186336537946175
03.059890960917443170
02.723853086448961847
02.780911692728272655
03.257721776140079850
04.545402000243305096
08.000000000000000000
07.000000000000000000
04.114481098638133716
03.082103682856918603
02.750220896885224420
02.807279503164536116
03.279934498079554839
04.558696762343493525
08.000000000000000000
07.000000000000000000
04.160138055928546130
03.162083083035984288
02.846440817897471831
02.900622631701831100
03.352413374985362182
04.596589560071619118
08.000000000000000000
07.000000000000000000
04.287059896469761711
03.380104560662525071
03.104560463058676500
03.150952047041853277
03.548560074827246780
04.697057017611113494
08.000000000000000000
07.000000000000000000
04.670723594036601867
04.007593115962722941
03.824282270815714480
03.853748895861831780
04.121919107194335297
04.992654206874228784
08.000000000000000000
06.000000000000000000
06.000000000000000000
06.000000000000000000
06.000000000000000000
06.000000000000000000
06.000000000000000000
06.000000000000000000
06.000000000000000000
05.000000000000000000
05.000000000000000000
05.000000000000000000
05.000000000000000000
05.000000000000000000
05.000000000000000000
05.000000000000000000
05.000000000000000000
07.000000000000000000
04.355858911998097938
03.608486574906215605
03.402262844173684631
03.432279730455125133
03.724181249999059418
04.679088625767525933
08.000000000000000000
07.000000000000000000
04.181217441705985749
03.224182993218102311
02.930326950372435846
02.977686683610337059
03.395026584441714679
04.593445773400586241
08.000000000000000000
07.000000000000000000
04.132183465986823734
03.116292613315191584
02.792852417516306751
02.848255893218864632
03.309616941246153576
04.571400549098939337
08.000000000000000000
07.000000000000000000
04.123898098801380918
03.096007579786606012
02.765900126148332028
02.824294492738616658
03.297101355600465578
04.571110901577643659
08.000000000000000000
07.000000000000000000
04.137675219942419602
03.119069498247054817
02.793308893075900468
02.851703259666185541
03.320163274060914382
04.584888022718682343
08.000000000000000000
07.000000000000000000
04.182400914058082009
03.197518079216897124
02.887695426732618476
02.943098902435176356
03.390842407147859117
04.621617997170197611
08.000000000000000000
07.000000000000000000
04.306071779047357495
03.410204506831078675
03.139476461341522029
03.186836194579423243
03.581048098054690154
04.718300110741958875
08.000000000000000000
07.000000000000000000
04.682557734473844491
04.026158278392569123
03.845699341570947727
03.875716227852387785
04.141852953485413380
05.005787448243271598
08.000000000000000000
06.000000000000000000
06.000000000000000000
06.000000000000000000
06.000000000000000000
06.000000000000000000
06.000000000000000000
06.000000000000000000
06.000000000000000000
05.000000000000000000
05.000000000000000000
05.000000000000000000
05.000000000000000000
05.000000000000000000
05.000000000000000000
05.000000000000000000
05.000000000000000000
07.000000000000000000
04.360427277501047527
03.616116638692802088
03.411383770290386863
03.441599199050375368
03.732286225338337093
04.684077178492072946
08.000000000000000000
07.000000000000000000
04.189221646435864699
03.237634195163163753
02.946467319108698746
02.994182273448728893
03.409323625022700366
04.602192326988613580
08.000000000000000000
07.000000000000000000
04.142324103540651947
03.133421442146608893
02.813472520071671479
02.869330967469084115
03.327825050180355682
04.582482365535271995
08.000000000000000000
07.000000000000000000
04.135115740638557469
03.115013875419708533
02.788824670762684921
02.847720658236165825
03.317295209055899807
04.583360721628080725
08.000000000000000000
07.000000000000000000
04.149094067398386265
03.138432653667504457
02.816673165249700794
02.875569152723181698
03.340713987303696175
04.597339048387908633
08.000000000000000000
07.000000000000000000
04.193089293045280108
03.215615746521251594
02.909507117880805627
02.965365565278218263
03.410019354554997939
04.633247555039900156
08.000000000000000000
07.000000000000000000
04.314782583326928211
03.424898730082087894
03.157140077656301003
03.204855031996330261
03.596588159941624951
04.727753263879678869
08.000000000000000000
07.000000000000000000
04.687656255702171926
04.034713889636716289
03.855948984803599711
03.886164413563587328
04.150883476282252182
05.011306156693197345
08.000000000000000000
06.000000000000000000
06.000000000000000000
06.000000000000000000
06.000000000000000000
06.000000000000000000
06.000000000000000000
06.000000000000000000
06.000000000000000000
05.000000000000000000
05.000000000000000000
05.000000000000000000
05.000000000000000000
05.000000000000000000
05.000000000000000000
05.000000000000000000
05.000000000000000000
07.000000000000000000
04.362214272007377325
03.619213478477647516
03.415161272053616415
03.445425976624908682
03.735498759133581981
04.685963310255458758
08.000000000000000000
07.000000000000000000
04.192434909836515899
03.243219264424713089
02.953292801091644382
03.001096720737641110
03.415116986974674695
04.605583227463665885
08.000000000000000000
07.000000000000000000
04.146478056943110779
03.140660234181456012
02.822333886011787030
02.878307246422979748
03.335332222330372520
04.586864281949889488
08.000000000000000000
07.000000000000000000
04.139748101416568460
03.123098586802900645
02.798731223737247920
02.857754518842449354
03.325676846229271177
04.588244749164883451
08.000000000000000000
07.000000000000000000
04.153780893827165421
03.146614322900442851
02.826699508437262587
02.885722803542464465
03.349192582326813827
04.602277541575480413
08.000000000000000000
07.000000000000000000
04.197389078459544898
03.223113693982846417
02.918688275435954438
02.974661635847147600
03.417785682131762925
04.637775303466323606
08.000000000000000000
07.000000000000000000
04.318178219802316420
03.430806805152728067
03.164363216781128862
03.212167136427124703
03.602704527702690562
04.731326537429466406
08.000000000000000000
07.000000000000000000
04.689574835018096799
04.038042765397260148
03.860011317269614217
03.890276021840906484
04.154328046053194612
05.013323873266177344
08.000000000000000000
06.000000000000000000
06.000000000000000000
06.000000000000000000
06.000000000000000000
06.000000000000000000
06.000000000000000000
06.000000000000000000
06.000000000000000000
05.000000000000000000
05.000000000000000000
05.000000000000000000
05.000000000000000000
05.000000000000000000
05.000000000000000000
05.000000000000000000
05.000000000000000000
07.000000000000000000
04.362230295049320361
03.619295869715101865
03.415286927034390185
03.445502355794379135
03.735465456360636871
04.685880196040345780
08.000000000000000000
07.000000000000000000
04.192482105305562534
03.243392608783997488
02.953544429953371075
03.001259384293399890
03.415082038643533657
04.605452785858311415
08.000000000000000000
07.000000000000000000
04.146549388863896013
03.140894027106795328
02.822664773225972645
02.878523220623384837
03.335297635140542560
04.586707650858515173
08.000000000000000000
07.000000000000000000
04.139808966065694484
03.123320097401439455
02.799047523151934946
02.857943510625416295
03.325601431037630284
04.588053947055216852
08.000000000000000000
07.000000000000000000
04.153787292825523281
03.146738875649234934
02.826896017638950376
02.885792005112431280
03.349020209285426652
04.602032273815045649
08.000000000000000000
07.000000000000000000
04.197314578368522398
03.223088331481438917
02.918699371035106349
02.974557818432519429
03.417491939515184818
04.637472840363143334
08.000000000000000000
07.000000000000000000
04.318043042196626047
03.430657143702921630
03.164217188500972444
03.211932142841001703
03.602346573562458687
04.731013722749375816
08.000000000000000000
07.000000000000000000
04.689459273250443871
04.037893120659016510
03.859852141547603033
03.890067570307590650
04.154062707304551516
05.013109174241469290
08.000000000000000000
06.000000000000000000
06.000000000000000000
06.000000000000000000
06.000000000000000000
06.000000000000000000
06.000000000000000000
06.000000000000000000
06.000000000000000000
05.000000000000000000
05.000000000000000000
05.000000000000000000
05.000000000000000000
05.000000000000000000
05.000000000000000000
05.000000000000000000
05.000000000000000000
07.000000000000000000
04.360554769528516061
03.616646861522379464
03.412188574370051963
03.442205460651492466
03.732341536615223276
04.683784483297944945
08.000000000000000000
07.000000000000000000
04.189553539882086675
03.238716607965467453
02.948040249927785350
02.995399983165687452
03.409560199189079821
04.601781871576687166
08.000000000000000000
07.000000000000000000
04.142818631734552781
03.134881430770759536
02.815544631270030962
02.870948106972588842
03.328205758701721528
04.582035714846668384
08.000000000000000000
07.000000000000000000
04.135611086935680802
03.116506762591239710
02.790945534243193471
02.849339900833477213
03.317600538405099719
04.582823889711943544
08.000000000000000000
07.000000000000000000
04.149388208076719486
03.139568681051688515
02.818354301170761911
02.876748667761046541
03.340662456865548080
04.596601010852983116
08.000000000000000000
07.000000000000000000
04.193036079805812832
03.216106896672465076
02.910387640486342686
02.965791116188901455
03.409431224603427069
04.632253162917927547
08.000000000000000000
07.000000000000000000
04.314407877223458421
03.424738121578443817
03.157189760896872421
03.204549494134773191
03.595581712802055740
04.726636208918058912
08.000000000000000000
07.000000000000000000
04.687253592004262615
04.034318565008733870
03.855625071767315060
03.885641958048755562
04.150013240101576351
05.010483305773690610
08.000000000000000000
06.000000000000000000
06.000000000000000000
06.000000000000000000
06.000000000000000000
06.000000000000000000
06.000000000000000000
06.000000000000000000
06.000000000000000000
05.000000000000000000
05.000000000000000000
05.000000000000000000
05.000000000000000000
05.000000000000000000
05.000000000000000000
05.000000000000000000
05.000000000000000000
07.000000000000000000
04.356425152529398659
03.610838222114345353
03.405841367111766438
03.435307992157883739
03.725164213345958153
04.678355765367024688
08.000000000000000000
07.000000000000000000
04.182674817395040989
03.228867714426690849
02.937154965974458687
02.983546549957635463
03.397323228591412558
04.592671938536394549
08.000000000000000000
07.000000000000000000
04.134342208953779796
03.122542199285189835
02.801755575662356446
02.855937389466715715
03.312872491234568173
04.570793713096853672
08.000000000000000000
07.000000000000000000
04.126215427239012357
03.102646941743137710
02.775326426045412909
02.832385032324724605
03.300477756965773501
04.570431090944372166
08.000000000000000000
07.000000000000000000
04.139510189339200785
03.124859663682612698
02.801694236481675926
02.858752842760987178
03.322690478905248934
04.583725853044559706
08.000000000000000000
07.000000000000000000
04.183201746201297588
03.201388928296324377
02.893692236942826401
02.947874050747186114
03.391719220245701827
04.619653250344372353
08.000000000000000000
07.000000000000000000
04.305661570964021578
03.411651345299641314
03.142374300253961472
03.188765884237138692
03.580106859464363023
04.715658692105375138
08.000000000000000000
07.000000000000000000
04.681598520219663939
04.025906014622968598
03.846146297877835796
03.875612922923953096
04.140232005854581843
05.003529133057289968
08.000000000000000000
06.000000000000000000
06.000000000000000000
06.000000000000000000
06.000000000000000000
06.000000000000000000
06.000000000000000000
06.000000000000000000
06.000000000000000000
05.000000000000000000
05.000000000000000000
05.000000000000000000
05.000000000000000000
05.000000000000000000
05.000000000000000000
05.000000000000000000
05.000000000000000000
07.000000000000000000
04.347422508134282992
03.601821805824436673
03.398103996325306575
03.426125831927873122
03.712307914968520528
04.665219051275752982
08.000000000000000000
07.000000000000000000
04.169317022267700956
03.215381010702401010
02.925564803210206399
02.969474549044036848
03.377340559154739630
04.572528465368584705
08.000000000000000000
07.000000000000000000
04.119011723622584498
03.106736834621486310
02.787906722546885874
02.839018451925397368
03.289117535479455512
04.547320250929732133
08.000000000000000000
07.000000000000000000
04.109681169864933814
03.085062345751957036
02.759456499374260741
02.813193802370435037
03.274337475198745739
04.545211546940016945
08.000000000000000000
07.000000000000000000
04.121918044824875338
03.105434005465421254
02.783585044123980445
02.837322347120155186
03.294709134912208626
04.557448421899959357
08.000000000000000000
07.000000000000000000
04.164730943085410253
03.180168251187132533
02.873294365128919114
02.924406094507431053
03.362548952045101736
04.593039470392556112
08.000000000000000000
07.000000000000000000
04.287510644286196104
03.390058797898374277
03.121094369693251380
03.165004115527080941
03.552018346350712008
04.690722087387080741
08.000000000000000000
07.000000000000000000
04.668054396146989582
04.009443692312843588
03.829657626013868388
03.857679461616434047
04.119929801456924778
04.985850939288458683
08.000000000000000000
06.000000000000000000
06.000000000000000000
06.000000000000000000
06.000000000000000000
06.000000000000000000
06.000000000000000000
06.000000000000000000
06.000000000000000000
05.000000000000000000
05.000000000000000000
05.000000000000000000
05.000000000000000000
05.000000000000000000
05.000000000000000000
05.000000000000000000
05.000000000000000000
07.000000000000000000
04.325653158205397197
03.595643195084768706
03.402830439753986358
03.427210053005740331
03.695365810061112199
04.629100628890849833
08.000000000000000000
07.000000000000000000
04.143947417997680738
03.214266613974032794
02.941412768625843555
02.979262472479517587
03.358796432188606573
04.525155615747053162
08.000000000000000000
07.000000000000000000
04.093570457660485218
03.108929762506771333
02.809412581073990278
02.853205736721370123
03.270617290136036193
04.496551173215075359
08.000000000000000000
07.000000000000000000
04.083562336932128112
03.086988981501765483
02.781080909162015669
02.826996076598660146
03.254316095612220572
04.492577703673451772
08.000000000000000000
07.000000000000000000
04.093629187041599060
03.103645188165900404
02.800737408237242043
02.846652575673886965
03.270972302276354604
04.502644553782923609
08.000000000000000000
07.000000000000000000
04.132329266288421010
03.170636783029926686
02.880822631234104758
02.924615786881484158
03.332324310659191546
04.535309981843010263
08.000000000000000000
07.000000000000000000
04.249707959848182171
03.368723763815288041
03.113296012635846211
03.151145716489519799
03.513253582029862265
04.630916157597553706
08.000000000000000000
07.000000000000000000
04.631270332016235614
03.980203450365278783
03.808165015293472067
03.832544628545225596
04.079926065341623165
04.934717802701689138
08.000000000000000000
06.000000000000000000
06.000000000000000000
06.000000000000000000
06.000000000000000000
06.000000000000000000
06.000000000000000000
06.000000000000000000
06.000000000000000000
05.000000000000000000
05.000000000000000000
05.000000000000000000
05.000000000000000000
05.000000000000000000
05.000000000000000000
05.000000000000000000
05.000000000000000000
07.000000000000000000
04.259652180496933838
03.636959873306568891
03.491304112375651858
03.507243161384390628
03.707290504352636518
04.507231968826331148
08.000000000000000000
07.000000000000000000
04.094448749218557282
03.317537687848271855
03.114926666584883819
03.139288126494697018
03.417218390585286425
04.397861259651376642
08.000000000000000000
07.000000000000000000
04.054197022706765630
03.237800632882857688
03.017031418631996420
03.044965167553989716
03.348081497344461699
04.371819801843210840
08.000000000000000000
07.000000000000000000
04.046278947023028927
03.221432651865396402
02.996318836569017652
03.025493632554005607
03.335066586649222398
04.367605815523124768
08.000000000000000000
07.000000000000000000
04.052338994648803094
03.231371617279647168
03.007991508783376844
03.037166304768365244
03.345005552063473608
04.373665863148898936
08.000000000000000000
07.000000000000000000
04.078664661030457772
03.276205964211193589
03.061160553589990396
03.089094302511983248
03.386486828672797600
04.396287440166902982
08.000000000000000000
07.000000000000000000
04.168206540658063730
03.422829985135724673
03.230931793269235186
03.255293253179047941
03.522510687872739688
04.471619051090883090
08.000000000000000000
07.000000000000000000
04.508433124188292673
03.942215039778269592
03.810151253864946685
03.826090302873685900
04.012545670824336774
04.756012912517689983
08.000000000000000000
06.000000000000000000
06.000000000000000000
06.000000000000000000
06.000000000000000000
06.000000000000000000
06.000000000000000000
06.000000000000000000
06.000000000000000000
04.000000000000000000
04.000000000000000000
04.000000000000000000
04.000000000000000000
04.000000000000000000
04.000000000000000000
04.000000000000000000
04.000000000000000000
04.000000000000000000
04.000000000000000000
04.000000000000000000
04.000000000000000000
04.000000000000000000
04.000000000000000000
04.000000000000000000
04.000000000000000000
04.000000000000000000
04.000000000000000000
04.000000000000000000
04.000000000000000000
04.000000000000000000
04.000000000000000000
04.000000000000000000
04.000000000000000000
04.000000000000000000
04.000000000000000000
04.000000000000000000
04.000000000000000000
04.000000000000000000
04.000000000000000000
04.000000000000000000
04.000000000000000000
04.000000000000000000
04.000000000000000000
04.000000000000000000
04.000000000000000000
04.000000000000000000
04.000000000000000000
04.000000000000000000
04.000000000000000000
04.000000000000000000
04.000000000000000000
04.000000000000000000
04.000000000000000000
04.000000000000000000
04.000000000000000000
04.000000000000000000
04.000000000000000000
04.000000000000000000
04.000000000000000000
04.000000000000000000
04.000000000000000000
04.000000000000000000
04.000000000000000000
04.000000000000000000
04.000000000000000000
04.000000000000000000
04.000000000000000000
04.000000000000000000
04.000000000000000000
04.000000000000000000
04.000000000000000000
04.000000000000000000
04.000000000000000000
04.000000000000000000
04.000000000000000000
04.000000000000000000
04.000000000000000000
04.000000000000000000
04.000000000000000000
04.000000000000000000
04.000000000000000000
04.000000000000000000
04.000000000000000000
04.000000000000000000
04.000000000000000000
04.000000000000000000
04.000000000000000000
04.000000000000000000
04.000000000000000000
03.000000000000000000
03.000000000000000000
03.000000000000000000
03.000000000000000000
03.000000000000000000
03.000000000000000000
03.000000000000000000
03.000000000000000000
03.000000000000000000
03.000000000000000000
03.000000000000000000
03.000000000000000000
03.000000000000000000
03.000000000000000000
03.000000000000000000
03.000000000000000000
03.000000000000000000
03.000000000000000000
03.000000000000000000
03.000000000000000000
03.000000000000000000
03.000000000000000000
03.000000000000000000
03.000000000000000000
03.000000000000000000
03.000000000000000000
03.000000000000000000
03.000000000000000000
03.000000000000000000
03.000000000000000000
03.000000000000000000
03.000000000000000000
03.000000000000000000
03.000000000000000000
03.000000000000000000
03.000000000000000000
03.000000000000000000
03.000000000000000000
03.000000000000000000
03.000000000000000000
03.000000000000000000
03.000000000000000000
03.000000000000000000
03.000000000000000000
03.000000000000000000
03.000000000000000000
03.000000000000000000
03.000000000000000000
03.000000000000000000
03.000000000000000000
03.000000000000000000
03.000000000000000000
03.000000000000000000
03.000000000000000000
03.000000000000000000
03.000000000000000000
03.000000000000000000
03.000000000000000000
03.000000000000000000
03.000000000000000000
03.000000000000000000
03.000000000000000000
03.000000000000000000
03.000000000000000000
03.000000000000000000
03.000000000000000000
03.000000000000000000
03.000000000000000000
03.000000000000000000
03.000000000000000000
03.000000000000000000
03.000000000000000000
03.000000000000000000
03.000000000000000000
03.000000000000000000
03.000000000000000000
03.000000000000000000
03.000000000000000000
03.000000000000000000
03.000000000000000000
05.000000000000000000
05.000000000000000000
05.000000000000000000
05.000000000000000000
05.000000000000000000
05.000000000000000000
05.000000000000000000
05.000000000000000000
07.000000000000000000
04.714022157761792009
04.046058603663537312
03.861994346108434506
03.886374099431327167
04.145781533931633511
05.017469881870774806
08.000000000000000000
07.000000000000000000
04.594193972244251079
03.742167999219455865
03.480438110091060189
03.518288075659470771
03.886698406510251225
04.975402643448076034
08.000000000000000000
07.000000000000000000
04.552213867060107333
03.647328890220944864
03.358921748789736927
03.402715254735235728
03.809017206273440426
04.955195216246115031
08.000000000000000000
07.000000000000000000
04.542712210134755679
03.625695230936293534
03.330601136953796448
03.376516701044562030
03.793023237776401491
04.951728294305363320
08.000000000000000000
07.000000000000000000
04.552779376278436096
03.642352006650260599
03.350258345201861054
03.396173909292626636
03.809680013490369888
04.961795460449042849
08.000000000000000000
07.000000000000000000
04.590973479167637983
03.709037357450232442
03.430333601858479575
03.474127107803978820
03.870725673502726671
04.993954828353647457
08.000000000000000000
07.000000000000000000
04.699955433604772637
03.896626804617781659
03.652323417217253620
03.690173382785663314
04.041157211908577018
05.081164104808597592
08.000000000000000000
07.000000000000000000
05.019639935208958015
04.430619945734057374
04.267330275937784911
04.291710029260677572
04.530342876002151797
05.323087659317940812
08.000000000000000000
06.000000000000000000
06.000000000000000000
06.000000000000000000
06.000000000000000000
06.000000000000000000
06.000000000000000000
06.000000000000000000
06.000000000000000000
05.000000000000000000
05.000000000000000000
05.000000000000000000
05.000000000000000000
05.000000000000000000
05.000000000000000000
05.000000000000000000
05.000000000000000000
07.000000000000000000
05.151326476427207091
04.426534220389465979
04.193845682825684484
04.231729030688296866
04.571141569878303557
05.532599155458771456
08.000000000000000000
07.000000000000000000
05.096461061902354928
04.154940270474527075
03.818949178593126437
03.878622780665456737
04.369070656118624107
05.588544794448570663
08.000000000000000000
07.000000000000000000
05.060231266943317152
04.052064611778527947
03.679323489410741832
03.748964094152442250
04.294272646317292441
05.586234739035923269
08.000000000000000000
07.000000000000000000
05.052316727788895179
04.029146956419980441
03.647423302961120939
03.720712365999930604
04.280909836500574883
05.588259386021804609
08.000000000000000000
07.000000000000000000
05.069206813742362705
04.057312493404846343
03.680808659550836914
03.754097722589647024
04.309075373485440785
05.605149471975272135
08.000000000000000000
07.000000000000000000
05.122581409774100258
04.152603513946044878
03.796432420705777133
03.866073025447477551
04.394811548484810260
05.648584881866705487
08.000000000000000000
07.000000000000000000
05.251761924534183557
04.386718257554444556
04.079397830234711364
04.139071432307042109
04.600848643198541588
05.743845657080399292
08.000000000000000000
07.000000000000000000
05.536530938798689405
04.924731573136106988
04.724345015637299916
04.762228363499913186
05.069338922624944566
05.917803617830253771
08.000000000000000000
06.000000000000000000
06.000000000000000000
06.000000000000000000
06.000000000000000000
06.000000000000000000
06.000000000000000000
06.000000000000000000
06.000000000000000000
05.000000000000000000
05.000000000000000000
05.000000000000000000
05.000000000000000000
05.000000000000000000
05.000000000000000000
05.000000000000000000
05.000000000000000000
07.000000000000000000
05.283899935389985814
04.579288946374242109
04.343630595495995728
04.387585068668998112
04.741351389497315161
05.687196727669522112
08.000000000000000000
07.000000000000000000
05.277515367454054918
04.364911566063801374
04.024417783161504225
04.094271180846375202
04.607614816686822934
05.803937130278201906
08.000000000000000000
07.000000000000000000
05.256451105815491687
04.280652482456064334
03.903211285593457980
03.985214247384230468
04.557025596923823585
05.822364793483433942
08.000000000000000000
07.000000000000000000
05.254269916061828916
04.265771792173781662
03.880033151174194117
03.966571075078523467
04.553891685733713501
05.832168107111072253
08.000000000000000000
07.000000000000000000
05.274949834514736757
04.300451929114966987
03.921279099948701052
04.007817023853030847
04.588571822674897938
05.852848025563980094
08.000000000000000000
07.000000000000000000
05.330725957274311533
04.401396198432369289
04.044491589479532578
04.126494551270305955
04.677769312900128540
05.896639644942252900
08.000000000000000000
07.000000000000000000
05.453289694558496770
04.630319368235287669
04.324406573490022332
04.394259971174895085
04.873022618858310118
05.979711457382642870
08.000000000000000000
07.000000000000000000
05.692349995331706936
05.113774498069686203
04.915717304158460976
04.959671777331463360
05.275836941192761032
06.095646787611244122
08.000000000000000000
06.000000000000000000
06.000000000000000000
06.000000000000000000
06.000000000000000000
06.000000000000000000
06.000000000000000000
06.000000000000000000
06.000000000000000000
05.000000000000000000
05.000000000000000000
05.000000000000000000
05.000000000000000000
05.000000000000000000
05.000000000000000000
05.000000000000000000
05.000000000000000000
07.000000000000000000
05.331978632687905062
04.646763026916501005
04.416829083992249494
04.463272469928291741
04.815337550009147094
05.742074269956635391
08.000000000000000000
07.000000000000000000
05.352078676534574697
04.471175402404530708
04.140624248548965269
04.214775180661490595
04.724971631119268878
05.889778434928730100
08.000000000000000000
07.000000000000000000
05.343180177081430671
04.405629290014427824
04.040791928240810904
04.128132711106579755
04.695647277437435818
05.922723785981241384
08.000000000000000000
07.000000000000000000
05.346342754827981381
04.399401958988175210
04.027811383390881517
04.120136100982348282
04.702244571255021377
05.938827200603875589
08.000000000000000000
07.000000000000000000
05.368910028759304787
04.437374784588846488
04.073068678171685164
04.165393395763151929
04.740217396855692655
05.961394474535197219
08.000000000000000000
07.000000000000000000
05.422993260146853345
04.535956746727299205
04.193687845478375920
04.281028628344144771
04.825974734150307199
06.002536869046663170
08.000000000000000000
07.000000000000000000
05.536110140015849446
04.750628017128619263
04.457459625027942351
04.531610557140466788
05.004424245843358321
06.073809898410005736
08.000000000000000000
07.000000000000000000
05.747981577426403810
05.193752117732229223
05.003689176186922438
05.050132562122964686
05.362326640824874424
06.158077214695133250
08.000000000000000000
06.000000000000000000
06.000000000000000000
06.000000000000000000
06.000000000000000000
06.000000000000000000
06.000000000000000000
06.000000000000000000
06.000000000000000000
05.000000000000000000
05.000000000000000000
05.000000000000000000
05.000000000000000000
05.000000000000000000
05.000000000000000000
05.000000000000000000
05.000000000000000000
07.000000000000000000
05.352055225360258461
04.678505407614323985
04.453593136580466627
04.501008717356915767
04.849477188298329189
05.764389534485058419
08.000000000000000000
07.000000000000000000
05.385846130465198556
04.525116618271519897
04.203477697249986988
04.279344929544642184
04.783113616338626528
05.927414818938728125
08.000000000000000000
07.000000000000000000
05.384649183444363274
04.472407002685925725
04.118993236154191884
04.208505996572758256
04.767710177833763829
05.969010922591648338
08.000000000000000000
07.000000000000000000
05.391510077166459247
04.472488926299448941
04.113663295026997346
04.208366573544510381
04.781102140191236138
05.989228537280450126
08.000000000000000000
07.000000000000000000
05.414952483669186911
04.512004728710508061
04.160813931675710897
04.255517210193223931
04.820617942602295258
06.012670943783177790
08.000000000000000000
07.000000000000000000
05.466909070706280183
04.607029327825683751
04.277143687990257348
04.366656448408823721
04.902332502973520967
06.051270809853565247
08.000000000000000000
07.000000000000000000
05.573197576385291896
04.810343547249420482
04.527336153341282809
04.603203385635938005
05.068340545316527113
06.114766264858820577
08.000000000000000000
07.000000000000000000
05.770718868631155019
05.230059771706512706
05.045960517159733705
05.093376097936182845
05.401031552390518797
06.183053177755954977
08.000000000000000000
06.000000000000000000
06.000000000000000000
06.000000000000000000
06.000000000000000000
06.000000000000000000
06.000000000000000000
06.000000000000000000
06.000000000000000000
05.000000000000000000
05.000000000000000000
05.000000000000000000
05.000000000000000000
05.000000000000000000
05.000000000000000000
05.000000000000000000
05.000000000000000000
07.000000000000000000
05.360942965825898909
04.693474850104852436
04.471566654514932182
04.519339453256255190
04.865296989174556330
05.774023283838674026
08.000000000000000000
07.000000000000000000
05.401495015782241005
04.551615324367008775
04.235400419867358046
04.311908184928313403
04.811130922915928920
05.944386461075735539
08.000000000000000000
07.000000000000000000
05.404543959233349959
04.506247351092234510
04.159878408556227924
04.250213230849134050
04.803492834709847337
05.990587804906594371
08.000000000000000000
07.000000000000000000
05.413545203581444198
04.510071205023567842
04.159147395924876811
04.254758059624618838
04.820824393022332899
06.013111396691028787
08.000000000000000000
07.000000000000000000
05.437357097460578714
04.550242932506978200
04.207106798889576282
04.302717462589317421
04.860996120505743257
06.036923290570162415
08.000000000000000000
07.000000000000000000
05.487805550287154333
04.642643566737527649
04.320212384209180634
04.410547206502087647
04.939889050355141364
06.073849395960397857
08.000000000000000000
07.000000000000000000
05.590128563375665216
04.839101627586596344
04.562030853935591601
04.638538618996546070
05.098617226135515601
06.133020008669159751
08.000000000000000000
07.000000000000000000
05.780558786165461704
05.246695965150622420
05.065970127384414212
05.113742926125738109
05.418518104220325426
06.193639104178236821
08.000000000000000000
06.000000000000000000
06.000000000000000000
06.000000000000000000
06.000000000000000000
06.000000000000000000
06.000000000000000000
06.000000000000000000
06.000000000000000000
05.000000000000000000
05.000000000000000000
05.000000000000000000
05.000000000000000000
05.000000000000000000
05.000000000000000000
05.000000000000000000
05.000000000000000000
07.000000000000000000
05.364369223712665224
04.699432225241769956
04.478846701606702396
04.526709058539465147
04.871463997167229110
05.777628262047755925
08.000000000000000000
07.000000000000000000
05.407670309016170407
04.562380933035265151
04.248578616001485564
04.325248334873360356
04.822274658433792105
05.950882752324504921
08.000000000000000000
07.000000000000000000
05.412542003270083946
04.520223134196013959
04.177012363368467263
04.267556695742123374
04.817956674597910549
05.998998661592838566
08.000000000000000000
07.000000000000000000
05.422471528190688339
04.525690440825036021
04.178313218026487696
04.274156195966753558
04.836984134668489865
06.022493997833234580
08.000000000000000000
07.000000000000000000
05.446384104322143038
04.566041513983304156
04.226494303581114664
04.322337281521381414
04.877335207826758001
06.046406573964687503
08.000000000000000000
07.000000000000000000
05.496072400598293939
04.657097419776312641
04.337936601346402909
04.428480933720059909
04.954830960178209232
06.082529058921046783
08.000000000000000000
07.000000000000000000
05.596638253223605197
04.850460155754911185
04.575939568841596028
04.652609287713470820
05.110353881153438138
06.139850696531940599
08.000000000000000000
07.000000000000000000
05.784224782459376435
05.253076767177786266
05.073770499510019683
05.121632856442782433
05.425108539103242755
06.197483820794466247
08.000000000000000000
06.000000000000000000
06.000000000000000000
06.000000000000000000
06.000000000000000000
06.000000000000000000
06.000000000000000000
06.000000000000000000
06.000000000000000000
05.000000000000000000
05.000000000000000000
05.000000000000000000
05.000000000000000000
05.000000000000000000
05.000000000000000000
05.000000000000000000
05.000000000000000000
07.000000000000000000
05.364233975549137057
04.699288178604076549
04.478712110068861385
04.526484908810184393
04.871110317673781331
05.777314293561911285
08.000000000000000000
07.000000000000000000
05.407460414087729816
04.562167817320114338
04.248383278523668594
04.324891043584623951
04.821683415869033595
05.950351859381224351
08.000000000000000000
07.000000000000000000
05.412290926247834477
04.519968066075815472
04.176773168930274061
04.267107991223181074
04.817213549693429187
05.998334771921079778
08.000000000000000000
07.000000000000000000
05.422160244888387659
04.525339452559964393
04.177956263212841748
04.273566926912583774
04.836092640558730338
06.021726437997971360
08.000000000000000000
07.000000000000000000
05.445972138767522175
04.565511180043374750
04.225915666177542107
04.321526329877282357
04.876264368042140696
06.045538331877105875
08.000000000000000000
07.000000000000000000
05.495552517301638851
04.656364281721110387
04.337107144583226770
04.427441966876133783
04.953609765338723214
06.081596362974882375
08.000000000000000000
07.000000000000000000
05.596093961681154028
04.849654120539701907
04.575013712591902149
04.651521477652856618
05.109169719088620276
06.138985406974648562
08.000000000000000000
07.000000000000000000
05.783849795888700740
05.252509293649846533
05.073115582938343415
05.120888381679667312
05.424331432719550428
06.196930113901474968
08.000000000000000000
06.000000000000000000
06.000000000000000000
06.000000000000000000
06.000000000000000000
06.000000000000000000
06.000000000000000000
06.000000000000000000
06.000000000000000000
05.000000000000000000
05.000000000000000000
05.000000000000000000
05.000000000000000000
05.000000000000000000
05.000000000000000000
05.000000000000000000
05.000000000000000000
07.000000000000000000
05.360452113817593123
04.693148218956784135
04.471442267477875987
04.518857848254326015
04.864119999640790226
05.772786422942393969
08.000000000000000000
07.000000000000000000
05.400816332462506253
04.551296590415793375
04.235446685619497664
04.311313917914151972
04.809293588482901782
05.942385020936034934
08.000000000000000000
07.000000000000000000
05.403814661681280995
04.505998813343499165
04.160072322943277889
04.249585083361843374
04.801301988491337269
05.988176400828566948
08.000000000000000000
07.000000000000000000
05.412656874106273719
04.509596394172495692
04.159076342692785033
04.253779621210297179
04.818209608064282889
06.010375334220265486
08.000000000000000000
07.000000000000000000
05.436099280609003159
04.549112196583554812
04.206226979341498584
04.300930257859009842
04.857725410475341121
06.033817740722993150
08.000000000000000000
07.000000000000000000
05.486074548943197904
04.640621138483257191
04.318222774779345130
04.407735535197909726
04.935924313631094407
06.070436288090482968
08.000000000000000000
07.000000000000000000
05.588167778382600481
04.836523519393694848
04.559305141710793485
04.635172374005447793
05.094520517460802367
06.129736466856130050
08.000000000000000000
07.000000000000000000
05.779115757088490568
05.244702583048971967
05.063809648057144841
05.111225228833592205
05.415674363732978946
06.191450066213289638
08.000000000000000000
06.000000000000000000
06.000000000000000000
06.000000000000000000
06.000000000000000000
06.000000000000000000
06.000000000000000000
06.000000000000000000
06.000000000000000000
05.000000000000000000
05.000000000000000000
05.000000000000000000
05.000000000000000000
05.000000000000000000
05.000000000000000000
05.000000000000000000
05.000000000000000000
07.000000000000000000
05.350668174482042794
04.678467460240702813
04.454838847229098064
04.501282233165140312
04.847041983333348902
05.760763811750772234
08.000000000000000000
07.000000000000000000
05.384316317504718619
04.526198853874424444
04.206822020219681768
04.280972952332206205
04.779995082589163502
05.922016075898874909
08.000000000000000000
07.000000000000000000
05.383393076827021950
04.474563446054869331
04.123942659465231309
04.211283442331001048
04.764581433477877326
05.962936685726833552
08.000000000000000000
07.000000000000000000
05.390113744562041731
04.474594482578109655
04.118630579042684481
04.210955296634150358
04.777437094844956711
05.982598190337935939
08.000000000000000000
07.000000000000000000
05.412681018493366025
04.512567308178780934
04.163887873823487240
04.256212591414954005
04.815409920445627989
06.005165464269259346
08.000000000000000000
07.000000000000000000
05.463206159892444624
04.604890902767740712
04.276838576702797212
04.364179359568566063
04.894908890190748707
06.042749768792255338
08.000000000000000000
07.000000000000000000
05.568347780985995144
04.805651468598512999
04.523657396698658850
04.597808328811183287
05.059447697313252057
06.106047539380150546
08.000000000000000000
07.000000000000000000
05.766671119220541541
05.225456551056431032
05.041698939423771897
05.088142325359813256
05.394031074149076233
06.176766756489270982
08.000000000000000000
06.000000000000000000
06.000000000000000000
06.000000000000000000
06.000000000000000000
06.000000000000000000
06.000000000000000000
06.000000000000000000
06.000000000000000000
05.000000000000000000
05.000000000000000000
05.000000000000000000
05.000000000000000000
05.000000000000000000
05.000000000000000000
05.000000000000000000
05.000000000000000000
07.000000000000000000
05.326768846323663986
04.648277367494253021
04.424009282951731237
04.467963756124733621
04.810339810617326961
05.730065638603200284
08.000000000000000000
07.000000000000000000
05.347237626568952962
04.478525608739096775
04.157643688373141799
04.227497086058013664
04.721228859362119223
05.873659389393099062
08.000000000000000000
07.000000000000000000
05.339980918714922531
04.417826626471107687
04.064757928275936294
04.146760890066708782
04.694199740938866938
05.905894606382863898
08.000000000000000000
07.000000000000000000
05.343425313496521056
04.412700281925093115
04.053419797932509283
04.139957721836839077
04.700820175485024066
05.921323504545764393
08.000000000000000000
07.000000000000000000
05.364105231949428898
04.447380418866277552
04.094665746707016218
04.181203670611345125
04.735500312426209391
05.942003422998671347
08.000000000000000000
07.000000000000000000
05.414255770173742377
04.538570342447412642
04.206038232162010893
04.288041193952784269
04.814943456915171893
05.980169457841683744
08.000000000000000000
07.000000000000000000
05.523011953673393926
04.743933410910583071
04.457632478701661682
04.527485876386532659
04.986636661533604631
06.049433716497540026
08.000000000000000000
07.000000000000000000
05.735218906265385996
05.182762919189698003
04.996095991614195597
05.040050464787197981
05.344825362312771055
06.138515698544923183
08.000000000000000000
06.000000000000000000
06.000000000000000000
06.000000000000000000
06.000000000000000000
06.000000000000000000
06.000000000000000000
06.000000000000000000
06.000000000000000000
05.000000000000000000
05.000000000000000000
05.000000000000000000
05.000000000000000000
05.000000000000000000
05.000000000000000000
05.000000000000000000
05.000000000000000000
07.000000000000000000
05.258982828672195353
04.584375661561129078
04.369919609910423830
04.407802957773036212
04.728983011049967544
05.640255507703757942
08.000000000000000000
07.000000000000000000
05.255118186150889770
04.392713357633263982
04.086824660849609714
04.146498262921940459
04.606843743277361014
05.747201918697105505
08.000000000000000000
07.000000000000000000
05.239986532413252185
04.324592157276585525
03.988140272336337944
04.057780877078038806
04.566800191815350018
05.765990004505859190
08.000000000000000000
07.000000000000000000
05.239568347909766999
04.314394176667839531
03.971474740519860713
04.044763803558670823
04.566157056748433973
05.775511006142677317
08.000000000000000000
07.000000000000000000
05.256458433863236301
04.342559713652705433
04.004860097109577133
04.078149160148386798
04.594322593733299875
05.792401092096144843
08.000000000000000000
07.000000000000000000
05.302336675244035291
04.425131059444102455
04.105249203631371913
04.174889808373072775
04.667339093982867837
05.828340147336641408
08.000000000000000000
07.000000000000000000
05.410419048782718399
04.624491344713182350
04.347273312491195085
04.406946914563525830
04.838621730357278494
05.902502781328934134
08.000000000000000000
07.000000000000000000
05.644187291043677668
05.082573014307770087
04.900418942722040150
04.938302290584651644
05.227180363796607665
06.025459970075241145
08.000000000000000000
06.000000000000000000
06.000000000000000000
06.000000000000000000
06.000000000000000000
06.000000000000000000
06.000000000000000000
06.000000000000000000
06.000000000000000000
05.000000000000000000
05.000000000000000000
05.000000000000000000
05.000000000000000000
05.000000000000000000
05.000000000000000000
05.000000000000000000
05.000000000000000000
07.000000000000000000
05.020372951187890287
04.431933358215592200
04.268961024617203392
04.293340777940096942
04.531656288483687511
05.323820675296873084
08.000000000000000000
07.000000000000000000
04.980664112888656625
04.242634944429815036
04.013756995623109169
04.051606961191517975
04.387165351720609507
05.361872784092482469
08.000000000000000000
07.000000000000000000
04.962027794494088262
04.184268326178465891
03.934064264591350391
03.977857770536850079
04.345956642230959233
05.365009143680097736
08.000000000000000000
07.000000000000000000
04.959326638918363450
04.173830360487175817
03.918927407749371206
03.964842971840136343
04.341158367327284218
05.368342723088971979
08.000000000000000000
07.000000000000000000
04.969393805062043867
04.190487136201143770
03.938584615997435812
03.984500180088200949
04.357815143041252171
05.378409889232651508
08.000000000000000000
07.000000000000000000
05.000787406601620688
04.245976793407751693
04.005476117660093038
04.049269623605592727
04.407665109460246811
05.403768755787630163
08.000000000000000000
07.000000000000000000
05.086425574249178183
04.397093749828139941
04.185642302749300825
04.223492268317710518
04.541624157118936189
05.467634245453004027
08.000000000000000000
07.000000000000000000
05.325990728635056293
04.816494700286110486
04.674296954446554686
04.698676707769446459
04.916217630554205797
05.629438452744039978
08.000000000000000000
06.000000000000000000
06.000000000000000000
06.000000000000000000
06.000000000000000000
06.000000000000000000
06.000000000000000000
06.000000000000000000
06.000000000000000000
04.000000000000000000
04.000000000000000000
04.000000000000000000
04.000000000000000000
04.000000000000000000
04.000000000000000000
04.000000000000000000
04.000000000000000000
04.000000000000000000
04.000000000000000000
04.000000000000000000
04.000000000000000000
04.000000000000000000
04.000000000000000000
04.000000000000000000
04.000000000000000000
04.000000000000000000
04.000000000000000000
04.000000000000000000
04.000000000000000000
04.000000000000000000
04.000000000000000000
04.000000000000000000
04.000000000000000000
04.000000000000000000
04.000000000000000000
04.000000000000000000
04.000000000000000000
04.000000000000000000
04.000000000000000000
04.000000000000000000
04.000000000000000000
04.000000000000000000
04.000000000000000000
04.000000000000000000
04.000000000000000000
04.000000000000000000
04.000000000000000000
04.000000000000000000
04.000000000000000000
04.000000000000000000
04.000000000000000000
04.000000000000000000
04.000000000000000000
04.000000000000000000
04.000000000000000000
04.000000000000000000
04.000000000000000000
04.000000000000000000
04.000000000000000000
04.000000000000000000
04.000000000000000000
04.000000000000000000
04.000000000000000000
04.000000000000000000
04.000000000000000000
04.000000000000000000
04.000000000000000000
04.000000000000000000
04.000000000000000000
04.000000000000000000
04.000000000000000000
04.000000000000000000
04.000000000000000000
04.000000000000000000
04.000000000000000000
04.000000000000000000
04.000000000000000000
04.000000000000000000
04.000000000000000000
04.000000000000000000
04.000000000000000000
04.000000000000000000
04.000000000000000000
04.000000000000000000
04.000000000000000000
04.000000000000000000
04.000000000000000000
04.000000000000000000
04.000000000000000000
03.000000000000000000
03.000000000000000000
03.000000000000000000
03.000000000000000000
03.000000000000000000
03.000000000000000000
03.000000000000000000
03.000000000000000000
03.000000000000000000
03.000000000000000000
03.000000000000000000
03.000000000000000000
03.000000000000000000
03.000000000000000000
03.000000000000000000
03.000000000000000000
03.000000000000000000
03.000000000000000000
03.000000000000000000
03.000000000000000000
03.000000000000000000
03.000000000000000000
03.000000000000000000
03.000000000000000000
03.000000000000000000
03.000000000000000000
03.000000000000000000
03.000000000000000000
03.000000000000000000
03.000000000000000000
03.000000000000000000
03.000000000000000000
03.000000000000000000
03.000000000000000000
03.000000000000000000
03.000000000000000000
03.000000000000000000
03.000000000000000000
03.000000000000000000
03.000000000000000000
03.000000000000000000
03.000000000000000000
03.000000000000000000
03.000000000000000000
03.000000000000000000
03.000000000000000000
03.000000000000000000
03.000000000000000000
03.000000000000000000
03.000000000000000000
03.000000000000000000
03.000000000000000000
03.000000000000000000
03.000000000000000000
03.000000000000000000
03.000000000000000000
03.000000000000000000
03.000000000000000000
03.000000000000000000
03.000000000000000000
03.000000000000000000
03.000000000000000000
03.000000000000000000
03.000000000000000000
03.000000000000000000
03.000000000000000000
03.000000000000000000
03.000000000000000000
03.000000000000000000
03.000000000000000000
03.000000000000000000
03.000000000000000000
03.000000000000000000
03.000000000000000000
03.000000000000000000
03.000000000000000000
03.000000000000000000
03.000000000000000000
03.000000000000000000
03.000000000000000000
05.000000000000000000
05.000000000000000000
05.000000000000000000
05.000000000000000000
05.000000000000000000
05.000000000000000000
05.000000000000000000
05.000000000000000000
07.000000000000000000
04.910537664987966622
04.293502014129628286
04.118593715420916901
04.146616234906569609
04.403989663596121318
05.228335447220328724
08.000000000000000000
07.000000000000000000
04.861317994644092089
04.084036514941359997
03.836864854943688563
03.880775877232196081
04.245998938171260839
05.264531750092524831
08.000000000000000000
07.000000000000000000
04.841463786589574880
04.020602388526625326
03.749494433635664592
03.800607869536111849
04.202986932451481472
05.269775404777472083
08.000000000000000000
07.000000000000000000
04.839093193427917328
04.009797417478456083
03.733421431743010999
03.787160665661229775
04.199076895137437759
05.274627067438857786
08.000000000000000000
07.000000000000000000
04.851331542950766185
04.030171731744720098
03.757553284173623886
03.811292518091842219
04.219451209403700886
05.286865416961708419
08.000000000000000000
07.000000000000000000
04.887186758689367139
04.094040560450803667
03.834890493425369584
03.886003929325816397
04.276425104375659814
05.315498376877263453
08.000000000000000000
07.000000000000000000
04.979515918087322746
04.258722044918739513
04.032404068499834793
04.076315090788343198
04.420684468148640356
05.382729673535756376
08.000000000000000000
07.000000000000000000
05.231172381024369322
04.701128990884560821
04.550153686991020408
04.578176206476674004
04.811616640351053853
05.548970163256731425
08.000000000000000000
06.000000000000000000
06.000000000000000000
06.000000000000000000
06.000000000000000000
06.000000000000000000
06.000000000000000000
06.000000000000000000
06.000000000000000000
05.000000000000000000
05.000000000000000000
05.000000000000000000
05.000000000000000000
05.000000000000000000
05.000000000000000000
05.000000000000000000
05.000000000000000000
07.000000000000000000
05.439635433864429714
04.799753517413670956
04.585189238495915198
04.629144640904963914
04.961818053817603769
05.842933910421872490
08.000000000000000000
07.000000000000000000
05.498633337017777123
04.684610551990086691
04.377912849999245459
04.447767981545227123
04.927317708163561072
06.025058241961337657
08.000000000000000000
07.000000000000000000
05.501169177459095394
04.638184867408159384
04.300548518207605753
04.382553797232587200
04.914563201062319919
06.067087063637322863
08.000000000000000000
07.000000000000000000
05.506450578608299118
04.635697758296032589
04.292012045428085898
04.378552590689025692
04.923823555732944612
06.084353518637270142
08.000000000000000000
07.000000000000000000
05.527132469544230098
04.670381445929496778
04.333262418281687900
04.419802963542627694
04.958507243366408801
06.105035409573201122
08.000000000000000000
07.000000000000000000
05.575449050338840529
04.758937622141537815
04.441840083816164686
04.523845362841147022
05.035315955795699239
06.141366936517068886
08.000000000000000000
07.000000000000000000
05.674413422831925402
04.950028719359737650
04.677914554029041660
04.747769685575022436
05.192735875533212031
06.200838327775485936
08.000000000000000000
07.000000000000000000
05.848089281738829470
05.334245886606595377
05.157284440434109385
05.201239842843158101
05.496310423010529078
06.251387758296270469
08.000000000000000000
06.000000000000000000
06.000000000000000000
06.000000000000000000
06.000000000000000000
06.000000000000000000
06.000000000000000000
06.000000000000000000
06.000000000000000000
05.000000000000000000
05.000000000000000000
05.000000000000000000
05.000000000000000000
05.000000000000000000
05.000000000000000000
05.000000000000000000
05.000000000000000000
07.000000000000000000
05.611549806891121150
05.011234561655888875
04.800618068087917578
04.851944006763782902
05.194111811887295538
06.040275242540709577
08.000000000000000000
07.000000000000000000
05.741981129566710251
04.988710557783658572
04.689298938823815988
04.771584722235794551
05.265740063387645442
06.308446873557342904
08.000000000000000000
07.000000000000000000
05.770468896844371365
04.978148255312004444
04.650407055664409484
04.747576387488845029
05.295787168701684422
06.383230133790819494
08.000000000000000000
07.000000000000000000
05.785953986142915006
04.991088717264871022
04.659367035226709142
04.762196747665479180
05.323238705546849303
06.413250729986751608
08.000000000000000000
07.000000000000000000
05.811425079548236283
05.034032237295975598
04.710605349090276839
04.813435061529047765
05.366182225577953879
06.438721823392072885
08.000000000000000000
07.000000000000000000
05.859589961762547539
05.124161906630936514
04.822004213956684993
04.919173545781122314
05.441800820020615603
06.472351198708995668
08.000000000000000000
07.000000000000000000
05.942520109701680653
05.295077651914394501
05.037638858917993900
05.119924642329972464
05.572107157518382259
06.508985853692313306
08.000000000000000000
07.000000000000000000
06.047053086931501120
05.588369632193380454
05.421842068509524992
05.473168007185389428
05.771246882424787117
06.475778522581088659
08.000000000000000000
06.000000000000000000
06.000000000000000000
06.000000000000000000
06.000000000000000000
06.000000000000000000
06.000000000000000000
06.000000000000000000
06.000000000000000000
05.000000000000000000
05.000000000000000000
05.000000000000000000
05.000000000000000000
05.000000000000000000
05.000000000000000000
05.000000000000000000
05.000000000000000000
07.000000000000000000
05.676956117129527968
05.106457795024781809
04.906084403308730302
04.960512855752720718
05.297358767108901745
06.113885423520931006
08.000000000000000000
07.000000000000000000
05.845631463419019624
05.141951966104176819
04.860412273182211251
04.948078263385346176
05.432723309966585923
06.425806866537454809
08.000000000000000000
07.000000000000000000
05.892745981491573914
05.160917762694120725
04.855819984710011639
04.959696144004976048
05.495532491710367395
06.522166246591321936
08.000000000000000000
07.000000000000000000
05.916531019926632773
05.187559629675310369
04.881087356508706065
04.991202219296265064
05.538067574400405313
06.561704191579697643
08.000000000000000000
07.000000000000000000
05.944434805381375142
05.234756744351789948
04.937515532625233128
05.047630395412792126
05.585264689076882227
06.589607977034440012
08.000000000000000000
07.000000000000000000
05.988933507638337872
05.319196209182836199
05.042311346694710927
05.146187505989675337
05.653810938199081981
06.618353772738085006
08.000000000000000000
07.000000000000000000
06.056505790832995118
05.465977961365211968
05.229993216780479237
05.317659206983613274
05.756749305227623736
06.636681193951428526
08.000000000000000000
07.000000000000000000
06.121674522728163481
05.698951617589448126
05.545527117902193659
05.599955570346183187
05.889852589673568950
06.558603829119566520
08.000000000000000000
06.000000000000000000
06.000000000000000000
06.000000000000000000
06.000000000000000000
06.000000000000000000
06.000000000000000000
06.000000000000000000
06.000000000000000000
05.000000000000000000
05.000000000000000000
05.000000000000000000
05.000000000000000000
05.000000000000000000
05.000000000000000000
05.000000000000000000
05.000000000000000000
07.000000000000000000
05.705006665690234513
05.151611622563827098
04.958907811654838405
05.014576084981833937
05.345547935657936733
06.144735235282303698
08.000000000000000000
07.000000000000000000
05.893346511176465796
05.219470622683360261
04.951589442227771976
05.041451008176683679
05.515580862397198025
06.478383878585009192
08.000000000000000000
07.000000000000000000
05.951821025773668339
05.257584364395164300
04.970027997880970716
05.076690404743414931
05.598937996555228835
06.587320672090822171
08.000000000000000000
07.000000000000000000
05.981093298813418002
05.293656022599488864
05.006771588468366119
05.119942469663076423
05.651534873091984323
06.632884801053554824
08.000000000000000000
07.000000000000000000
06.010144493378447805
05.342879133787287849
05.065688366154716959
05.178859247349428152
05.700757984279783308
06.661935995618585515
08.000000000000000000
07.000000000000000000
06.051195659373442837
05.421467667668598445
05.163385458496078328
05.270047865358523431
05.762821299828662092
06.686695305690595781
08.000000000000000000
07.000000000000000000
06.108492631908800874
05.550946890489509400
05.330248351702920218
05.420109917651831921
05.847057130203348052
06.693529999317343382
08.000000000000000000
07.000000000000000000
06.153095260924739129
05.749911802584360743
05.605372989393568872
05.661041262720565292
05.943848115678471267
06.592823830516808314
08.000000000000000000
06.000000000000000000
06.000000000000000000
06.000000000000000000
06.000000000000000000
06.000000000000000000
06.000000000000000000
06.000000000000000000
06.000000000000000000
05.000000000000000000
05.000000000000000000
05.000000000000000000
05.000000000000000000
05.000000000000000000
05.000000000000000000
05.000000000000000000
05.000000000000000000
07.000000000000000000
05.717557795471749138
05.172927402465479219
04.984619812747960843
05.040751871784010518
05.367962977082394005
06.158243760712130310
08.000000000000000000
07.000000000000000000
05.915570222963546065
05.257390807660035748
04.997464608297140565
05.088159633540631610
05.555469204842973241
06.502310687953178459
08.000000000000000000
07.000000000000000000
05.980198644459868262
05.306197217420798751
05.028989371056207247
05.136723676008406514
05.650074110005776085
06.617870271367690016
08.000000000000000000
07.000000000000000000
06.012581133379019782
05.347724368628406388
05.072448657685439954
05.186804118808508335
05.708387014596032927
06.666762271890609881
08.000000000000000000
07.000000000000000000
06.042123188128342370
05.397819700837958479
05.132441641613098682
05.246797102736168839
05.758482346805585905
06.696304326639934246
08.000000000000000000
07.000000000000000000
06.080898388662355103
05.472429902679331271
05.225241178511285334
05.332975483463484601
05.816306795264307716
06.718570015570176857
08.000000000000000000
07.000000000000000000
06.132399277851895647
05.591837731981535775
05.379772323801456757
05.470467349044948691
05.889916129164473269
06.719139742841528928
08.000000000000000000
07.000000000000000000
06.166884593334495790
05.773400115799770305
05.633743096935466710
05.689875155971514609
05.968435690416685091
06.607570558574876074
08.000000000000000000
06.000000000000000000
06.000000000000000000
06.000000000000000000
06.000000000000000000
06.000000000000000000
06.000000000000000000
06.000000000000000000
06.000000000000000000
05.000000000000000000
05.000000000000000000
05.000000000000000000
05.000000000000000000
05.000000000000000000
05.000000000000000000
05.000000000000000000
05.000000000000000000
07.000000000000000000
05.722344317564122207
05.181279855724564065
04.994847825306372613
05.051097389321730802
05.376589676420465480
06.163262995123893973
08.000000000000000000
07.000000000000000000
05.924221782309380124
05.272523030439824510
05.016022884195625586
05.106930761231763150
05.571097049694508918
06.511381187935913140
08.000000000000000000
07.000000000000000000
05.991431084141342289
05.325884462582165746
05.053167107474594744
05.161177222491427408
05.670402242739525533
06.629642640360484229
08.000000000000000000
07.000000000000000000
06.025131308482539971
05.369748142411111758
05.099517451338112295
05.214179042271791964
05.731121310881253983
06.679909959662534646
08.000000000000000000
07.000000000000000000
06.054808122453326114
05.420083688747848072
05.159807507678937810
05.274469098612617479
05.781456857217990297
06.709586773633319901
08.000000000000000000
07.000000000000000000
06.092489505713189146
05.492755587677321749
05.250207663876252262
05.358217778893084926
05.837273367834681537
06.730701061932331974
08.000000000000000000
07.000000000000000000
06.141494587779090963
05.607757654194052144
05.399301877494713686
05.490209754530851249
05.906331673448735664
06.728653993405623979
08.000000000000000000
07.000000000000000000
06.171987254018900693
05.782311782316900128
05.644659017074246776
05.700908581089604077
05.977621603012804208
06.612905931578673346
08.000000000000000000
06.000000000000000000
06.000000000000000000
06.000000000000000000
06.000000000000000000
06.000000000000000000
06.000000000000000000
06.000000000000000000
06.000000000000000000
05.000000000000000000
05.000000000000000000
05.000000000000000000
05.000000000000000000
05.000000000000000000
05.000000000000000000
05.000000000000000000
05.000000000000000000
07.000000000000000000
05.721911982483285364
05.180631574717756038
04.994100182086562256
05.050232241122611043
05.375667149334670825
06.162597947723665648
08.000000000000000000
07.000000000000000000
05.923481190950722564
05.271406124126434278
05.014725836105419887
05.105420861348912709
05.569484521309371772
06.510221655940354957
08.000000000000000000
07.000000000000000000
05.990494469643630637
05.324457710063757787
05.051495892790792475
05.159230197742993518
05.668334602648734233
06.628166096551453279
08.000000000000000000
07.000000000000000000
06.024044839708364130
05.368068391785373983
05.097533633928708063
05.211889095051777332
05.728731037752998745
06.678225978219954229
08.000000000000000000
07.000000000000000000
06.053586894457687606
05.418163723994926073
05.157526617856368567
05.271882078979436059
05.778826369962552612
06.707768032969277705
08.000000000000000000
07.000000000000000000
06.091194213846116590
05.490690395322291195
05.247747700245871449
05.355482005198071604
05.834567287907267641
06.728865840753938343
08.000000000000000000
07.000000000000000000
06.140310245839073033
05.605853048447935194
05.397033551609736968
05.487728576853229789
05.903931445630873576
06.727050710828705427
08.000000000000000000
07.000000000000000000
06.171238780346031128
05.781104288052047124
05.643223466274067235
05.699355525310116022
05.976139862668961023
06.611924745586413188
08.000000000000000000
06.000000000000000000
06.000000000000000000
06.000000000000000000
06.000000000000000000
06.000000000000000000
06.000000000000000000
06.000000000000000000
06.000000000000000000
05.000000000000000000
05.000000000000000000
05.000000000000000000
05.000000000000000000
05.000000000000000000
05.000000000000000000
05.000000000000000000
05.000000000000000000
07.000000000000000000
05.715900899522502243
05.170665477339810856
04.982178187680109005
05.037846461007104537
05.364601790433923156
06.155629469114570540
08.000000000000000000
07.000000000000000000
05.912842716884015637
05.253655978266823290
04.993406341118913794
05.083267907067826386
05.549766217980661942
06.497880084292559033
08.000000000000000000
07.000000000000000000
05.976862655224666199
05.301582160261066434
05.023918690711824730
05.130581097574269833
05.642935792421130081
06.612362301541820031
08.000000000000000000
07.000000000000000000
06.008773526618007566
05.342341042333126566
05.066445157070757155
05.179616038265468347
05.700219892825622914
06.660565028858146164
08.000000000000000000
07.000000000000000000
06.037824721183039145
05.391564153520927327
05.125361934757108884
05.238532815951820076
05.749443004013421898
06.689616223423175967
08.000000000000000000
07.000000000000000000
06.076237288824441585
05.465465463534500579
05.217276151326933231
05.323938558189377446
05.806819095694562449
06.711736935141594529
08.000000000000000000
07.000000000000000000
06.127988837616348938
05.585132246072971540
05.372065250594062036
05.461926816542973739
05.881242485786809304
06.713026205024892334
08.000000000000000000
07.000000000000000000
06.163989494757005083
05.768965657360345389
05.628643365418839473
05.684311638745836781
05.962901970454457690
06.603718064349073380
08.000000000000000000
06.000000000000000000
06.000000000000000000
06.000000000000000000
06.000000000000000000
06.000000000000000000
06.000000000000000000
06.000000000000000000
06.000000000000000000
05.000000000000000000
05.000000000000000000
05.000000000000000000
05.000000000000000000
05.000000000000000000
05.000000000000000000
05.000000000000000000
05.000000000000000000
07.000000000000000000
05.700400318176572334
05.146445594476006136
04.954182663104514717
05.008611115548505133
05.337346566560126959
06.137329624567976261
08.000000000000000000
07.000000000000000000
05.886332609118611003
05.211760899044191930
04.944649042368698844
05.032315032571833768
05.502532242906603699
06.466508012237044412
08.000000000000000000
07.000000000000000000
05.943774419913580687
05.248788272890186235
04.962107519199062899
05.065983678494028197
05.583403001906432905
06.573194685013327820
08.000000000000000000
07.000000000000000000
05.972221952684365398
05.283646357896921053
04.997455253137394138
05.107570115924954024
05.634154302622015109
06.617395124337429380
08.000000000000000000
07.000000000000000000
06.000125738139106879
05.330843472573400632
05.053883429253921200
05.163998292041481086
05.681351417298494688
06.645298909792171749
08.000000000000000000
07.000000000000000000
06.039961946060344644
05.407066719378899933
05.148598881183762188
05.252475040478728374
05.741681448395148379
06.669382211160092666
08.000000000000000000
07.000000000000000000
06.097206936532584720
05.535786894305228856
05.314229985966966829
05.401895976170100866
05.826558238167638848
06.677382339651019905
08.000000000000000000
07.000000000000000000
06.145118723775208736
05.738939417040672453
05.593625377697978074
05.648053830141966714
05.929840389124793276
06.582048030166612662
08.000000000000000000
06.000000000000000000
06.000000000000000000
06.000000000000000000
06.000000000000000000
06.000000000000000000
06.000000000000000000
06.000000000000000000
06.000000000000000000
05.000000000000000000
05.000000000000000000
05.000000000000000000
05.000000000000000000
05.000000000000000000
05.000000000000000000
05.000000000000000000
05.000000000000000000
07.000000000000000000
05.662750320914768487
05.094391121810222245
04.897996672739215462
04.949322611415079898
05.277268372041628908
06.091475756564356914
08.000000000000000000
07.000000000000000000
05.826107258901167540
05.126950413844129528
04.852166209114718853
04.934451992526698305
05.403979919448118174
06.392573002891801970
08.000000000000000000
07.000000000000000000
05.871975850600561486
05.146178702411981831
04.849185178752561498
04.946354510576997932
05.463817615801661809
06.484737087547010503
08.000000000000000000
07.000000000000000000
05.894675951367875477
05.171667505806173182
04.873407004282739763
04.976236716721510689
05.503817494088152351
06.521972695211712079
08.000000000000000000
07.000000000000000000
05.920147044773196754
05.214611025837277758
04.924645318146309236
05.027475030585079274
05.546761014119255151
06.547443788617034244
08.000000000000000000
07.000000000000000000
05.961096915518737660
05.292192353730914789
05.020782337044837895
05.117951668869273441
05.609831267120595655
06.573858152465186677
08.000000000000000000
07.000000000000000000
06.026646239036137942
05.433317507974866345
05.200506129208894990
05.282791912620875330
05.710347013578854103
06.593111983026772371
08.000000000000000000
07.000000000000000000
06.098253600955147569
05.671526192347713824
05.519220673160821988
05.570546611836686424
05.854403442579121375
06.526979036604735107
08.000000000000000000
06.000000000000000000
06.000000000000000000
06.000000000000000000
06.000000000000000000
06.000000000000000000
06.000000000000000000
06.000000000000000000
06.000000000000000000
05.000000000000000000
05.000000000000000000
05.000000000000000000
05.000000000000000000
05.000000000000000000
05.000000000000000000
05.000000000000000000
05.000000000000000000
07.000000000000000000
05.560402958686472275
04.979029652519212590
04.786415992045512269
04.830371394454560985
05.141094188923145403
05.963701435243913274
08.000000000000000000
07.000000000000000000
05.678972104002908416
04.958177390869844103
04.688014409060860643
04.757869540606841419
05.200884547043319373
06.205397008946467174
08.000000000000000000
07.000000000000000000
05.707134627479624633
04.954262768054872978
04.660934386726050427
04.742939665751032763
05.230641101709033514
06.273052513657853879
08.000000000000000000
07.000000000000000000
05.721782323819796012
04.967743700933675122
04.671579709055388108
04.758120254316328790
05.255869498370588033
06.299685263848767924
08.000000000000000000
07.000000000000000000
05.742464214755727880
05.002427388567139310
04.712830081908990110
04.799370627169929904
05.290553186004051334
06.320367154784698016
08.000000000000000000
07.000000000000000000
05.781414500359370656
05.075015522788252298
04.802225952334609360
04.884231231359592584
05.351393856442411945
06.347332386537598126
08.000000000000000000
07.000000000000000000
05.854752189817056696
05.223595558239495062
04.988016113090656845
05.057871244636638508
05.466302714412970332
06.381177094760617230
08.000000000000000000
07.000000000000000000
05.968856806560870254
05.513522021712137899
05.358511193983707344
05.402466596392756060
05.675586558116071600
06.372155283118312141
08.000000000000000000
06.000000000000000000
06.000000000000000000
06.000000000000000000
06.000000000000000000
06.000000000000000000
06.000000000000000000
06.000000000000000000
06.000000000000000000
05.000000000000000000
05.000000000000000000
05.000000000000000000
05.000000000000000000
05.000000000000000000
05.000000000000000000
05.000000000000000000
05.000000000000000000
07.000000000000000000
05.232177177688464909
04.702930139552303324
04.552390714293095719
04.580413233778748427
04.813417789018796356
05.549974959920827011
08.000000000000000000
07.000000000000000000
05.271511105428642097
04.621648789236439292
04.412836978964493895
04.456748001253002300
04.783611212466339246
05.674724860877075727
08.000000000000000000
07.000000000000000000
05.278858922199984427
04.601141146168629348
04.374956989246394201
04.426070425146840570
04.783525690093486382
05.707170540387881630
08.000000000000000000
07.000000000000000000
05.284741425057370989
04.604018595143655190
04.375061935524381163
04.428801169442601271
04.793298072802636867
05.720275299068312336
08.000000000000000000
07.000000000000000000
05.296979774580220734
04.624392909409919206
04.399193787954994050
04.452933021873213271
04.813672387068899994
05.732513648591162969
08.000000000000000000
07.000000000000000000
05.324581894299775797
04.674579318092808577
04.460353049036098305
04.511466484936545562
04.856963862017664724
05.752893512487672112
08.000000000000000000
07.000000000000000000
05.389709028871874530
04.796334319213817921
04.608376192520641013
04.652287214809148530
04.958296742443717875
05.792922784320307272
08.000000000000000000
07.000000000000000000
05.552811893724868497
05.110557116307235859
04.983950685863199226
05.011973205348853710
05.221044765773729779
05.870609675957229712
08.000000000000000000
06.000000000000000000
06.000000000000000000
06.000000000000000000
06.000000000000000000
06.000000000000000000
06.000000000000000000
06.000000000000000000
06.000000000000000000
04.000000000000000000
04.000000000000000000
04.000000000000000000
04.000000000000000000
04.000000000000000000
04.000000000000000000
04.000000000000000000
04.000000000000000000
04.000000000000000000
04.000000000000000000
04.000000000000000000
04.000000000000000000
04.000000000000000000
04.000000000000000000
04.000000000000000000
04.000000000000000000
04.000000000000000000
04.000000000000000000
04.000000000000000000
04.000000000000000000
04.000000000000000000
04.000000000000000000
04.000000000000000000
04.000000000000000000
04.000000000000000000
04.000000000000000000
04.000000000000000000
04.000000000000000000
04.000000000000000000
04.000000000000000000
04.000000000000000000
04.000000000000000000
04.000000000000000000
04.000000000000000000
04.000000000000000000
04.000000000000000000
04.000000000000000000
04.000000000000000000
04.000000000000000000
04.000000000000000000
04.000000000000000000
04.000000000000000000
04.000000000000000000
04.000000000000000000
04.000000000000000000
04.000000000000000000
04.000000000000000000
04.000000000000000000
04.000000000000000000
04.000000000000000000
04.000000000000000000
04.000000000000000000
04.000000000000000000
04.000000000000000000
04.000000000000000000
04.000000000000000000
04.000000000000000000
04.000000000000000000
04.000000000000000000
04.000000000000000000
04.000000000000000000
04.000000000000000000
04.000000000000000000
04.000000000000000000
04.000000000000000000
04.000000000000000000
04.000000000000000000
04.000000000000000000
04.000000000000000000
04.000000000000000000
04.000000000000000000
04.000000000000000000
04.000000000000000000
04.000000000000000000
04.000000000000000000
04.000000000000000000
04.000000000000000000
04.000000000000000000
04.000000000000000000
04.000000000000000000
03.000000000000000000
03.000000000000000000
03.000000000000000000
03.000000000000000000
03.000000000000000000
03.000000000000000000
03.000000000000000000
03.000000000000000000
03.000000000000000000
03.000000000000000000
03.000000000000000000
03.000000000000000000
03.000000000000000000
03.000000000000000000
03.000000000000000000
03.000000000000000000
03.000000000000000000
03.000000000000000000
03.000000000000000000
03.000000000000000000
03.000000000000000000
03.000000000000000000
03.000000000000000000
03.000000000000000000
03.000000000000000000
03.000000000000000000
03.000000000000000000
03.000000000000000000
03.000000000000000000
03.000000000000000000
03.000000000000000000
03.000000000000000000
03.000000000000000000
03.000000000000000000
03.000000000000000000
03.000000000000000000
03.000000000000000000
03.000000000000000000
03.000000000000000000
03.000000000000000000
03.000000000000000000
03.000000000000000000
03.000000000000000000
03.000000000000000000
03.000000000000000000
03.000000000000000000
03.000000000000000000
03.000000000000000000
03.000000000000000000
03.000000000000000000
03.000000000000000000
03.000000000000000000
03.000000000000000000
03.000000000000000000
03.000000000000000000
03.000000000000000000
03.000000000000000000
03.000000000000000000
03.000000000000000000
03.000000000000000000
03.000000000000000000
03.000000000000000000
03.000000000000000000
03.000000000000000000
03.000000000000000000
03.000000000000000000
03.000000000000000000
03.000000000000000000
03.000000000000000000
03.000000000000000000
03.000000000000000000
03.000000000000000000
03.000000000000000000
03.000000000000000000
03.000000000000000000
03.000000000000000000
03.000000000000000000
03.000000000000000000
03.000000000000000000
03.000000000000000000
05.000000000000000000
05.000000000000000000
05.000000000000000000
05.000000000000000000
05.000000000000000000
05.000000000000000000
05.000000000000000000
05.000000000000000000
07.000000000000000000
04.976435444169648115
04.390138409875685710
04.225957639274334987
04.255426534179758136
04.504469519603545358
05.298370181158970738
08.000000000000000000
07.000000000000000000
04.962828520241076902
04.235298298267322181
04.006251137362093040
04.052646950554432692
04.403763348043036707
05.372833323216829271
08.000000000000000000
07.000000000000000000
04.958863204544474712
04.197305419335586762
03.948470607671740407
04.002658064720407971
04.387648433491573741
05.395324955789677190
08.000000000000000000
07.000000000000000000
04.962752582391527945
04.196873715510677449
03.944713137383150325
04.001778121165241231
04.394718907137043828
05.406979824318959515
08.000000000000000000
07.000000000000000000
04.976051931021657992
04.219094691209681613
03.971091229354489549
04.028156213136579566
04.416939882836048881
05.420279172949087787
08.000000000000000000
07.000000000000000000
05.007734434926113920
04.276173189541120578
04.040433478218406371
04.094620935267074380
04.466516203697106668
05.444196186171315510
08.000000000000000000
07.000000000000000000
05.085828715710895231
04.418106114472109880
04.211500594738673442
04.257896407931013094
04.586571164247825294
05.495833518686648489
08.000000000000000000
07.000000000000000000
05.301617673783205476
04.805222145372342268
04.666282425479094442
04.695751320384517591
04.919553255100201916
05.623552410772528098
08.000000000000000000
06.000000000000000000
06.000000000000000000
06.000000000000000000
06.000000000000000000
06.000000000000000000
06.000000000000000000
06.000000000000000000
06.000000000000000000
05.000000000000000000
05.000000000000000000
05.000000000000000000
05.000000000000000000
05.000000000000000000
05.000000000000000000
05.000000000000000000
05.000000000000000000
07.000000000000000000
05.546474143929779110
04.959469129666886467
04.764322794634854752
04.810770033917753707
05.128052342418317089
05.956576783176542378
08.000000000000000000
07.000000000000000000
05.666130924833055360
04.938748167284277457
04.665106086120940354
04.739264196847688737
05.192560582441091199
06.203843723715173120
08.000000000000000000
07.000000000000000000
05.696938761652017291
04.938076177533319289
04.641281514223085658
04.728631874427752457
05.228115757296676769
06.276499763154036238
08.000000000000000000
07.000000000000000000
05.713674332483296148
04.954706251251444371
04.655537627553261615
04.747873167551491136
05.257573260984730545
06.306178428258947477
08.000000000000000000
07.000000000000000000
05.736249326062802467
04.992692968396776010
04.700812226277570005
04.793147766275799526
05.295559978130063961
06.328753421838454685
08.000000000000000000
07.000000000000000000
05.776771528889639740
05.068439053683531981
04.794221549296904250
04.881571909501571938
05.358478633446889461
06.356332530391659574
08.000000000000000000
07.000000000000000000
05.850185022261136680
05.218241504667087582
04.981992181670626074
05.056150292397373569
05.472053919823901325
06.387897821143253552
08.000000000000000000
07.000000000000000000
05.962492014167371401
05.506485071123558228
05.351216325704182708
05.397663564987080775
05.675068283874988850
06.372594653414134669
08.000000000000000000
06.000000000000000000
06.000000000000000000
06.000000000000000000
06.000000000000000000
06.000000000000000000
06.000000000000000000
06.000000000000000000
06.000000000000000000
05.000000000000000000
05.000000000000000000
05.000000000000000000
05.000000000000000000
05.000000000000000000
05.000000000000000000
05.000000000000000000
05.000000000000000000
07.000000000000000000
05.740400848064130201
05.206578407104971440
05.021404370728690836
05.075836588688825479
05.397487872887056781
06.177337000799881572
08.000000000000000000
07.000000000000000000
05.946553031377860954
05.303338006668106175
05.047549075919230077
05.135222078190897932
05.594125165221740303
06.526741179555475725
08.000000000000000000
07.000000000000000000
06.011631978432295575
05.352559051146942082
05.079016956615579836
05.182902466728734225
05.687194866663029202
06.641069233892186396
08.000000000000000000
07.000000000000000000
06.042323492590647049
05.391055239230612806
05.118574634557980119
05.228700060657326176
05.741587002684867436
06.687515853865090065
08.000000000000000000
07.000000000000000000
06.070234681545874089
05.438265675220522510
05.175019403012651509
05.285144829111995790
05.788797438674776252
06.715427042820317105
08.000000000000000000
07.000000000000000000
06.107838391727184124
05.510871479348007362
05.265550642126579639
05.369436152239734916
05.845507294864094483
06.737275647187074945
08.000000000000000000
07.000000000000000000
06.157449093030667342
05.627403101348019021
05.417178712478794900
05.504851714750462754
05.918190259901654038
06.737637241208282113
08.000000000000000000
07.000000000000000000
06.185133596194658523
05.799098028331981958
05.660879210941536677
05.715311428901671320
05.990007494114067299
06.622069748930410782
08.000000000000000000
06.000000000000000000
06.000000000000000000
06.000000000000000000
06.000000000000000000
06.000000000000000000
06.000000000000000000
06.000000000000000000
06.000000000000000000
05.000000000000000000
05.000000000000000000
05.000000000000000000
05.000000000000000000
05.000000000000000000
05.000000000000000000
05.000000000000000000
05.000000000000000000
07.000000000000000000
05.817165043152581205
05.320917738182794565
05.149747181900806936
05.207598858366035977
05.520608695945543154
06.262973773403452071
08.000000000000000000
07.000000000000000000
06.070014697121596470
05.490089871873020222
05.258891844530273474
05.352511828964600760
05.795968249952468732
06.665094694853520352
08.000000000000000000
07.000000000000000000
06.158839438691032342
05.577672823064396823
05.335402966985576256
05.446720714157509136
05.931005346588985816
06.806434515167322452
08.000000000000000000
07.000000000000000000
06.200285072694634358
05.634150908224538234
05.396510155356388339
05.514720116787615645
06.004933372641035660
06.864997227344194819
08.000000000000000000
07.000000000000000000
06.230946852946630976
05.686178524124155587
05.458839001750344977
05.577048963181572283
06.056960988540653013
06.895659007596191437
08.000000000000000000
07.000000000000000000
06.262979153038989111
05.749782718004983195
05.538715287655346486
05.650033034827280254
06.103115241529574853
06.910574229515280997
08.000000000000000000
07.000000000000000000
06.292366335881903083
05.833784247353423602
05.652176554490369931
05.745796538924697217
06.139662625432873000
06.887446333613827854
08.000000000000000000
07.000000000000000000
06.271952914868932361
05.930263343301087176
05.809230229743173268
05.867081906208402309
06.129954301063836652
06.717761645119804115
08.000000000000000000
06.000000000000000000
06.000000000000000000
06.000000000000000000
06.000000000000000000
06.000000000000000000
06.000000000000000000
06.000000000000000000
06.000000000000000000
05.000000000000000000
05.000000000000000000
05.000000000000000000
05.000000000000000000
05.000000000000000000
05.000000000000000000
05.000000000000000000
05.000000000000000000
07.000000000000000000
05.850989974784164716
05.376057202385372769
05.214724660051038185
05.273965338416639170
05.579132723264198290
06.299895612058692862
08.000000000000000000
07.000000000000000000
06.128057310887012221
05.585519235957188577
05.371910616510276348
05.467995898790025677
05.897366336973546730
06.728533880240336273
08.000000000000000000
07.000000000000000000
06.231191475167752181
05.697423852395397503
05.477810290898764478
05.592263129022724044
06.058308048622960129
06.885553378173918659
08.000000000000000000
07.000000000000000000
06.279601952897365003
05.765939702613741780
05.553611434647684142
05.675264170527830387
06.144993063053814097
06.951692185575601535
08.000000000000000000
07.000000000000000000
06.311578915620936314
05.820292148400606713
05.618798238042776561
05.740450973922921030
06.199345508840679031
06.983669148299171070
08.000000000000000000
07.000000000000000000
06.338966346323818613
05.875935400659047403
05.688972438353733452
05.803425276477693906
06.236819596886609141
06.993328249329985979
08.000000000000000000
07.000000000000000000
06.355238295558708117
05.937652447260409083
05.775491215596596284
05.871576497876347389
06.249499548276767236
06.955714864912033057
08.000000000000000000
07.000000000000000000
06.309547729718258502
05.991915162776451531
05.882097739080309751
05.941338417445908071
06.194990683655277053
06.758453366992786648
08.000000000000000000
06.000000000000000000
06.000000000000000000
06.000000000000000000
06.000000000000000000
06.000000000000000000
06.000000000000000000
06.000000000000000000
06.000000000000000000
05.000000000000000000
05.000000000000000000
05.000000000000000000
05.000000000000000000
05.000000000000000000
05.000000000000000000
05.000000000000000000
05.000000000000000000
07.000000000000000000
05.866336172974916607
05.402287433412944928
05.246481703395263985
05.306249203829645822
05.606607796951105449
06.316320659696923023
08.000000000000000000
07.000000000000000000
06.155361261882399404
05.632385996571527720
05.428802529115888120
05.525836172655308687
05.946466225179658061
06.757761468788480386
08.000000000000000000
07.000000000000000000
06.266196080959609560
05.757724534518833259
05.551178722680109701
05.666853263406512298
06.121476971293974501
06.923016487739018565
08.000000000000000000
07.000000000000000000
06.318512864897602554
05.833111704260874220
05.635450602087316518
05.758454794942346133
06.215332853870502383
06.993311279291040350
08.000000000000000000
07.000000000000000000
06.351058761018949284
05.888475877775918299
05.701886449610451102
05.824890642465483381
06.270697027385546463
07.025857175412387967
08.000000000000000000
07.000000000000000000
06.375501625398477756
05.938952433576125678
05.765689551158569515
05.881364091884972112
06.302704870351268696
07.032322032177887650
08.000000000000000000
07.000000000000000000
06.384474620083274488
05.987934387359319821
05.836581597489262307
05.933615241028681098
06.302014615967451050
06.986874826989356357
08.000000000000000000
07.000000000000000000
06.326305912697254286
06.020626979465594886
05.916894481384442628
05.976661981818823577
06.224947343003753630
06.776290399419258925
08.000000000000000000
06.000000000000000000
06.000000000000000000
06.000000000000000000
06.000000000000000000
06.000000000000000000
06.000000000000000000
06.000000000000000000
06.000000000000000000
05.000000000000000000
05.000000000000000000
05.000000000000000000
05.000000000000000000
05.000000000000000000
05.000000000000000000
05.000000000000000000
05.000000000000000000
07.000000000000000000
05.872149873960393229
05.412462628500919415
05.258963773198491509
05.318865886993512149
05.617096484655722755
06.322399478339339574
08.000000000000000000
07.000000000000000000
06.165896822399148824
05.650864450827578267
05.451501475878402836
05.548779296774175585
05.965512089893663550
06.768775153363721486
08.000000000000000000
07.000000000000000000
06.279906374942760827
05.781816640616472824
05.580810429469392986
05.696801806883039276
06.146303894001490242
06.937344035322952962
08.000000000000000000
07.000000000000000000
06.333848812631348579
05.860090356233328635
05.668656602762920826
05.792012752168153256
06.243126888358440318
07.009330990847438159
08.000000000000000000
07.000000000000000000
06.366551927634971797
05.915734942074511338
05.735439386281235841
05.858795535686468270
06.298771474199623910
07.042034105851061376
08.000000000000000000
07.000000000000000000
06.389629302662006793
05.963787982935158105
05.796240195149595209
05.912231572563240611
06.328275236320174635
07.047066963042198040
08.000000000000000000
07.000000000000000000
06.395524264178198415
06.007326193495192257
05.860407477978242241
05.957685298874016766
06.321973832561275763
06.998402595142771077
08.000000000000000000
07.000000000000000000
06.332484070045494740
06.031447593316178413
05.930171145242526975
05.990073259037545839
06.236081449470980864
06.782733674424440196
08.000000000000000000
06.000000000000000000
06.000000000000000000
06.000000000000000000
06.000000000000000000
06.000000000000000000
06.000000000000000000
06.000000000000000000
06.000000000000000000
05.000000000000000000
05.000000000000000000
05.000000000000000000
05.000000000000000000
05.000000000000000000
05.000000000000000000
05.000000000000000000
05.000000000000000000
07.000000000000000000
05.871376178360075748
05.411216176254487031
05.257478545753448529
05.317246046187830366
05.615536539792646664
06.321360665082080388
08.000000000000000000
07.000000000000000000
06.164535027856185678
05.648657162730291503
05.448858267748260431
05.545891911287680109
05.962737391338422732
06.766935234762267548
08.000000000000000000
07.000000000000000000
06.278156372868492596
05.778959729047028482
05.577371443398607909
05.693045984125010506
06.142712165822171499
06.934976779647900713
08.000000000000000000
07.000000000000000000
06.331843539533606346
05.856793188342896528
05.664672076328196582
05.787676269183227973
06.239014337952523803
07.006641953927046806
08.000000000000000000
07.000000000000000000
06.364389435654953964
05.912157361857939719
05.731107923851332941
05.854112116706364333
06.294378511467567883
07.039187850048392647
08.000000000000000000
07.000000000000000000
06.387461917307360793
05.960187628104323565
05.791882271877067723
05.907556812603471208
06.323940064879465695
07.044282324086768909
08.000000000000000000
07.000000000000000000
06.393648386057059874
06.004205553518085381
05.856637336121632842
05.953670979661052520
06.318285782126214833
06.996048592963140855
08.000000000000000000
07.000000000000000000
06.331345918082410762
06.029555722307136101
05.927891323742626284
05.987658824177009009
06.233876085845295734
06.781330404804416290
08.000000000000000000
06.000000000000000000
06.000000000000000000
06.000000000000000000
06.000000000000000000
06.000000000000000000
06.000000000000000000
06.000000000000000000
06.000000000000000000
05.000000000000000000
05.000000000000000000
05.000000000000000000
05.000000000000000000
05.000000000000000000
05.000000000000000000
05.000000000000000000
05.000000000000000000
07.000000000000000000
05.863410934756720039
05.397825683550146358
05.241346700202782039
05.300587378568383023
05.600901204428970992
06.312316572031248185
08.000000000000000000
07.000000000000000000
06.150346775797860488
05.624675185929373100
05.419867974459428694
05.515953256739178023
05.936522286945732141
06.750823345151184540
08.000000000000000000
07.000000000000000000
06.259892004000966459
05.747937405199481375
05.539754434310756537
05.654207272434716103
06.108821601427042225
06.914253907007132938
08.000000000000000000
07.000000000000000000
06.311371242332042719
05.821909502582199636
05.622291610121509464
05.743944346001654822
06.200962863022272842
06.983461475010278363
08.000000000000000000
07.000000000000000000
06.343348205055614031
05.876261948369064569
05.687478413516601883
05.809131149396747240
06.255315308809136887
07.015438437733849675
08.000000000000000000
07.000000000000000000
06.367666875157032891
05.926448953463131275
05.750916581765725510
05.865369419889685076
06.287333149690693013
07.022028778163199370
08.000000000000000000
07.000000000000000000
06.377527760469558160
05.976808397232595382
05.823448573545750406
05.919533855825500623
06.288655498248952647
06.978004329822880436
08.000000000000000000
07.000000000000000000
06.321968689690814713
06.013683643941225121
05.908719779232052716
05.967960457597653701
06.216759164820049754
06.770874326965342860
08.000000000000000000
06.000000000000000000
06.000000000000000000
06.000000000000000000
06.000000000000000000
06.000000000000000000
06.000000000000000000
06.000000000000000000
06.000000000000000000
05.000000000000000000
05.000000000000000000
05.000000000000000000
05.000000000000000000
05.000000000000000000
05.000000000000000000
05.000000000000000000
05.000000000000000000
07.000000000000000000
05.843260921816374243
05.365581830958905840
05.203586527537271245
05.261438204002500285
05.565272788721654429
06.289069652067245997
08.000000000000000000
07.000000000000000000
06.115511454294281002
05.568368956206422915
05.353538037737273214
05.447158022171599612
05.874247334285871425
06.710591452026204884
08.000000000000000000
07.000000000000000000
06.216082134616283561
05.676533615909342245
05.455209202022486714
05.566526949194421370
06.029866139433933014
06.863677211092574559
08.000000000000000000
07.000000000000000000
06.262877897550957584
05.742452781765471137
05.527910855420702596
05.646120816851929014
06.113235246181969451
06.927590052200518045
08.000000000000000000
07.000000000000000000
06.293539677802954202
05.794480397665090265
05.590239701814660123
05.708449663245887429
06.165262862081587691
06.958251832452515551
08.000000000000000000
07.000000000000000000
06.320221848964241218
05.848643510849929505
05.658521522692257832
05.769839269864191600
06.201976034374521163
06.967816925440531328
08.000000000000000000
07.000000000000000000
06.337863093054586727
05.912063331686825407
05.746822747697368783
05.840442732131696069
06.217941709766274805
06.932943090786512386
08.000000000000000000
07.000000000000000000
06.298048793532726286
05.974927436077199339
05.863069575379637577
05.920921251844867506
06.174618393839947927
06.743857523783598040
08.000000000000000000
06.000000000000000000
06.000000000000000000
06.000000000000000000
06.000000000000000000
06.000000000000000000
06.000000000000000000
06.000000000000000000
06.000000000000000000
05.000000000000000000
05.000000000000000000
05.000000000000000000
05.000000000000000000
05.000000000000000000
05.000000000000000000
05.000000000000000000
05.000000000000000000
07.000000000000000000
05.795657149847812661
05.296787516588008948
05.127361935920871083
05.181794153881005727
05.487696982370094290
06.232593302583563144
08.000000000000000000
07.000000000000000000
06.037881730703897887
05.454139178804594756
05.225724673273340670
05.313397675545008525
05.744926337358229773
06.618069878881513546
08.000000000000000000
07.000000000000000000
06.122324652976694814
05.536647145264755210
05.297394364298333436
05.401279874411487825
05.871282960780842330
06.751761908436585635
08.000000000000000000
07.000000000000000000
06.161158107514242310
05.589333720489026547
05.354235716424017966
05.464361142523364023
05.939865483943281177
06.806350468788687103
08.000000000000000000
07.000000000000000000
06.189069296469469350
05.636544156478937140
05.410680484878687579
05.520805910978034525
05.987075919933192658
06.834261657743911478
08.000000000000000000
07.000000000000000000
06.218531066271583363
05.694959573465821379
05.483928049809334127
05.587813559922487627
06.029595388981908499
06.847968321731475072
08.000000000000000000
07.000000000000000000
06.248777792356705163
05.778204273484508491
05.595354309832904605
05.683027312104572459
06.068991432038144396
06.828965940534320822
08.000000000000000000
07.000000000000000000
06.240389897978341871
05.889307137815018578
05.766836776133717812
05.821268994093850679
06.080216603597104807
06.677326050714092354
08.000000000000000000
06.000000000000000000
06.000000000000000000
06.000000000000000000
06.000000000000000000
06.000000000000000000
06.000000000000000000
06.000000000000000000
06.000000000000000000
05.000000000000000000
05.000000000000000000
05.000000000000000000
05.000000000000000000
05.000000000000000000
05.000000000000000000
05.000000000000000000
05.000000000000000000
07.000000000000000000
05.672515512022512141
05.147713401674241851
04.976310820897414722
05.022758060180312789
05.316296614425672473
06.082618151269275408
08.000000000000000000
07.000000000000000000
05.855588282023773239
05.227905463270027475
04.993975240009669747
05.068133350736419018
05.481717878426841217
06.393301080905890110
08.000000000000000000
07.000000000000000000
05.914288120016665040
05.273695340083923710
05.025248846901984479
05.112599207106650390
05.563734919847281191
06.493849121518683987
08.000000000000000000
07.000000000000000000
05.941399189204933151
05.308067953016903928
05.060860441701777290
05.153195981700006811
05.610934962750190991
06.533903284980585369
08.000000000000000000
07.000000000000000000
05.963974182784440359
05.346054670162237343
05.106135040426085681
05.198470580424315202
05.648921679895523518
06.556478278560092576
08.000000000000000000
07.000000000000000000
05.994120887254288377
05.404058216234136403
05.178188881975803071
05.265539242180469870
05.694097795997493883
06.573681888756306435
08.000000000000000000
07.000000000000000000
06.039642379451854559
05.507398800652836712
05.310861335559355467
05.385019446286104738
05.761211215809651343
06.577355178333972319
08.000000000000000000
07.000000000000000000
06.088533382260102655
05.694729343130914501
05.563204351966741790
05.609651591249640745
05.863312555882345123
06.498636021506866811
08.000000000000000000
06.000000000000000000
06.000000000000000000
06.000000000000000000
06.000000000000000000
06.000000000000000000
06.000000000000000000
06.000000000000000000
06.000000000000000000
05.000000000000000000
05.000000000000000000
05.000000000000000000
05.000000000000000000
05.000000000000000000
05.000000000000000000
05.000000000000000000
05.000000000000000000
07.000000000000000000
05.302818903862990041
04.807376193706896395
04.668958482224705442
04.698427377130130367
04.921707303434755154
05.624753640852312664
08.000000000000000000
07.000000000000000000
05.380930567600027636
04.786054000214045701
04.597792923362765016
04.644188736555103780
04.954519049989761115
05.790935370575780894
08.000000000000000000
07.000000000000000000
05.405882315047510822
04.793938540236887036
04.593068056359280504
04.647255513407949401
04.984281554392873126
05.842344066292711524
08.000000000000000000
07.000000000000000000
05.418747620333656201
04.808449259345988658
04.607023215820090556
04.664088199602180573
05.006294450972355037
05.862974862261085107
08.000000000000000000
07.000000000000000000
05.432046968963784472
04.830670235044992822
04.633401307791430668
04.690466291573520685
05.028515426671360089
05.876274210891215155
08.000000000000000000
07.000000000000000000
05.454753545429148254
04.872806310442419075
04.685030926905946913
04.739218383954615810
05.063149324598405165
05.891215296674350732
08.000000000000000000
07.000000000000000000
05.503930763069845966
04.968861816418834287
04.803042380739345418
04.849438193931684182
05.137326866194548813
05.913935566045598335
08.000000000000000000
07.000000000000000000
05.628001133476548290
05.222459929203552953
05.109283268429465785
05.138752163334888934
05.336791038931411713
05.949935870465870025
08.000000000000000000
06.000000000000000000
06.000000000000000000
06.000000000000000000
06.000000000000000000
06.000000000000000000
06.000000000000000000
06.000000000000000000
06.000000000000000000
04.000000000000000000
04.000000000000000000
04.000000000000000000
04.000000000000000000
04.000000000000000000
04.000000000000000000
04.000000000000000000
04.000000000000000000
04.000000000000000000
04.000000000000000000
04.000000000000000000
04.000000000000000000
04.000000000000000000
04.000000000000000000
04.000000000000000000
04.000000000000000000
04.000000000000000000
04.000000000000000000
04.000000000000000000
04.000000000000000000
04.000000000000000000
04.000000000000000000
04.000000000000000000
04.000000000000000000
04.000000000000000000
04.000000000000000000
04.000000000000000000
04.000000000000000000
04.000000000000000000
04.000000000000000000
04.000000000000000000
04.000000000000000000
04.000000000000000000
04.000000000000000000
04.000000000000000000
04.000000000000000000
04.000000000000000000
04.000000000000000000
04.000000000000000000
04.000000000000000000
04.000000000000000000
04.000000000000000000
04.000000000000000000
04.000000000000000000
04.000000000000000000
04.000000000000000000
04.000000000000000000
04.000000000000000000
04.000000000000000000
04.000000000000000000
04.000000000000000000
04.000000000000000000
04.000000000000000000
04.000000000000000000
04.000000000000000000
04.000000000000000000
04.000000000000000000
04.000000000000000000
04.000000000000000000
04.000000000000000000
04.000000000000000000
04.000000000000000000
04.000000000000000000
04.000000000000000000
04.000000000000000000
04.000000000000000000
04.000000000000000000
04.000000000000000000
04.000000000000000000
04.000000000000000000
04.000000000000000000
04.000000000000000000
04.000000000000000000
04.000000000000000000
04.000000000000000000
04.000000000000000000
04.000000000000000000
04.000000000000000000
04.000000000000000000
04.000000000000000000
03.000000000000000000
03.000000000000000000
03.000000000000000000
03.000000000000000000
03.000000000000000000
03.000000000000000000
03.000000000000000000
03.000000000000000000
03.000000000000000000
03.000000000000000000
03.000000000000000000
03.000000000000000000
03.000000000000000000
03.000000000000000000
03.000000000000000000
03.000000000000000000
03.000000000000000000
03.000000000000000000
03.000000000000000000
03.000000000000000000
03.000000000000000000
03.000000000000000000
03.000000000000000000
03.000000000000000000
03.000000000000000000
03.000000000000000000
03.000000000000000000
03.000000000000000000
03.000000000000000000
03.000000000000000000
03.000000000000000000
03.000000000000000000
03.000000000000000000
03.000000000000000000
03.000000000000000000
03.000000000000000000
03.000000000000000000
03.000000000000000000
03.000000000000000000
03.000000000000000000
03.000000000000000000
03.000000000000000000
03.000000000000000000
03.000000000000000000
03.000000000000000000
03.000000000000000000
03.000000000000000000
03.000000000000000000
03.000000000000000000
03.000000000000000000
03.000000000000000000
03.000000000000000000
03.000000000000000000
03.000000000000000000
03.000000000000000000
03.000000000000000000
03.000000000000000000
03.000000000000000000
03.000000000000000000
03.000000000000000000
03.000000000000000000
03.000000000000000000
03.000000000000000000
03.000000000000000000
03.000000000000000000
03.000000000000000000
03.000000000000000000
03.000000000000000000
03.000000000000000000
03.000000000000000000
03.000000000000000000
03.000000000000000000
03.000000000000000000
03.000000000000000000
03.000000000000000000
03.000000000000000000
03.000000000000000000
03.000000000000000000
03.000000000000000000
03.000000000000000000
05.000000000000000000
05.000000000000000000
05.000000000000000000
05.000000000000000000
05.000000000000000000
05.000000000000000000
05.000000000000000000
05.000000000000000000
07.000000000000000000
05.002284974320643229
04.431850583280000144
04.274681617965859104
04.304705050540196254
04.547560052336237391
05.325526644395225162
08.000000000000000000
07.000000000000000000
05.006048737164897844
04.305720710228522208
04.088959898872531085
04.136331795888026797
04.476591783899795729
05.418299272270759914
08.000000000000000000
07.000000000000000000
05.011592756825952399
04.283820011272792883
04.050501846908477255
04.105921505343409272
04.477180893261963668
05.450839362379575448
08.000000000000000000
07.000000000000000000
05.019712171073186902
04.290670867468267424
04.055583590513112568
04.113996211321902408
04.491805870620511953
05.466958263889992509
08.000000000000000000
07.000000000000000000
05.033501457873083673
04.313754664851859211
04.083019597973728487
04.141432218782519215
04.514889668004103740
05.480747550689888392
08.000000000000000000
07.000000000000000000
05.061841314420101767
04.365101418170674208
04.145414499392927610
04.200834157827859627
04.558462300159845881
05.501087919973723928
08.000000000000000000
07.000000000000000000
05.130939014558496325
04.491806837123666796
04.298189836461574487
04.345561733477070199
04.662677910794940317
05.543189549664359284
08.000000000000000000
07.000000000000000000
05.329007606383250106
04.849565081873009831
04.718171374811033658
04.748194807385370808
04.965274550929247077
05.652249276457832039
08.000000000000000000
06.000000000000000000
06.000000000000000000
06.000000000000000000
06.000000000000000000
06.000000000000000000
06.000000000000000000
06.000000000000000000
06.000000000000000000
05.000000000000000000
05.000000000000000000
05.000000000000000000
05.000000000000000000
05.000000000000000000
05.000000000000000000
05.000000000000000000
05.000000000000000000
07.000000000000000000
05.591240909905723200
05.032475770463546993
04.850100410736433609
04.897527842728461422
05.203474330128295300
06.003596857108746576
08.000000000000000000
07.000000000000000000
05.741727666135584940
05.063103019992963638
04.811937176554478945
04.887826431602142918
05.321149769456049228
06.283336541967967648
08.000000000000000000
07.000000000000000000
05.789813379330509768
05.091821341311293381
04.823513525219750520
04.913055587109055544
05.387190696103852261
06.374228558663929789
08.000000000000000000
07.000000000000000000
05.814351943384457932
05.121931740498785857
04.854166454975073819
04.948902787240172074
05.430619598664745418
06.412130667270030671
08.000000000000000000
07.000000000000000000
05.837816333280783532
05.161487078725881972
04.901366316480878282
04.996102648745976538
05.470174936891842421
06.435595057166356270
08.000000000000000000
07.000000000000000000
05.872129478646425760
05.226544748436075416
04.981789819777711514
05.071331881667017427
05.521914103228635184
06.456544657979847557
08.000000000000000000
07.000000000000000000
05.929144045418471620
05.348446689587207814
05.135940946799014917
05.211830201846679778
05.606493439050292515
06.470752921250853440
08.000000000000000000
07.000000000000000000
06.009947564371246109
05.584107445185865437
05.442564008538104403
05.489991440530132216
05.755106004850611967
06.422303511574267709
08.000000000000000000
06.000000000000000000
06.000000000000000000
06.000000000000000000
06.000000000000000000
06.000000000000000000
06.000000000000000000
06.000000000000000000
06.000000000000000000
05.000000000000000000
05.000000000000000000
05.000000000000000000
05.000000000000000000
05.000000000000000000
05.000000000000000000
05.000000000000000000
05.000000000000000000
07.000000000000000000
05.797066632017219945
05.299791414654594135
05.131482150469985903
05.187164957809406118
05.493760568931473465
06.236821737895592577
08.000000000000000000
07.000000000000000000
06.043024869024637091
05.463300754997458597
05.237323385355598049
05.327211956810357307
05.759472003160517772
06.628111516795007319
08.000000000000000000
07.000000000000000000
06.130895932775825230
05.551484886569566513
05.315869105531320749
05.422567439347009355
05.892919663567156796
06.766461104057439613
08.000000000000000000
07.000000000000000000
06.172034732953973979
05.608093347689081298
05.377507048843501281
05.490718454587685038
05.966063714882795743
06.823900121493431392
08.000000000000000000
07.000000000000000000
06.201112670077825406
05.657364552174326988
05.436483704453345389
05.549695110197528258
06.015334919368041433
06.852978058617281931
08.000000000000000000
07.000000000000000000
06.230338959104810392
05.715491171391795078
05.509379668810788999
05.616078002626479382
06.056925948389385361
06.865904130386424775
08.000000000000000000
07.000000000000000000
06.258250013391315036
05.794919091124983268
05.616159131315331621
05.706047702770090879
06.091090339288044220
06.843336661161684376
08.000000000000000000
07.000000000000000000
06.245207582711782557
05.898185698394470933
05.778064442435304926
05.833747249774723365
06.092154852671350262
06.684962688590154301
08.000000000000000000
06.000000000000000000
06.000000000000000000
06.000000000000000000
06.000000000000000000
06.000000000000000000
06.000000000000000000
06.000000000000000000
06.000000000000000000
05.000000000000000000
05.000000000000000000
05.000000000000000000
05.000000000000000000
05.000000000000000000
05.000000000000000000
05.000000000000000000
05.000000000000000000
07.000000000000000000
05.880770782535564400
05.426165461718682081
05.274489734424361309
05.333742742419976146
05.629268853730002853
06.329698952379920307
08.000000000000000000
07.000000000000000000
06.178912559544201599
05.671658859584344015
05.475041115838674699
05.571149295227512788
05.983557707269971715
06.779430949530502737
08.000000000000000000
07.000000000000000000
06.294088258576216788
05.804458996903587575
05.606319142680155743
05.720802423945193560
06.165411977061241444
06.948505732405717339
08.000000000000000000
07.000000000000000000
06.347752379777221954
05.882179497766854226
05.693369284172096201
05.815056345992049458
06.261310403841699568
07.019905249144816395
08.000000000000000000
07.000000000000000000
06.379751580759661422
05.936571930546264753
05.758605867120898836
05.880292928940852093
06.315702836621109206
07.051904450127255863
08.000000000000000000
07.000000000000000000
06.401920042552835532
05.983072867807949002
05.817608658333471183
05.932091939598508112
06.344025847965603759
07.056337516382336972
08.000000000000000000
07.000000000000000000
06.406159377603232841
06.023910404926665407
05.878768988387570005
05.974877167776408093
06.335809252612292219
07.006677767589533978
08.000000000000000000
07.000000000000000000
06.339372200888710118
06.042101887243048530
05.941960450139053052
06.001213458134666112
06.245205279254371078
06.788300370733065137
08.000000000000000000
06.000000000000000000
06.000000000000000000
06.000000000000000000
06.000000000000000000
06.000000000000000000
06.000000000000000000
06.000000000000000000
06.000000000000000000
05.000000000000000000
05.000000000000000000
05.000000000000000000
05.000000000000000000
05.000000000000000000
05.000000000000000000
05.000000000000000000
05.000000000000000000
07.000000000000000000
05.918439715163349213
05.488069325881291149
05.347788506828930366
05.408506601286063642
05.694732987049881068
06.370611373706157821
08.000000000000000000
07.000000000000000000
06.243941834868365959
05.779401794521943359
05.603223519132954245
05.701935704272066197
06.097589211970631418
06.850122998002031949
08.000000000000000000
07.000000000000000000
06.375551802119842293
05.940291515540121026
05.768549742344630360
05.886348990544317594
06.309212670724592797
07.037082005253647132
08.000000000000000000
07.000000000000000000
06.437268299533132954
06.031984702042466395
05.872691961036641040
05.998023312633748994
06.419850165464554337
07.117183852344120432
08.000000000000000000
07.000000000000000000
06.470677591954443031
06.088871573006349180
05.940996650369070764
06.066328001966180494
06.476737036428435346
07.150593144765432285
08.000000000000000000
07.000000000000000000
06.487268513141110304
06.125752976176205067
05.988241234583165706
06.106040482782852052
06.494674131360677727
07.148798716274916032
08.000000000000000000
07.000000000000000000
06.476320864892145757
06.140631968090056070
06.017914805056585159
06.116626990195696223
06.458819385538748570
07.082502028025812635
08.000000000000000000
07.000000000000000000
06.381021894846760745
06.110893168314428969
06.023612387884627495
06.084330482341761659
06.317556829483017111
06.833193553389570241
08.000000000000000000
06.000000000000000000
06.000000000000000000
06.000000000000000000
06.000000000000000000
06.000000000000000000
06.000000000000000000
06.000000000000000000
06.000000000000000000
05.000000000000000000
05.000000000000000000
05.000000000000000000
05.000000000000000000
05.000000000000000000
05.000000000000000000
05.000000000000000000
05.000000000000000000
07.000000000000000000
05.935742283275835085
05.517773709201810206
05.383844635335314877
05.445123543393615151
05.725760039557645342
06.389056872497663520
08.000000000000000000
07.000000000000000000
06.274836929337703317
05.832651340479747759
05.668018632101098575
05.767741518744972318
06.153214489326811254
06.883058985615313929
08.000000000000000000
07.000000000000000000
06.415283964019464769
06.009001928163118400
05.852337328793575821
05.971440066074327646
06.380978247080983934
07.079426166981686031
08.000000000000000000
07.000000000000000000
06.481498766173345416
06.108624409486806073
05.966265176108883850
06.093039437603811059
06.499866571667377357
07.164293922360593925
08.000000000000000000
07.000000000000000000
06.515523025472679919
06.166605450843446690
06.035921224705388610
06.162695486200314043
06.557847613024018862
07.198318181659929316
08.000000000000000000
07.000000000000000000
06.528651332381161687
06.197394499241948296
06.075643915250264371
06.194746652531016196
06.569370818159813830
07.192793535343382061
08.000000000000000000
07.000000000000000000
06.509291405351445903
06.197552513852422784
06.087225495358061345
06.186948382001934199
06.518115662699488055
07.117513461629055627
08.000000000000000000
07.000000000000000000
06.399834269976264700
06.143253841369284096
06.062924588916007274
06.124203496974305772
06.351240171725120121
06.853148859198092246
08.000000000000000000
06.000000000000000000
06.000000000000000000
06.000000000000000000
06.000000000000000000
06.000000000000000000
06.000000000000000000
06.000000000000000000
06.000000000000000000
05.000000000000000000
05.000000000000000000
05.000000000000000000
05.000000000000000000
05.000000000000000000
05.000000000000000000
05.000000000000000000
05.000000000000000000
07.000000000000000000
05.942272138061673203
05.529227039448170622
05.397912839736987323
05.459335890937931701
05.737548588266177418
06.395869619744343204
08.000000000000000000
07.000000000000000000
06.286694468567389116
05.853490401325871062
05.693648124167404845
05.793632723579076327
06.174660912065892404
06.895427304195856699
08.000000000000000000
07.000000000000000000
06.430743698793696339
06.036219577607295328
05.885850632467379384
06.005293290193151279
06.408983272811384246
07.095546077015877806
08.000000000000000000
07.000000000000000000
06.498807811509046850
06.139129313317578607
06.003851367681353857
06.131003451459603681
06.531245730169679575
07.182334782497753700
08.000000000000000000
07.000000000000000000
06.533002848875286261
06.197415077510690651
06.073884548223873914
06.201036632002124627
06.589531494362791619
07.216529819863992223
08.000000000000000000
07.000000000000000000
06.544563616435636000
06.225418616159340779
06.110154414299946879
06.229597072025718774
06.598182311363427033
07.209365994657817467
08.000000000000000000
07.000000000000000000
06.521704604197463340
06.219379385269018456
06.114074328188574547
06.214058927600246918
06.540549896009039799
07.130437439825930035
08.000000000000000000
07.000000000000000000
06.406756751882265455
06.155403001590840084
06.077849913839381557
06.139272965040327712
06.363724550408845104
06.860354233564935456
08.000000000000000000
06.000000000000000000
06.000000000000000000
06.000000000000000000
06.000000000000000000
06.000000000000000000
06.000000000000000000
06.000000000000000000
06.000000000000000000
05.000000000000000000
05.000000000000000000
05.000000000000000000
05.000000000000000000
05.000000000000000000
05.000000000000000000
05.000000000000000000
05.000000000000000000
07.000000000000000000
05.941193473415298243
05.527438846816290940
05.395755420719843265
05.457034328778142651
05.735425177172126077
06.394508062637127566
08.000000000000000000
07.000000000000000000
06.284771704716789920
05.850285772484483005
05.689766661429670691
05.789489548073543546
06.170848921331549164
06.892993760994399643
08.000000000000000000
07.000000000000000000
06.428252599692858560
06.032043940467849197
05.880773385455583480
05.999876122736334416
06.404020259385715619
07.092394802655079822
08.000000000000000000
07.000000000000000000
06.495964063595842219
06.134339304751378563
05.998011618611446494
06.124785880106373703
06.525581466931950736
07.178759219783092504
08.000000000000000000
07.000000000000000000
06.529988322895176722
06.192320346108020956
06.067667667207950366
06.194441928702877576
06.583562508288592241
07.212783479082427007
08.000000000000000000
07.000000000000000000
06.541619968054555478
06.220436511546681757
06.104079971912272029
06.223182709193022077
06.592412830464545515
07.205762171016775852
08.000000000000000000
07.000000000000000000
06.519226180730531617
06.215186945857160694
06.108973524686630796
06.208696411330505427
06.535750094704223301
07.127448237008140453
08.000000000000000000
07.000000000000000000
06.405285460115726970
06.152918978983763054
06.074835374300532109
06.136114282358832384
06.360905309339599967
06.858600049337555404
08.000000000000000000
06.000000000000000000
06.000000000000000000
06.000000000000000000
06.000000000000000000
06.000000000000000000
06.000000000000000000
06.000000000000000000
06.000000000000000000
05.000000000000000000
05.000000000000000000
05.000000000000000000
05.000000000000000000
05.000000000000000000
05.000000000000000000
05.000000000000000000
05.000000000000000000
07.000000000000000000
05.931735200097875804
05.511400129859145736
05.376346042325806707
05.437064136782939983
05.718063791027734766
06.383906858640684412
08.000000000000000000
07.000000000000000000
06.267843210658098130
05.821438672629017042
05.654751074733336047
05.753463259872448887
06.139626090077706877
06.874024373791765896
08.000000000000000000
07.000000000000000000
06.406379290240920454
05.994608137811924031
05.835208299302617974
05.953007547502304320
06.363529292996397579
07.067909493374724406
08.000000000000000000
07.000000000000000000
06.471424962593628649
06.092224242903014897
05.946665999091839794
06.071997350688948636
06.480089706325101950
07.151340515404616127
08.000000000000000000
07.000000000000000000
06.504834255014939615
06.149111113866897682
06.014970688424270406
06.140302040021379248
06.536976577288984736
07.184749807825928869
08.000000000000000000
07.000000000000000000
06.518096001262188466
06.180069598448008961
06.054899791541152432
06.172699039740839666
06.548990753632482509
07.179626204395993305
08.000000000000000000
07.000000000000000000
06.500222240681878816
06.182668846197132417
06.069442360656966962
06.168154545796078914
06.500856263645822253
07.106403403815544806
08.000000000000000000
07.000000000000000000
06.394317379781288224
06.134223972292282667
06.052169923381504724
06.112888017838638000
06.340887633460871697
06.846489038324095944
08.000000000000000000
06.000000000000000000
06.000000000000000000
06.000000000000000000
06.000000000000000000
06.000000000000000000
06.000000000000000000
06.000000000000000000
06.000000000000000000
05.000000000000000000
05.000000000000000000
05.000000000000000000
05.000000000000000000
05.000000000000000000
05.000000000000000000
05.000000000000000000
05.000000000000000000
07.000000000000000000
05.908275300002255648
05.473334185198907242
05.331421494994065036
05.390674502989679873
05.676437577210228902
06.357203469846611554
08.000000000000000000
07.000000000000000000
06.226986861554436814
05.754524699589833148
05.575353696738831744
05.671461876127669832
06.066423547275459960
06.827505251540737063
08.000000000000000000
07.000000000000000000
06.354707946828463960
05.909333638404721256
05.733558674231665542
05.848041955496703359
06.270286618562375125
07.009125420657965400
08.000000000000000000
07.000000000000000000
06.414119761423883403
05.997206021440019796
05.833084331833628511
05.954771393653581768
06.376336927514865138
07.086272630791478733
08.000000000000000000
07.000000000000000000
06.446118962406321984
06.051598454219429435
05.898320914782432034
06.020007976602384403
06.430729360294274777
07.118271831773917313
08.000000000000000000
07.000000000000000000
06.462539730805082705
06.087947509309084460
05.944848189884980982
06.059331471150017911
06.448900489466737440
07.116957204634585032
08.000000000000000000
07.000000000000000000
06.454233679613468055
06.106776244932156317
05.979081569287727049
06.075189748676566026
06.418675092617783129
07.054752069599768305
08.000000000000000000
07.000000000000000000
06.366876718355401366
06.089270610723273691
05.998892210708755002
06.058145218704369839
06.292374002734597127
06.815804888199756384
08.000000000000000000
06.000000000000000000
06.000000000000000000
06.000000000000000000
06.000000000000000000
06.000000000000000000
06.000000000000000000
06.000000000000000000
06.000000000000000000
05.000000000000000000
05.000000000000000000
05.000000000000000000
05.000000000000000000
05.000000000000000000
05.000000000000000000
05.000000000000000000
05.000000000000000000
07.000000000000000000
05.854261291425256530
05.393420031374521528
05.241638946717000813
05.297321754056421028
05.587389185651400858
06.294016397303628274
08.000000000000000000
07.000000000000000000
06.137861310930222025
05.620299498616371459
05.423117480742588370
05.513006052197348517
05.916470746779431522
06.722947958700594029
08.000000000000000000
07.000000000000000000
06.246137085233259612
05.743619909143903968
05.544147231788108421
05.650845565603797027
06.085054686141493363
06.881702256514874882
08.000000000000000000
07.000000000000000000
06.295923288839394338
05.815319369545146166
05.624182367062188881
05.737393772806371750
06.173289736738859723
06.947788677378850863
08.000000000000000000
07.000000000000000000
06.325001225963245766
05.864590574030390080
05.683159022672032101
05.796370428416214082
06.222560941224103637
06.976866614502704067
08.000000000000000000
07.000000000000000000
06.345580111562245662
05.907626193966132533
05.737657795067576671
05.844356128883266166
06.249060970963723705
06.981145282843859157
08.000000000000000000
07.000000000000000000
06.353086455296900859
05.951917834743897906
05.801953226702322830
05.891841798157082977
06.248089082906957969
06.938173103067270198
08.000000000000000000
07.000000000000000000
06.302402242119819142
05.991814315114399214
05.888221238682318948
05.943904046021738274
06.185783469391277656
06.742157347998190886
08.000000000000000000
06.000000000000000000
06.000000000000000000
06.000000000000000000
06.000000000000000000
06.000000000000000000
06.000000000000000000
06.000000000000000000
06.000000000000000000
05.000000000000000000
05.000000000000000000
05.000000000000000000
05.000000000000000000
05.000000000000000000
05.000000000000000000
05.000000000000000000
05.000000000000000000
07.000000000000000000
05.719478839313337559
05.224548878865039825
05.066753734327765102
05.114181166319792027
05.395547438529789019
06.131834786516359159
08.000000000000000000
07.000000000000000000
05.935098870041557007
05.359101575671198603
05.149156801785243154
05.225046056832907126
05.617148325134285081
06.476707745873939714
08.000000000000000000
07.000000000000000000
06.012169895233141048
05.436212384199178516
05.218203463054416957
05.307745524943722870
05.731581738991738284
06.596585074566561957
08.000000000000000000
07.000000000000000000
06.047599264755380233
05.484979348967476298
05.271338353895267836
05.366074686160366980
05.793667207133434971
06.645377988640952971
08.000000000000000000
07.000000000000000000
06.071063654651705832
05.524534687194572413
05.318538215401072300
05.413274547666170555
05.833222545360532862
06.668842378537278570
08.000000000000000000
07.000000000000000000
06.094485994549057928
05.570935791323961439
05.376479757612377064
05.466021819501683865
05.866305146116521207
06.678901173882480613
08.000000000000000000
07.000000000000000000
06.122515249324442799
05.644445245265442779
05.473160572029779125
05.549049827077443098
05.902491994728527480
06.664124125156824618
08.000000000000000000
07.000000000000000000
06.138185493778859581
05.776180553587359157
05.659217332129435896
05.706644764121461932
05.947179113252107463
06.550541440981881181
08.000000000000000000
06.000000000000000000
06.000000000000000000
06.000000000000000000
06.000000000000000000
06.000000000000000000
06.000000000000000000
06.000000000000000000
06.000000000000000000
05.000000000000000000
05.000000000000000000
05.000000000000000000
05.000000000000000000
05.000000000000000000
05.000000000000000000
05.000000000000000000
05.000000000000000000
07.000000000000000000
05.330340767643343192
04.851956358981915685
04.721142759447029214
04.751166192021367252
04.967665828038153819
05.653582437717924236
08.000000000000000000
07.000000000000000000
05.427072966657711106
04.861511912909022293
04.686594408436436154
04.733966305451931866
05.032382986580295814
05.839323501763574065
08.000000000000000000
07.000000000000000000
05.462293293283453366
04.886819531330579558
04.702819339952878153
04.758238998387810170
05.080180413319748567
05.901539898837074638
08.000000000000000000
07.000000000000000000
05.479735112405648145
04.909224360027185874
04.726364865368975821
04.784777486177765660
05.110359363179430403
05.926981205222452864
08.000000000000000000
07.000000000000000000
05.493524399205544029
04.932308157410777660
04.753800872829591739
04.812213493638382467
05.133443160563022190
05.940770492022349636
08.000000000000000000
07.000000000000000000
05.512541850877601846
04.968100938228459995
04.797731992437329396
04.853151650872261413
05.161461820217629892
05.951788456431224894
08.000000000000000000
07.000000000000000000
05.551963244051309587
05.047598039804166881
04.895824346025480445
04.943196243040976157
05.218469113475441290
05.964213779157173434
08.000000000000000000
07.000000000000000000
05.657063399705949180
05.269670857574926259
05.164632516292204656
05.194655948866541806
05.385380326631164394
05.980305069780530225
08.000000000000000000
06.000000000000000000
06.000000000000000000
06.000000000000000000
06.000000000000000000
06.000000000000000000
06.000000000000000000
06.000000000000000000
06.000000000000000000
04.000000000000000000
04.000000000000000000
04.000000000000000000
04.000000000000000000
04.000000000000000000
04.000000000000000000
04.000000000000000000
04.000000000000000000
04.000000000000000000
04.000000000000000000
04.000000000000000000
04.000000000000000000
04.000000000000000000
04.000000000000000000
04.000000000000000000
04.000000000000000000
04.000000000000000000
04.000000000000000000
04.000000000000000000
04.000000000000000000
04.000000000000000000
04.000000000000000000
04.000000000000000000
04.000000000000000000
04.000000000000000000
04.000000000000000000
04.000000000000000000
04.000000000000000000
04.000000000000000000
04.000000000000000000
04.000000000000000000
04.000000000000000000
04.000000000000000000
04.000000000000000000
04.000000000000000000
04.000000000000000000
04.000000000000000000
04.000000000000000000
04.000000000000000000
04.000000000000000000
04.000000000000000000
04.000000000000000000
04.000000000000000000
04.000000000000000000
04.000000000000000000
04.000000000000000000
04.000000000000000000
04.000000000000000000
04.000000000000000000
04.000000000000000000
04.000000000000000000
04.000000000000000000
04.000000000000000000
04.000000000000000000
04.000000000000000000
04.000000000000000000
04.000000000000000000
04.000000000000000000
04.000000000000000000
04.000000000000000000
04.000000000000000000
04.000000000000000000
04.000000000000000000
04.000000000000000000
04.000000000000000000
04.000000000000000000
04.000000000000000000
04.000000000000000000
04.000000000000000000
04.000000000000000000
04.000000000000000000
04.000000000000000000
04.000000000000000000
04.000000000000000000
04.000000000000000000
04.000000000000000000
04.000000000000000000
04.000000000000000000
04.000000000000000000
04.000000000000000000
03.000000000000000000
03.000000000000000000
03.000000000000000000
03.000000000000000000
03.000000000000000000
03.000000000000000000
03.000000000000000000
03.000000000000000000
03.000000000000000000
03.000000000000000000
03.000000000000000000
03.000000000000000000
03.000000000000000000
03.000000000000000000
03.000000000000000000
03.000000000000000000
03.000000000000000000
03.000000000000000000
03.000000000000000000
03.000000000000000000
03.000000000000000000
03.000000000000000000
03.000000000000000000
03.000000000000000000
03.000000000000000000
03.000000000000000000
03.000000000000000000
03.000000000000000000
03.000000000000000000
03.000000000000000000
03.000000000000000000
03.000000000000000000
03.000000000000000000
03.000000000000000000
03.000000000000000000
03.000000000000000000
03.000000000000000000
03.000000000000000000
03.000000000000000000
03.000000000000000000
03.000000000000000000
03.000000000000000000
03.000000000000000000
03.000000000000000000
03.000000000000000000
03.000000000000000000
03.000000000000000000
03.000000000000000000
03.000000000000000000
03.000000000000000000
03.000000000000000000
03.000000000000000000
03.000000000000000000
03.000000000000000000
03.000000000000000000
03.000000000000000000
03.000000000000000000
03.000000000000000000
03.000000000000000000
03.000000000000000000
03.000000000000000000
03.000000000000000000
03.000000000000000000
03.000000000000000000
03.000000000000000000
03.000000000000000000
03.000000000000000000
03.000000000000000000
03.000000000000000000
03.000000000000000000
03.000000000000000000
03.000000000000000000
03.000000000000000000
03.000000000000000000
03.000000000000000000
03.000000000000000000
03.000000000000000000
03.000000000000000000
03.000000000000000000
03.000000000000000000
05.000000000000000000
05.000000000000000000
05.000000000000000000
05.000000000000000000
05.000000000000000000
05.000000000000000000
05.000000000000000000
05.000000000000000000
07.000000000000000000
05.013626645322236008
04.451165552159761063
04.297952365215670589
04.328185636759669386
04.567375619158942968
05.337309446101341948
08.000000000000000000
07.000000000000000000
05.025969311311257570
04.339809835216016154
04.130151466810979777
04.177899441060628050
04.511574143416617666
05.439000805597471455
08.000000000000000000
07.000000000000000000
05.036821363445349142
04.327158028522917199
04.102996681042295535
04.158898868836580220
04.521660780487552600
05.477060092842226169
08.000000000000000000
07.000000000000000000
05.047485853224693564
04.338480866003274983
04.113573600908821959
04.172518795119389168
04.540873704159346325
05.495821298506799124
08.000000000000000000
07.000000000000000000
05.061494168551750050
04.361953518715939282
04.141489116922958402
04.200434311133524723
04.564346356872009736
05.509829613833855610
08.000000000000000000
07.000000000000000000
05.087663619051459030
04.409490748231662316
04.199203440244227536
04.255105628038512222
04.603993500196297717
05.527902348448336056
08.000000000000000000
07.000000000000000000
05.151620022229808527
04.527235538258290504
04.341024620809021073
04.388772595058669346
04.698999846458891128
05.564651516516021523
08.000000000000000000
07.000000000000000000
05.340915597199574094
04.869870417690785658
04.742651337989639337
04.772884609533638134
04.986080484689967562
05.664598397978680033
08.000000000000000000
06.000000000000000000
06.000000000000000000
06.000000000000000000
06.000000000000000000
06.000000000000000000
06.000000000000000000
06.000000000000000000
06.000000000000000000
05.000000000000000000
05.000000000000000000
05.000000000000000000
05.000000000000000000
05.000000000000000000
05.000000000000000000
05.000000000000000000
05.000000000000000000
07.000000000000000000
05.611694915604203970
05.067488528493895750
04.892413570046938887
04.940219303028980491
05.239385353406505352
06.024835892974277129
08.000000000000000000
07.000000000000000000
05.777836921051183516
05.125178626135116211
04.887154073961452738
04.963722808114969354
05.384832426431777286
06.320840540675584762
08.000000000000000000
07.000000000000000000
05.835730094842562998
05.171029617590432892
04.919702754445376414
05.010118368789594712
05.468458159165614063
06.421922430820310446
08.000000000000000000
07.000000000000000000
05.865010085276921359
05.209485881415992559
04.960622738723589720
05.056324310466204786
05.520444996811846750
06.464743259009651410
08.000000000000000000
07.000000000000000000
05.888877551856278814
05.249757453643013605
05.008706359573299238
05.104407931315915192
05.560716569038867796
06.488610725589009753
08.000000000000000000
07.000000000000000000
05.919134445040348247
05.307682262583934829
05.080355701362732290
05.170771315706950588
05.605110804159116888
06.505326781018095694
08.000000000000000000
07.000000000000000000
05.966636655923754695
05.412963317814636355
05.214155557734840407
05.290724291888357023
05.672617118111297430
06.509640275548154165
08.000000000000000000
07.000000000000000000
06.031421674943238109
05.620908741602792524
05.487064539542832797
05.534870272524873513
05.792805566515403015
06.444562652313311268
08.000000000000000000
06.000000000000000000
06.000000000000000000
06.000000000000000000
06.000000000000000000
06.000000000000000000
06.000000000000000000
06.000000000000000000
06.000000000000000000
05.000000000000000000
05.000000000000000000
05.000000000000000000
05.000000000000000000
05.000000000000000000
05.000000000000000000
05.000000000000000000
05.000000000000000000
07.000000000000000000
05.823882358067472786
05.345907862972052449
05.187376230971650237
05.243551312937868580
05.541040966695718772
06.264647492856981970
08.000000000000000000
07.000000000000000000
06.090588398453683716
05.545414017426942621
05.337085233367382386
05.427859925397497953
05.843672939262621213
06.677475317046304149
08.000000000000000000
07.000000000000000000
06.191619908307872677
05.656648461060255428
05.443895244565510438
05.551735146773719265
06.000764541415439801
06.829485467128325382
08.000000000000000000
07.000000000000000000
06.239176513194900409
05.724574913493820638
05.519473779394518331
05.633948078707901708
06.085506675952625955
06.893575775308724118
08.000000000000000000
07.000000000000000000
06.268791251388228680
05.774800840311140604
05.579629244748216976
05.694103544061601241
06.135732602769946809
06.923190513502049726
08.000000000000000000
07.000000000000000000
06.292506317143706340
05.823216464523678582
05.640564175184885620
05.748404077393093559
06.167332544878862066
06.930371875964159045
08.000000000000000000
07.000000000000000000
06.307634646238522436
05.880250947857855515
05.719877960476174472
05.810652652506289151
06.178509869693533219
06.894521564831141092
08.000000000000000000
07.000000000000000000
06.273354064838554400
05.946640671543208967
05.836822866267079135
05.892997948233297478
06.141773775266874402
06.714119199628063583
08.000000000000000000
06.000000000000000000
06.000000000000000000
06.000000000000000000
06.000000000000000000
06.000000000000000000
06.000000000000000000
06.000000000000000000
06.000000000000000000
05.000000000000000000
05.000000000000000000
05.000000000000000000
05.000000000000000000
05.000000000000000000
05.000000000000000000
05.000000000000000000
05.000000000000000000
07.000000000000000000
05.911644770948679906
05.479442478314827447
05.339204172671255577
05.399017344888118686
05.683866377392806868
06.361713303442202871
08.000000000000000000
07.000000000000000000
06.233868599461819926
05.766833677897527544
05.590907241584188725
05.688025447980660232
06.081105529693655143
06.836424265926741128
08.000000000000000000
07.000000000000000000
06.364471484083602526
05.926710897211198592
05.755432955919939531
05.871219569628173929
06.290717196187176619
07.021497724816576635
08.000000000000000000
07.000000000000000000
06.425712286712585986
06.017814058246495179
05.858983814029589787
05.982114122265553391
06.400320811658431808
07.100742193358017040
08.000000000000000000
07.000000000000000000
06.458334768090883138
06.073315831044806323
05.925590852040077294
06.048721160276040898
06.455822584456742064
07.133364674736314193
08.000000000000000000
07.000000000000000000
06.473973754992927709
06.108292173862241548
05.970383357402591074
06.086169971110825472
06.472298472838218686
07.130999995725901819
08.000000000000000000
07.000000000000000000
06.463210930699425205
06.122793210250492280
05.999197587729155678
06.096315794125627185
06.437065062046618102
07.065766597164346408
08.000000000000000000
07.000000000000000000
06.371767320594786455
06.098056289667422192
06.009957906404901351
06.069771078621765348
06.302480188745401612
06.821835853088309420
08.000000000000000000
06.000000000000000000
06.000000000000000000
06.000000000000000000
06.000000000000000000
06.000000000000000000
06.000000000000000000
06.000000000000000000
06.000000000000000000
05.000000000000000000
05.000000000000000000
05.000000000000000000
05.000000000000000000
05.000000000000000000
05.000000000000000000
05.000000000000000000
05.000000000000000000
07.000000000000000000
05.951719198945192524
05.545623783302052523
05.417799072033131047
05.479113769276843016
05.753691305581853932
06.405099765263376099
08.000000000000000000
07.000000000000000000
06.303318813393302911
05.882444171463292015
05.728836323340027903
05.828625421963241848
06.203157464299766666
06.911662798312955047
08.000000000000000000
07.000000000000000000
06.451761112325917757
06.072919585717599489
05.930524969574074490
06.049715383587803252
06.445094637054603837
07.116064599624734477
08.000000000000000000
07.000000000000000000
06.521785277543312276
06.179302754304273115
06.052792983885524336
06.179665854490407284
06.570768372015930225
07.204761715640838560
08.000000000000000000
07.000000000000000000
06.555868241569396737
06.237389244150143952
06.122580199085041919
06.249453069689926643
06.628854861861800174
07.238844679666921245
08.000000000000000000
07.000000000000000000
06.565279444084374028
06.261583259425853143
06.154168717126481170
06.273359131140208156
06.633758310762855714
07.229582931383190747
08.000000000000000000
07.000000000000000000
06.537949319731709785
06.247661326099251511
06.148436034654122473
06.248225133277336418
06.568374618935726161
07.146293304651361922
08.000000000000000000
07.000000000000000000
06.415928875908553763
06.171315072019230463
06.097141455661915899
06.158456152905626979
06.379382594299031872
06.869309442226738227
08.000000000000000000
06.000000000000000000
06.000000000000000000
06.000000000000000000
06.000000000000000000
06.000000000000000000
06.000000000000000000
06.000000000000000000
06.000000000000000000
05.000000000000000000
05.000000000000000000
05.000000000000000000
05.000000000000000000
05.000000000000000000
05.000000000000000000
05.000000000000000000
05.000000000000000000
07.000000000000000000
05.970299082152049408
05.577610625210851047
05.456690313466308950
05.518582934057706169
05.787039747769352260
06.424854343121941369
08.000000000000000000
07.000000000000000000
06.336575573588959287
05.939915790772877457
05.798877539460121966
05.899708881985158193
06.263076546754533958
06.947018931122048713
08.000000000000000000
07.000000000000000000
06.494624096199819618
06.147229739166370166
06.021272755585238556
06.141808265360608310
06.522554522862838766
07.161616620346766382
08.000000000000000000
07.000000000000000000
06.569551178244242173
06.262267687464087018
06.154229666250097708
06.282592126681990408
06.657216069802524672
07.255493583004687608
08.000000000000000000
07.000000000000000000
06.604274484775964460
06.321493874242950284
06.225424817950425016
06.353787278382318604
06.716442256581385273
07.290216889536409894
08.000000000000000000
07.000000000000000000
06.609858700538669751
06.338942204211272191
06.248677805822857145
06.369213315598227787
06.714266987907742568
07.276851224685613850
08.000000000000000000
07.000000000000000000
06.573358719560961738
06.308942309335723309
06.223164656984472742
06.323995999509508081
06.632103065317379809
07.183802077094051164
08.000000000000000000
07.000000000000000000
06.436070616034569092
06.206051438450113977
06.139404498273573374
06.201297118864970592
06.415480561008615190
06.890625877004461053
08.000000000000000000
06.000000000000000000
06.000000000000000000
06.000000000000000000
06.000000000000000000
06.000000000000000000
06.000000000000000000
06.000000000000000000
06.000000000000000000
05.000000000000000000
05.000000000000000000
05.000000000000000000
05.000000000000000000
05.000000000000000000
05.000000000000000000
05.000000000000000000
05.000000000000000000
07.000000000000000000
05.977295903229741469
05.589900593819762342
05.471799217693758877
05.533840919581025197
05.799676140953970105
06.432143164547374781
08.000000000000000000
07.000000000000000000
06.349299448142637914
05.962307474279021413
05.826438753648975677
05.927540934216330548
06.286096292226101667
06.960270399787248152
08.000000000000000000
07.000000000000000000
06.511236040870366892
06.176512965806353783
06.057356526539482644
06.178244023916813710
06.552652488449474788
07.178910954753902729
08.000000000000000000
07.000000000000000000
06.588163140601909440
06.295108770597926728
06.194723433946224489
06.323477276130679670
06.690962147032259999
07.274862307762688829
08.000000000000000000
07.000000000000000000
06.623064861720884267
06.354653390972757165
06.266312765966078224
06.395066608150532517
06.750506767407089548
07.309764028881664544
08.000000000000000000
07.000000000000000000
06.626942875418039058
06.369067225204674720
06.285802690509253665
06.406690187886583843
06.745206747847795725
07.294617789301576671
08.000000000000000000
07.000000000000000000
06.586661278456154456
06.332363114793026604
06.251996553721021144
06.353098734288375127
06.656151932740107746
07.197632230100763806
08.000000000000000000
07.000000000000000000
06.443475500760754926
06.219064921020428294
06.155404917040312007
06.217446618927577440
06.428840468154637833
06.898322762078388237
08.000000000000000000
06.000000000000000000
06.000000000000000000
06.000000000000000000
06.000000000000000000
06.000000000000000000
06.000000000000000000
06.000000000000000000
06.000000000000000000
05.000000000000000000
05.000000000000000000
05.000000000000000000
05.000000000000000000
05.000000000000000000
05.000000000000000000
05.000000000000000000
05.000000000000000000
07.000000000000000000
05.975983623732109784
05.587694554776781786
05.469121688375530255
05.531014308966925697
05.797123677335282110
06.430538884702001745
08.000000000000000000
07.000000000000000000
06.346943967309302437
05.958328548362579191
05.821593195410383004
05.922424537935418343
06.281489304344237468
06.957387324842392751
08.000000000000000000
07.000000000000000000
06.508169710310053979
06.171307561290647392
06.050996696870488023
06.171532206645858665
06.546632344987118657
07.175162234456998966
08.000000000000000000
07.000000000000000000
06.584667405528237261
06.289151260432578994
06.187429297800851380
06.315791758232744968
06.684099642771014871
07.270609810288684471
08.000000000000000000
07.000000000000000000
06.619390712059959547
06.348377447211442259
06.258624449501179576
06.386986909933070500
06.743325829549878137
07.305333116820404982
08.000000000000000000
07.000000000000000000
06.623404314648903224
06.363020026335549417
06.278401747108105724
06.398937256883478142
06.738344810032020682
07.290396838795847323
08.000000000000000000
07.000000000000000000
06.583727113281304888
06.327355066925426819
06.245880312934732892
06.346711655459768231
06.650515822907082431
07.194170470814395202
08.000000000000000000
07.000000000000000000
06.441755157614629468
06.216135368016042051
06.151835873182792014
06.213728493774190120
06.425564490574545040
06.896310418584523205
08.000000000000000000
06.000000000000000000
06.000000000000000000
06.000000000000000000
06.000000000000000000
06.000000000000000000
06.000000000000000000
06.000000000000000000
06.000000000000000000
05.000000000000000000
05.000000000000000000
05.000000000000000000
05.000000000000000000
05.000000000000000000
05.000000000000000000
05.000000000000000000
05.000000000000000000
07.000000000000000000
05.965493022274944046
05.569811834898969138
05.447421098269746409
05.508735795513458378
05.777879357178769659
06.418873588593128510
08.000000000000000000
07.000000000000000000
06.328106742106827554
05.926070253675791655
05.782337627816525050
05.882126726439738995
06.246783546512265417
06.936450727026478802
08.000000000000000000
07.000000000000000000
06.483765084272001822
06.129345630979461390
05.999803833945144937
06.118994247958875476
06.501520682316463962
07.148068571570821206
08.000000000000000000
07.000000000000000000
06.557267028385754593
06.241918495307199777
06.129719025870754123
06.256591896475637959
06.633384113018856887
07.240243466483280876
08.000000000000000000
07.000000000000000000
06.591349992411839054
06.300004985153071502
06.199506241070270818
06.326379111675156430
06.691470602864726835
07.274326430509365338
08.000000000000000000
07.000000000000000000
06.597283416030458980
06.318009304687715044
06.223447581497551617
06.342637995511279492
06.690184356024717616
07.261586903329277476
08.000000000000000000
07.000000000000000000
06.562737248445234428
06.291287408311751150
06.201937339130621396
06.301726437753835341
06.612000701148224913
07.171081233364886565
08.000000000000000000
07.000000000000000000
06.429702699238306174
06.195503123616147079
06.126763481898531261
06.188078179142242341
06.403570645895947600
06.883083265556489749
08.000000000000000000
06.000000000000000000
06.000000000000000000
06.000000000000000000
06.000000000000000000
06.000000000000000000
06.000000000000000000
06.000000000000000000
06.000000000000000000
05.000000000000000000
05.000000000000000000
05.000000000000000000
05.000000000000000000
05.000000000000000000
05.000000000000000000
05.000000000000000000
05.000000000000000000
07.000000000000000000
05.939875309207188536
05.527908884714207716
05.397744199878113491
05.457557372094977488
05.732332783792187136
06.389943841700711502
08.000000000000000000
07.000000000000000000
06.283282460881746800
05.852094848053187803
05.694189346811035612
05.791307553207508896
06.166366699849314514
06.885838127346668003
08.000000000000000000
07.000000000000000000
06.426860698221080526
06.034750988695973817
05.886597891153431128
06.002384504861664638
06.398757287671952732
07.083886938954054635
08.000000000000000000
07.000000000000000000
06.494067215271868143
06.136396870682102822
06.003109688231056396
06.126239996467019999
06.518903624094038562
07.169097121917299198
08.000000000000000000
07.000000000000000000
06.526689696650165295
06.191898643480414854
06.069716726241544791
06.192847034477507506
06.574405396892350595
07.201719603295597238
08.000000000000000000
07.000000000000000000
06.536362969130405709
06.216332265347016772
06.101548292636083559
06.217334906344317069
06.580338564322994799
07.193389209863380707
08.000000000000000000
07.000000000000000000
06.512624792119352080
06.208054380406153427
06.102479692956002566
06.199597899352475849
06.522326232202280138
07.115180458584275058
08.000000000000000000
07.000000000000000000
06.399997858853295085
06.146522696066804237
06.068497933611760153
06.128311105828624150
06.350946595144782769
06.850066391346818939
08.000000000000000000
06.000000000000000000
06.000000000000000000
06.000000000000000000
06.000000000000000000
06.000000000000000000
06.000000000000000000
06.000000000000000000
06.000000000000000000
05.000000000000000000
05.000000000000000000
05.000000000000000000
05.000000000000000000
05.000000000000000000
05.000000000000000000
05.000000000000000000
05.000000000000000000
07.000000000000000000
05.881999289473548664
05.441177935724127224
05.299561165078573666
05.355736247044791121
05.636311039447792659
06.322764424263057847
08.000000000000000000
07.000000000000000000
06.187115269730632861
05.705423681585027218
05.526601515986246937
05.617376208016361616
06.003682603420706698
06.774002188323251517
08.000000000000000000
07.000000000000000000
06.309079640219050766
05.852737874451621636
05.677064311129860208
05.784904213338069034
06.196853954806805120
06.946945199039503471
08.000000000000000000
07.000000000000000000
06.365547472130328011
05.936227295306760077
05.771625318070194410
05.886099617383578675
06.297159057765564505
07.019946734244150832
08.000000000000000000
07.000000000000000000
06.395162210323655394
05.986453222124079154
05.831780783423893055
05.946255082737277320
06.347384984582884471
07.049561472437476439
08.000000000000000000
07.000000000000000000
06.409966049054883541
06.019305877915043901
05.873733241749234502
05.981573143957444216
06.363421958270226497
07.047831607875337134
08.000000000000000000
07.000000000000000000
06.404161517515471580
06.040260612015940112
05.909394243095039911
06.000168935125153702
06.338519533851618704
06.991048436108091124
08.000000000000000000
07.000000000000000000
06.331470996244629390
06.041910744295282853
05.949007800374001675
06.005182882340220019
06.237043848018948289
06.772236131034138573
08.000000000000000000
06.000000000000000000
06.000000000000000000
06.000000000000000000
06.000000000000000000
06.000000000000000000
06.000000000000000000
06.000000000000000000
06.000000000000000000
05.000000000000000000
05.000000000000000000
05.000000000000000000
05.000000000000000000
05.000000000000000000
05.000000000000000000
05.000000000000000000
05.000000000000000000
07.000000000000000000
05.740881045792275650
05.261238849587830835
05.111130443825720349
05.158936176807761065
05.433135674500442214
06.154022023162349697
08.000000000000000000
07.000000000000000000
05.972930907850750870
05.424228610649568516
05.228131384296808903
05.304700118450325519
05.683882410946230479
06.515934527475152116
08.000000000000000000
07.000000000000000000
06.060329280805927255
05.519397543542497786
05.319293923194019058
05.409709537538236468
05.816826085117680734
06.646521616783675590
08.000000000000000000
07.000000000000000000
06.100755069596011992
05.576965349848061138
05.383258994298594224
05.478960566041209290
05.887924465243916217
06.700488243328742932
08.000000000000000000
07.000000000000000000
06.124622536175369447
05.617236922075082184
05.431342615148304631
05.527044186890919697
05.928196037470937263
06.724355709908100387
08.000000000000000000
07.000000000000000000
06.143733631003712503
05.656050188535999723
05.479946870111374047
05.570362484455592345
05.953478730111182671
06.729925966981459950
08.000000000000000000
07.000000000000000000
06.161730642723319384
05.712013302329087772
05.555132868070194796
05.631701602223712300
05.971667102625750623
06.704734262347720630
08.000000000000000000
07.000000000000000000
06.160607805131309789
05.814659062696726721
05.705781413321613371
05.753587146303654976
05.986555887609338100
06.573748782501382948
08.000000000000000000
06.000000000000000000
06.000000000000000000
06.000000000000000000
06.000000000000000000
06.000000000000000000
06.000000000000000000
06.000000000000000000
06.000000000000000000
05.000000000000000000
05.000000000000000000
05.000000000000000000
05.000000000000000000
05.000000000000000000
05.000000000000000000
05.000000000000000000
05.000000000000000000
07.000000000000000000
05.342332050943801924
04.872411564317967958
04.745809392208300892
04.776042663752299688
04.988621631317149863
05.666014851722907864
08.000000000000000000
07.000000000000000000
05.448162009347822909
04.897656564762462139
04.730305929076874527
04.778053903326522800
05.069420872963063651
05.861193503634036794
08.000000000000000000
07.000000000000000000
05.489029806519503119
04.932814995409170677
04.758575915988747518
04.814478103783031315
05.127317747373806966
05.929268535916379257
08.000000000000000000
07.000000000000000000
05.509180153292303928
04.959982662015333332
04.787975919079491050
04.846921113290058258
05.162375500171403786
05.957515598574408600
08.000000000000000000
07.000000000000000000
05.523188468619360414
04.983455314727996743
04.815891435093627493
04.874836629304194702
05.185848152884068085
05.971523913901465974
08.000000000000000000
07.000000000000000000
05.539872062125613006
05.015147715117917571
04.854782675190678631
04.910684862984963317
05.209650467082552083
05.980110791522488256
08.000000000000000000
07.000000000000000000
05.573812720266374754
05.085082267804735601
04.941179083074915823
04.988927057324564984
05.256846576005337113
05.986844214552588639
08.000000000000000000
07.000000000000000000
05.669621002821140010
05.291116429848992553
05.190508364982269640
05.220741636526268437
05.407326496848174457
05.993303803600245061
08.000000000000000000
06.000000000000000000
06.000000000000000000
06.000000000000000000
06.000000000000000000
06.000000000000000000
06.000000000000000000
06.000000000000000000
06.000000000000000000
04.000000000000000000
04.000000000000000000
04.000000000000000000
04.000000000000000000
04.000000000000000000
04.000000000000000000
04.000000000000000000
04.000000000000000000
04.000000000000000000
04.000000000000000000
04.000000000000000000
04.000000000000000000
04.000000000000000000
04.000000000000000000
04.000000000000000000
04.000000000000000000
04.000000000000000000
04.000000000000000000
04.000000000000000000
04.000000000000000000
04.000000000000000000
04.000000000000000000
04.000000000000000000
04.000000000000000000
04.000000000000000000
04.000000000000000000
04.000000000000000000
04.000000000000000000
04.000000000000000000
04.000000000000000000
04.000000000000000000
04.000000000000000000
04.000000000000000000
04.000000000000000000
04.000000000000000000
04.000000000000000000
04.000000000000000000
04.000000000000000000
04.000000000000000000
04.000000000000000000
04.000000000000000000
04.000000000000000000
04.000000000000000000
04.000000000000000000
04.000000000000000000
04.000000000000000000
04.000000000000000000
04.000000000000000000
04.000000000000000000
04.000000000000000000
04.000000000000000000
04.000000000000000000
04.000000000000000000
04.000000000000000000
04.000000000000000000
04.000000000000000000
04.000000000000000000
04.000000000000000000
04.000000000000000000
04.000000000000000000
04.000000000000000000
04.000000000000000000
04.000000000000000000
04.000000000000000000
04.000000000000000000
04.000000000000000000
04.000000000000000000
04.000000000000000000
04.000000000000000000
04.000000000000000000
04.000000000000000000
04.000000000000000000
04.000000000000000000
04.000000000000000000
04.000000000000000000
04.000000000000000000
04.000000000000000000
04.000000000000000000
04.000000000000000000
04.000000000000000000
03.000000000000000000
03.000000000000000000
03.000000000000000000
03.000000000000000000
03.000000000000000000
03.000000000000000000
03.000000000000000000
03.000000000000000000
03.000000000000000000
03.000000000000000000
03.000000000000000000
03.000000000000000000
03.000000000000000000
03.000000000000000000
03.000000000000000000
03.000000000000000000
03.000000000000000000
03.000000000000000000
03.000000000000000000
03.000000000000000000
03.000000000000000000
03.000000000000000000
03.000000000000000000
03.000000000000000000
03.000000000000000000
03.000000000000000000
03.000000000000000000
03.000000000000000000
03.000000000000000000
03.000000000000000000
03.000000000000000000
03.000000000000000000
03.000000000000000000
03.000000000000000000
03.000000000000000000
03.000000000000000000
03.000000000000000000
03.000000000000000000
03.000000000000000000
03.000000000000000000
03.000000000000000000
03.000000000000000000
03.000000000000000000
03.000000000000000000
03.000000000000000000
03.000000000000000000
03.000000000000000000
03.000000000000000000
03.000000000000000000
03.000000000000000000
03.000000000000000000
03.000000000000000000
03.000000000000000000
03.000000000000000000
03.000000000000000000
03.000000000000000000
03.000000000000000000
03.000000000000000000
03.000000000000000000
03.000000000000000000
03.000000000000000000
03.000000000000000000
03.000000000000000000
03.000000000000000000
03.000000000000000000
03.000000000000000000
03.000000000000000000
03.000000000000000000
03.000000000000000000
03.000000000000000000
03.000000000000000000
03.000000000000000000
03.000000000000000000
03.000000000000000000
03.000000000000000000
03.000000000000000000
03.000000000000000000
03.000000000000000000
03.000000000000000000
03.000000000000000000
05.000000000000000000
05.000000000000000000
05.000000000000000000
05.000000000000000000
05.000000000000000000
05.000000000000000000
05.000000000000000000
05.000000000000000000
07.000000000000000000
05.018935064888461639
04.460464488958716167
04.309350544737164945
04.339662862208519378
04.576858531115465922
05.342773407250888340
08.000000000000000000
07.000000000000000000
05.035559557990021418
04.356646263369460037
04.150818065765633946
04.198709586417921358
04.528743906990401413
05.448871791440862644
08.000000000000000000
07.000000000000000000
05.049260776396408801
04.349037688081383912
04.129887566365456841
04.185976266856970440
04.543972674109179266
05.489862345311420810
08.000000000000000000
07.000000000000000000
05.061355114717458470
04.362901579273272823
04.143608972353517217
04.202761539029912896
04.565774456499276823
05.510092814716776033
08.000000000000000000
07.000000000000000000
05.075459222962932948
04.386545212429773244
04.171736154425063958
04.230888721101457861
04.589418089655778132
05.524196922962251399
08.000000000000000000
07.000000000000000000
05.100356527402661655
04.431822275698982239
04.226653194313048090
04.282741894804562577
04.626757261726777593
05.540958096317673665
08.000000000000000000
07.000000000000000000
05.161521006131625455
04.544624454627982146
04.362373317331232236
04.410264837983520536
04.716722098248924411
05.574833239582466682
08.000000000000000000
07.000000000000000000
05.346443463641044502
04.879558230059705792
04.754528544061346729
04.784840861532702050
04.995952272216454659
05.670281806003471203
08.000000000000000000
06.000000000000000000
06.000000000000000000
06.000000000000000000
06.000000000000000000
06.000000000000000000
06.000000000000000000
06.000000000000000000
06.000000000000000000
05.000000000000000000
05.000000000000000000
05.000000000000000000
05.000000000000000000
05.000000000000000000
05.000000000000000000
05.000000000000000000
05.000000000000000000
07.000000000000000000
05.621503074477095296
05.084710323870831772
04.913554791294025392
04.961505200248825354
05.256943034120891589
06.034926848428792567
08.000000000000000000
07.000000000000000000
05.795601619509430869
05.156431971139659787
04.925569284793022362
05.002401117603499259
05.416695335337511352
06.339116704657789647
08.000000000000000000
07.000000000000000000
05.858824022272308696
05.211728031273000994
04.969784653993762014
05.060542580436081295
05.509948202030719777
06.445678622404228619
08.000000000000000000
07.000000000000000000
05.890790567419930568
05.254963036377274577
05.016621761279727032
05.112704230754905765
05.566802111890741145
06.491258713701487437
08.000000000000000000
07.000000000000000000
05.914836216691176318
05.295552808382486987
05.065099446349465850
05.161181915824645472
05.607391883895953555
06.515304362972733188
08.000000000000000000
07.000000000000000000
05.942698811674159032
05.349219785248381598
05.131475880080234475
05.222233806522553756
05.647439956006101269
06.529553411806077179
08.000000000000000000
07.000000000000000000
05.984975587963222488
05.445238546511989242
05.253833160492586529
05.330664993303063426
05.705501910709840807
06.528490673111580378
08.000000000000000000
07.000000000000000000
06.041633300871266599
05.638846409013334338
05.509088343451844061
05.557038752406644022
05.811079119263395043
06.455057074822965646
08.000000000000000000
06.000000000000000000
06.000000000000000000
06.000000000000000000
06.000000000000000000
06.000000000000000000
06.000000000000000000
06.000000000000000000
06.000000000000000000
05.000000000000000000
05.000000000000000000
05.000000000000000000
05.000000000000000000
05.000000000000000000
05.000000000000000000
05.000000000000000000
05.000000000000000000
07.000000000000000000
05.837053346403520138
05.369088313319576145
05.215875526994778077
05.272241981270328282
05.564664631648827964
06.278190191918064045
08.000000000000000000
07.000000000000000000
06.114506032570884209
05.587581820734944138
05.388988360398359490
05.480111593405394999
05.886646450196725056
06.702066593697665553
08.000000000000000000
07.000000000000000000
06.222786822570927967
05.711681900812588530
05.511704714142650730
05.619998769889453349
06.056846060458861203
06.861526310245513294
08.000000000000000000
07.000000000000000000
06.274016312018078523
05.786148217638118929
05.595386541957631188
05.710366633696628114
06.148246132196529601
06.929386523564304845
08.000000000000000000
07.000000000000000000
06.303871341638963344
05.836803499424055630
05.656073949888163810
05.771054041627158959
06.198901413982466302
06.959241553185190554
08.000000000000000000
07.000000000000000000
06.324306056553587574
05.879379418458735351
05.709771951332381690
05.818066007079185198
06.224543578105007136
06.963045544228172012
08.000000000000000000
07.000000000000000000
06.332321263780077203
05.923788441433700314
05.773474242515407084
05.864597475522440817
06.222853070895481231
06.919881824906858547
08.000000000000000000
07.000000000000000000
06.287062583366034296
05.970776028578626438
05.866500450759596141
05.922866905035147234
06.166352346907876480
06.728199428880577315
08.000000000000000000
06.000000000000000000
06.000000000000000000
06.000000000000000000
06.000000000000000000
06.000000000000000000
06.000000000000000000
06.000000000000000000
06.000000000000000000
05.000000000000000000
05.000000000000000000
05.000000000000000000
05.000000000000000000
05.000000000000000000
05.000000000000000000
05.000000000000000000
05.000000000000000000
07.000000000000000000
05.927101979638993434
05.506696279354125423
05.372752018967295484
05.432785958026581596
05.711630530482694645
06.377597310791358609
08.000000000000000000
07.000000000000000000
06.261997083521915641
05.816509020065285362
05.652119701943448149
05.749640481173332596
06.131709890990133971
06.865327450809700416
08.000000000000000000
07.000000000000000000
06.401198812120266979
05.991664522090642819
05.835549108541355778
05.951860934273943471
06.356880945320643406
07.059231631461626577
08.000000000000000000
07.000000000000000000
06.466815051556732641
06.090565358427596721
05.948767433090143442
06.072483111330917893
06.474419655061092627
07.142964296137710889
08.000000000000000000
07.000000000000000000
06.499719701697805441
06.146571550828417330
06.015999634989237066
06.139715313230014182
06.530425847461911459
07.175868946278785465
08.000000000000000000
07.000000000000000000
06.511442631941791959
06.174570105181682145
06.052139638681478750
06.168451464414065555
06.539786528411682731
07.169475451283149781
08.000000000000000000
07.000000000000000000
06.492237208513025770
06.174068821640776861
06.062389268435559586
06.159910047665442256
06.489269692565628134
07.095567575800809657
08.000000000000000000
07.000000000000000000
06.387849567665114137
06.126421487478202366
06.044878049386580798
06.104911988445864246
06.331355738606769812
06.838344898817479312
08.000000000000000000
06.000000000000000000
06.000000000000000000
06.000000000000000000
06.000000000000000000
06.000000000000000000
06.000000000000000000
06.000000000000000000
06.000000000000000000
05.000000000000000000
05.000000000000000000
05.000000000000000000
05.000000000000000000
05.000000000000000000
05.000000000000000000
05.000000000000000000
05.000000000000000000
07.000000000000000000
05.968602737315491069
05.575429206587116049
05.454518039758028181
05.516070131101963980
05.784044874525269719
06.422440893131316386
08.000000000000000000
07.000000000000000000
06.334088220298355054
05.936845882129187402
05.795924334491401986
05.896146693650448967
06.258557912175731097
06.943263664607637331
08.000000000000000000
07.000000000000000000
06.491994166395697263
06.144149819070996443
06.018446068693416251
06.138202223836092486
06.517627025643297323
07.157379102390283521
08.000000000000000000
07.000000000000000000
06.566848788755653921
06.259147068040876505
06.151398231558546925
06.278901978429640707
06.652063531451919864
07.251028569222033759
08.000000000000000000
07.000000000000000000
06.601239321091862955
06.317783564916432226
06.221867280939651579
06.349371027810745360
06.710700028327474698
07.285419101558243682
08.000000000000000000
07.000000000000000000
06.606319605792801752
06.334255429269996185
06.243876138905150697
06.363632294047826932
06.707732635842297952
07.271704541787388010
08.000000000000000000
07.000000000000000000
06.569693421243493425
06.303801213107826484
06.217674592458033445
06.317896951617081314
06.625513243154368404
07.178868865552778367
08.000000000000000000
07.000000000000000000
06.433489157546689263
06.202324560786646401
06.135347795483208522
06.196899886827145210
06.410940228724800960
06.887327313362514580
08.000000000000000000
06.000000000000000000
06.000000000000000000
06.000000000000000000
06.000000000000000000
06.000000000000000000
06.000000000000000000
06.000000000000000000
06.000000000000000000
05.000000000000000000
05.000000000000000000
05.000000000000000000
05.000000000000000000
05.000000000000000000
05.000000000000000000
05.000000000000000000
05.000000000000000000
07.000000000000000000
05.987965758713983178
05.608820690836701317
05.495157919299230365
05.557296083183547175
05.818816422132509381
06.442993581626912381
08.000000000000000000
07.000000000000000000
06.368800304218571462
05.996928419013736189
05.869216446610399096
05.970496136307139601
06.321122082301460665
06.980102818418941091
08.000000000000000000
07.000000000000000000
06.536796210829276532
06.221939606365252118
06.113527167959919240
06.234648408887227156
06.598611806491445186
07.204906854378595682
08.000000000000000000
07.000000000000000000
06.616810023904605487
06.346052121291730685
06.257742194216857179
06.386758021261438323
06.742502261961209165
07.303997009273436980
08.000000000000000000
07.000000000000000000
06.651854110584888069
06.405852049555609717
06.329648705498577499
06.458664532543158643
06.802302190225089973
07.339041095953718674
08.000000000000000000
07.000000000000000000
06.652871882371439227
06.415155002833773601
06.342794406649482575
06.463915647576789603
06.791827202959965781
07.320982525920759265
08.000000000000000000
07.000000000000000000
06.606597702812067929
06.367764140374515769
06.295742431296491581
06.397022120993232086
06.691957803662241133
07.217900217012436670
08.000000000000000000
07.000000000000000000
06.454440446178547397
06.238512972465601436
06.179418405385453283
06.241556569269770094
06.448508703761410388
06.909468269091479264
08.000000000000000000
06.000000000000000000
06.000000000000000000
06.000000000000000000
06.000000000000000000
06.000000000000000000
06.000000000000000000
06.000000000000000000
06.000000000000000000
05.000000000000000000
05.000000000000000000
05.000000000000000000
05.000000000000000000
05.000000000000000000
05.000000000000000000
05.000000000000000000
05.000000000000000000
07.000000000000000000
05.995248653420004459
05.621624463899569157
05.510906883000504131
05.573196539556212414
05.831972074206728252
06.450572889717679281
08.000000000000000000
07.000000000000000000
06.382056891944879240
06.020277039552445864
05.897969878768392960
05.999524878335461331
06.345108877418187632
06.993895179486924185
08.000000000000000000
07.000000000000000000
06.554119336481957880
06.252500573064259548
06.151203022585208124
06.272682187059196224
06.630000932650048640
07.222923220808371347
08.000000000000000000
07.000000000000000000
06.636227784415512865
06.380341086184106558
06.300040168676476426
06.429454063486983451
06.777711335006248561
07.324183750097001067
08.000000000000000000
07.000000000000000000
06.671454335977099248
06.440466727648847645
06.372349919351875336
06.501763814162383248
06.837836976470988759
07.359410301658588338
08.000000000000000000
07.000000000000000000
06.670677626516149594
06.446576432104109244
06.381534604021309676
06.503013768495297775
06.824076791689898336
07.339481510842563061
08.000000000000000000
07.000000000000000000
06.620445032224176352
06.392163545140136627
06.325793495489843821
06.427348495056913080
06.716995383005876619
07.232283319766222185
08.000000000000000000
07.000000000000000000
06.462139425663233183
06.252054666641921443
06.196076803749701156
06.258366460305410328
06.462402276949081426
06.917463661960909782
08.000000000000000000
06.000000000000000000
06.000000000000000000
06.000000000000000000
06.000000000000000000
06.000000000000000000
06.000000000000000000
06.000000000000000000
06.000000000000000000
05.000000000000000000
05.000000000000000000
05.000000000000000000
05.000000000000000000
05.000000000000000000
05.000000000000000000
05.000000000000000000
05.000000000000000000
07.000000000000000000
05.993776482485829504
05.619131396995605598
05.507871498848933456
05.570009662733250266
05.829127128291415438
06.448804305398759595
08.000000000000000000
07.000000000000000000
06.379403877797894751
06.015763881003806546
05.892458156775427724
05.993737846472168229
06.339957544291531910
06.990706391998264380
08.000000000000000000
07.000000000000000000
06.550655768933594914
06.246581750129067245
06.143953452538309712
06.265074693465617628
06.623253950255258538
07.218766412482914063
08.000000000000000000
07.000000000000000000
06.632281148528493375
06.373573664443211939
06.291735862988089067
06.420751690032668435
06.770023805112692195
07.319468133897323980
08.000000000000000000
07.000000000000000000
06.667325235208775069
06.433373592707091859
06.363642374269809387
06.492658201314389643
06.829823733376571226
07.354512220577604786
08.000000000000000000
07.000000000000000000
06.666731440475758497
06.439797146597588728
06.373220691227873047
06.494341932155180963
06.816469346723780909
07.334842084025077646
08.000000000000000000
07.000000000000000000
06.617201276391390330
06.386599602364587902
06.318984141461519322
06.420263831158259826
06.710793265652312378
07.228503790591760847
08.000000000000000000
07.000000000000000000
06.460251169950395500
06.248823678624504829
06.192131984935156375
06.254270148819472297
06.458819409920314669
06.915278992863325591
08.000000000000000000
06.000000000000000000
06.000000000000000000
06.000000000000000000
06.000000000000000000
06.000000000000000000
06.000000000000000000
06.000000000000000000
06.000000000000000000
05.000000000000000000
05.000000000000000000
05.000000000000000000
05.000000000000000000
05.000000000000000000
05.000000000000000000
05.000000000000000000
05.000000000000000000
07.000000000000000000
05.982627921041461683
05.600068644517016914
05.484701435756007548
05.546253527099943348
05.808684312455171472
06.436466076857287000
08.000000000000000000
07.000000000000000000
06.359343875822349723
05.981312002543749173
05.850470458242733152
05.950692817401781021
06.303024032590291093
06.968519320131635553
08.000000000000000000
07.000000000000000000
06.524621434488531158
06.201695450165945367
06.089117583246610010
06.208873738389287134
06.575172656738246246
07.190006370483117415
08.000000000000000000
07.000000000000000000
06.603034389031790852
06.323027185886409995
06.229897121939535154
06.357400868810628936
06.715943649297452467
07.287214169498170691
08.000000000000000000
07.000000000000000000
06.637424921367999886
06.381663682761965717
06.300366171320639808
06.427869918191732701
06.774580146173008188
07.321604701834380613
08.000000000000000000
07.000000000000000000
06.638946873885633870
06.391801060364945108
06.314547653458344456
06.434303808601021579
06.765278266937247764
07.304331809880221904
08.000000000000000000
07.000000000000000000
06.594949076767489871
06.348267333522387368
06.272220716209365499
06.372443075368412480
06.669979363568931063
07.204124521076774812
08.000000000000000000
07.000000000000000000
06.447514341272659877
06.226963998716547266
06.165531191481187889
06.227083282825125465
06.435579666654700937
06.901352497088486082
08.000000000000000000
06.000000000000000000
06.000000000000000000
06.000000000000000000
06.000000000000000000
06.000000000000000000
06.000000000000000000
06.000000000000000000
06.000000000000000000
05.000000000000000000
05.000000000000000000
05.000000000000000000
05.000000000000000000
05.000000000000000000
05.000000000000000000
05.000000000000000000
05.000000000000000000
07.000000000000000000
05.955697126209244630
05.555816483160571195
05.432104253375110048
05.492138192434396160
05.760750734289139530
06.406192457361610693
08.000000000000000000
07.000000000000000000
06.312087529432904631
05.902983668861775612
05.756909541174971778
05.854430320404854449
06.218184539786627774
06.915417896720688518
08.000000000000000000
07.000000000000000000
06.464487049295272847
06.101317387055941843
05.968718214729678451
06.085030040462266143
06.466533810285941541
07.122519868636632445
08.000000000000000000
07.000000000000000000
06.536183392885247301
06.210966378871528804
06.095152981554702087
06.218868659795477427
06.594820675505022933
07.212332637466225549
08.000000000000000000
07.000000000000000000
06.569088043026321877
06.266972571272349413
06.162385183453797488
06.286100861694572828
06.650826867905841766
07.245237287607300125
08.000000000000000000
07.000000000000000000
06.574730869116796939
06.284222970146980281
06.185308744869800535
06.301620570602387339
06.649439393376979979
07.232763688458156537
08.000000000000000000
07.000000000000000000
06.542327654424014760
06.260543470437268887
06.167179107667084104
06.264699886896966774
06.575744341362120160
07.145658021711799535
08.000000000000000000
07.000000000000000000
06.416444714235367108
06.175541691284647250
06.104230283794394474
06.164264222853680586
06.380475942413214696
06.866940045387732283
08.000000000000000000
06.000000000000000000
06.000000000000000000
06.000000000000000000
06.000000000000000000
06.000000000000000000
06.000000000000000000
06.000000000000000000
06.000000000000000000
05.000000000000000000
05.000000000000000000
05.000000000000000000
05.000000000000000000
05.000000000000000000
05.000000000000000000
05.000000000000000000
05.000000000000000000
07.000000000000000000
05.895606924792037518
05.465139590848540507
05.329029331207033593
05.385395785482583797
05.660715909177792327
06.336743770306580537
08.000000000000000000
07.000000000000000000
06.211839999057770179
05.749035996778902202
05.580296644309471255
05.671419877316505875
06.048100626240682232
06.799400560184552411
08.000000000000000000
07.000000000000000000
06.341314726189474449
05.909683773096719328
05.747246913376254263
05.855540969123056882
06.254847932742991112
06.980054213864058887
08.000000000000000000
07.000000000000000000
06.401588454756596214
05.999951646716023212
05.850207676577040772
05.965187768316036809
06.362049561274434772
07.056958666302823424
08.000000000000000000
07.000000000000000000
06.431443484377482811
06.050606928501960802
05.910895084507573394
06.025875176246569431
06.412704843060370585
07.086813695923709133
08.000000000000000000
07.000000000000000000
06.442833960172134944
06.077381290742865261
05.945314150565986999
06.053608206312787843
06.422545450389137933
07.081573447846718494
08.000000000000000000
07.000000000000000000
06.429655230266963173
06.085242617477657490
05.964782526426517961
06.055905759433553470
06.384307246939437519
07.017215791393743629
08.000000000000000000
07.000000000000000000
06.345616161754550788
06.066827306107590800
05.979654254971852545
06.036020709247402749
06.262403624436842620
06.786753007269093807
08.000000000000000000
06.000000000000000000
06.000000000000000000
06.000000000000000000
06.000000000000000000
06.000000000000000000
06.000000000000000000
06.000000000000000000
06.000000000000000000
05.000000000000000000
05.000000000000000000
05.000000000000000000
05.000000000000000000
05.000000000000000000
05.000000000000000000
05.000000000000000000
05.000000000000000000
07.000000000000000000
05.751108725392534815
05.279208882608994458
05.133197591056091191
05.181148000010890264
05.451441592859056051
06.164532499344232974
08.000000000000000000
07.000000000000000000
05.991467252377198349
05.456859093079277301
05.268251517536258532
05.345083350346735429
05.717122457277129755
06.534982337525556240
08.000000000000000000
07.000000000000000000
06.084439560985408946
05.561910862140281964
05.371623629686175683
05.462381556128495852
05.860131032898001635
06.671294161117327981
08.000000000000000000
07.000000000000000000
06.127675218806484025
05.624478274115962684
05.441779958375629000
05.537862427850807734
05.936317349629427476
06.728143365088040895
08.000000000000000000
07.000000000000000000
06.151720868077730664
05.665068046121175094
05.490257643445366931
05.586340112920545664
05.976907121634639886
06.752189014359286645
08.000000000000000000
07.000000000000000000
06.168314350387258393
05.699402616115662568
05.533314855772649921
05.624072782214968313
05.997622786873381351
06.755168950519177429
08.000000000000000000
07.000000000000000000
06.180841220830989968
05.745665668451607644
05.596515393235823588
05.673347226046300484
06.005929032649460098
06.724356305979347859
08.000000000000000000
07.000000000000000000
06.171238951786707005
05.833344967751497023
05.728731143213909860
05.776681552168708933
06.005577678001558617
06.584662725738406053
08.000000000000000000
06.000000000000000000
06.000000000000000000
06.000000000000000000
06.000000000000000000
06.000000000000000000
06.000000000000000000
06.000000000000000000
06.000000000000000000
05.000000000000000000
05.000000000000000000
05.000000000000000000
05.000000000000000000
05.000000000000000000
05.000000000000000000
05.000000000000000000
05.000000000000000000
07.000000000000000000
05.347909437377328601
04.882188520257411568
04.757797671227188552
04.788109988698543873
04.998582562414160435
05.671747779739755302
08.000000000000000000
07.000000000000000000
05.458244451586562462
04.915368602939900633
04.752054157116420541
04.799945677768707952
05.087466246560842897
05.871556685037402801
08.000000000000000000
07.000000000000000000
05.502114413956102901
04.955843435968897204
04.786886717776071443
04.842975418267585930
05.150778421996691669
05.942715982871114910
08.000000000000000000
07.000000000000000000
05.523770915416878147
04.985688627798491090
04.819600413871219402
04.878752980547613305
05.188561505024496867
05.972508615416197486
08.000000000000000000
07.000000000000000000
05.537875023662353513
05.009332260954992400
04.847727595942765255
04.906880162619159158
05.212205138180997288
05.986612723661671964
08.000000000000000000
07.000000000000000000
05.553210164962355755
05.038628023586494642
04.883652345723663579
04.939741046215178955
05.233563009614290884
05.993811733877367764
08.000000000000000000
07.000000000000000000
05.584205899728164724
05.103346794198422742
04.963609408682019719
05.011500929334306242
05.275444437819364119
05.997518133179005950
08.000000000000000000
07.000000000000000000
05.675417836129911464
05.301282261358401193
05.202975670551370335
05.233287988022725656
05.417676303515150060
05.999256178492337277
08.000000000000000000
06.000000000000000000
06.000000000000000000
06.000000000000000000
06.000000000000000000
06.000000000000000000
06.000000000000000000
06.000000000000000000
06.000000000000000000
04.000000000000000000
04.000000000000000000
04.000000000000000000
04.000000000000000000
04.000000000000000000
04.000000000000000000
04.000000000000000000
04.000000000000000000
04.000000000000000000
04.000000000000000000
04.000000000000000000
04.000000000000000000
04.000000000000000000
04.000000000000000000
04.000000000000000000
04.000000000000000000
04.000000000000000000
04.000000000000000000
04.000000000000000000
04.000000000000000000
04.000000000000000000
04.000000000000000000
04.000000000000000000
04.000000000000000000
04.000000000000000000
04.000000000000000000
04.000000000000000000
04.000000000000000000
04.000000000000000000
04.000000000000000000
04.000000000000000000
04.000000000000000000
04.000000000000000000
04.000000000000000000
04.000000000000000000
04.000000000000000000
04.000000000000000000
04.000000000000000000
04.000000000000000000
04.000000000000000000
04.000000000000000000
04.000000000000000000
04.000000000000000000
04.000000000000000000
04.000000000000000000
04.000000000000000000
04.000000000000000000
04.000000000000000000
04.000000000000000000
04.000000000000000000
04.000000000000000000
04.000000000000000000
04.000000000000000000
04.000000000000000000
04.000000000000000000
04.000000000000000000
04.000000000000000000
04.000000000000000000
04.000000000000000000
04.000000000000000000
04.000000000000000000
04.000000000000000000
04.000000000000000000
04.000000000000000000
04.000000000000000000
04.000000000000000000
04.000000000000000000
04.000000000000000000
04.000000000000000000
04.000000000000000000
04.000000000000000000
04.000000000000000000
04.000000000000000000
04.000000000000000000
04.000000000000000000
04.000000000000000000
04.000000000000000000
04.000000000000000000
04.000000000000000000
04.000000000000000000
03.000000000000000000
03.000000000000000000
03.000000000000000000
03.000000000000000000
03.000000000000000000
03.000000000000000000
03.000000000000000000
03.000000000000000000
03.000000000000000000
03.000000000000000000
03.000000000000000000
03.000000000000000000
03.000000000000000000
03.000000000000000000
03.000000000000000000
03.000000000000000000
03.000000000000000000
03.000000000000000000
03.000000000000000000
03.000000000000000000
03.000000000000000000
03.000000000000000000
03.000000000000000000
03.000000000000000000
03.000000000000000000
03.000000000000000000
03.000000000000000000
03.000000000000000000
03.000000000000000000
03.000000000000000000
03.000000000000000000
03.000000000000000000
03.000000000000000000
03.000000000000000000
03.000000000000000000
03.000000000000000000
03.000000000000000000
03.000000000000000000
03.000000000000000000
03.000000000000000000
03.000000000000000000
03.000000000000000000
03.000000000000000000
03.000000000000000000
03.000000000000000000
03.000000000000000000
03.000000000000000000
03.000000000000000000
03.000000000000000000
03.000000000000000000
03.000000000000000000
03.000000000000000000
03.000000000000000000
03.000000000000000000
03.000000000000000000
03.000000000000000000
03.000000000000000000
03.000000000000000000
03.000000000000000000
03.000000000000000000
03.000000000000000000
03.000000000000000000
03.000000000000000000
03.000000000000000000
03.000000000000000000
03.000000000000000000
03.000000000000000000
03.000000000000000000
03.000000000000000000
03.000000000000000000
03.000000000000000000
03.000000000000000000
03.000000000000000000
03.000000000000000000
03.000000000000000000
03.000000000000000000
03.000000000000000000
03.000000000000000000
03.000000000000000000
03.000000000000000000
05.000000000000000000
05.000000000000000000
05.000000000000000000
05.000000000000000000
05.000000000000000000
05.000000000000000000
05.000000000000000000
05.000000000000000000
07.000000000000000000
05.021448688525041781
04.464929865360245387
04.314872885060706764
04.345214586223699271
04.581391317877660185
05.345342734251685712
08.000000000000000000
07.000000000000000000
05.040172297708086724
04.364848632824312347
04.160968649669719355
04.208914030794923100
04.537069695433834760
05.453586326339722845
08.000000000000000000
07.000000000000000000
05.055330400678115232
04.359840361591086122
04.143264311666358779
04.199423649354228516
04.554937033054296869
05.496065100942480797
08.000000000000000000
07.000000000000000000
05.068175586041666847
04.375046935438761331
04.158653698404625842
04.217885241539363506
04.578100473942512849
05.517061900855104284
08.000000000000000000
07.000000000000000000
05.082320221806550187
04.398763151724781828
04.186870962951231512
04.246102506085970063
04.601816690228534235
05.531206536619988512
08.000000000000000000
07.000000000000000000
05.106531777929721017
04.442813995219610845
04.240264449010413550
04.296423786698284175
04.637910666682821592
05.547266478194087469
08.000000000000000000
07.000000000000000000
05.166259771543966650
04.553052098057579045
04.372803099073900412
04.420748480199103270
04.725273160667103234
05.579673800175601883
08.000000000000000000
07.000000000000000000
05.349043409807679339
04.884177675634823856
04.760241629242284667
04.790583330405277174
05.000639128152238655
05.672937455534322382
08.000000000000000000
06.000000000000000000
06.000000000000000000
06.000000000000000000
06.000000000000000000
06.000000000000000000
06.000000000000000000
06.000000000000000000
06.000000000000000000
05.000000000000000000
05.000000000000000000
05.000000000000000000
05.000000000000000000
05.000000000000000000
05.000000000000000000
05.000000000000000000
05.000000000000000000
07.000000000000000000
05.626214535508278658
05.093089120515419843
04.923924260908883355
04.971929063644750180
05.265446451912029424
06.039741072712488723
08.000000000000000000
07.000000000000000000
05.804258849419095867
05.171841369424395651
04.944651138692251813
05.021582766019252020
05.432333128337967665
06.347961953690083092
08.000000000000000000
07.000000000000000000
05.870229543391562110
05.232045799896235749
04.994958850102500847
05.085847774765500873
05.530565479404141449
06.457330325119195358
08.000000000000000000
07.000000000000000000
05.903616062995251212
05.277821249309265106
05.044952897918294710
05.141181910977969061
05.589995183783186050
06.504359207845031854
08.000000000000000000
07.000000000000000000
05.927737709078359174
05.318547168970774841
05.093599592697660938
05.189828605757336177
05.630721103444696674
06.528480853928140704
08.000000000000000000
07.000000000000000000
05.954302136117913591
05.369891700156104619
05.157089505752745495
05.247978430415746409
05.668411379664010319
06.541402917845545950
08.000000000000000000
07.000000000000000000
05.993868259709350887
05.461068998968249488
05.273437033511374494
05.350368660838372925
05.721560757881822390
06.537571363980338113
08.000000000000000000
07.000000000000000000
06.046505597568197388
05.647512444635018447
05.519813585416550872
05.567818388152417697
05.819869776031628916
06.460032134772407453
08.000000000000000000
06.000000000000000000
06.000000000000000000
06.000000000000000000
06.000000000000000000
06.000000000000000000
06.000000000000000000
06.000000000000000000
06.000000000000000000
05.000000000000000000
05.000000000000000000
05.000000000000000000
05.000000000000000000
05.000000000000000000
05.000000000000000000
05.000000000000000000
05.000000000000000000
07.000000000000000000
05.843480385127644894
05.380531213282198522
05.230048008480653543
05.286487359672146447
05.576274313795758886
06.284754469576707692
08.000000000000000000
07.000000000000000000
06.126332633317349341
05.608654834387509780
05.415102199968384156
05.506359311996173567
05.908025471438784315
06.714144614937843869
08.000000000000000000
07.000000000000000000
06.238389692390411412
05.739504095384990734
05.546199811129723933
05.654669791939700652
06.085069998974260486
06.877458796471393576
08.000000000000000000
07.000000000000000000
06.291576026015485823
05.817473314330041667
05.634236229642648475
05.749413248766351181
06.180020697358060033
06.947314717596284162
08.000000000000000000
07.000000000000000000
06.321534564873436679
05.868314095623796689
05.695153970957132827
05.810330990080835534
06.230861478651814167
06.977273256454235906
08.000000000000000000
07.000000000000000000
06.340177922505816355
05.907683414846996328
05.744865053581269976
05.853335034391246694
06.253249318436267856
06.979247026586799407
08.000000000000000000
07.000000000000000000
06.344467186240599688
05.945432807159235722
05.800296705539493836
05.891553817567285023
06.244803444210510257
06.932279167861092439
08.000000000000000000
07.000000000000000000
06.293707123647296342
05.982607621241371021
05.881154592122885383
05.937593943314379175
06.178350721754931385
06.734981208096358252
08.000000000000000000
06.000000000000000000
06.000000000000000000
06.000000000000000000
06.000000000000000000
06.000000000000000000
06.000000000000000000
06.000000000000000000
06.000000000000000000
05.000000000000000000
05.000000000000000000
05.000000000000000000
05.000000000000000000
05.000000000000000000
05.000000000000000000
05.000000000000000000
05.000000000000000000
07.000000000000000000
05.934747209037086080
05.520321038480539677
05.389637658290853395
05.449756667242508179
05.725449707847859671
06.385402256762227502
08.000000000000000000
07.000000000000000000
06.276082816200016623
05.841629640128044088
05.683267966272612881
05.780945119554678158
06.157187566043071492
06.879706096304020413
08.000000000000000000
07.000000000000000000
06.419805139863909105
06.024869707288247334
05.876741173089008896
05.993258673266526060
06.390555354354422235
07.078222389650934865
08.000000000000000000
07.000000000000000000
06.487770077009329839
06.127976987137743414
05.995190421368137734
06.119136458186335226
06.512356563654013719
07.164349360308955639
08.000000000000000000
07.000000000000000000
06.520797411694839063
06.184203109156332090
06.062695770694939590
06.186641807513135305
06.568582685672602395
07.197376694994463975
08.000000000000000000
07.000000000000000000
06.530367356910930177
06.208345770730165469
06.094039958862635054
06.210557459040152217
06.574031417796340371
07.188784606697957713
08.000000000000000000
07.000000000000000000
06.506700033377044612
06.199864447857620142
06.094374980215206072
06.192052133497272237
06.515422373772647546
07.110323313481048402
08.000000000000000000
07.000000000000000000
06.395751024380690097
06.140504387493187721
06.062331628250263726
06.122450637201918511
06.345633056860508603
06.846406072105831520
08.000000000000000000
06.000000000000000000
06.000000000000000000
06.000000000000000000
06.000000000000000000
06.000000000000000000
06.000000000000000000
06.000000000000000000
06.000000000000000000
05.000000000000000000
05.000000000000000000
05.000000000000000000
05.000000000000000000
05.000000000000000000
05.000000000000000000
05.000000000000000000
05.000000000000000000
07.000000000000000000
05.977036275342784144
05.590468905856181614
05.473165690772395564
05.534810037527545745
05.799295258131523134
06.431047323361805290
08.000000000000000000
07.000000000000000000
06.349640516724737616
05.964599389541138663
05.830351791246172866
05.930743840886521845
06.286698610995681058
06.959133274630380228
08.000000000000000000
07.000000000000000000
06.512556632315870786
06.180867554578751921
06.064013575511256526
06.183993069621362970
06.554853949980927297
07.178358344367071986
08.000000000000000000
07.000000000000000000
06.590019392137799414
06.300537624859755326
06.202778042818609450
06.330532036578208732
06.694024356600278836
07.274665613766550187
08.000000000000000000
07.000000000000000000
06.624544619847771543
06.359415635063305317
06.273547096159694192
06.401301089919293474
06.752902366803828826
07.309190841476522316
08.000000000000000000
07.000000000000000000
06.627231296134779903
06.371599032860466139
06.290220811204330964
06.410200305314437408
06.745585428262640626
07.293033008185980215
08.000000000000000000
07.000000000000000000
06.585658633814802876
06.332294073329340023
06.253019534811075530
06.353411584451424510
06.654393294783880641
07.195151391720445488
08.000000000000000000
07.000000000000000000
06.442202785848376578
06.217865250138441269
06.154616671994681099
06.216261018749830392
06.426691602413781901
06.896213833867396836
08.000000000000000000
06.000000000000000000
06.000000000000000000
06.000000000000000000
06.000000000000000000
06.000000000000000000
06.000000000000000000
06.000000000000000000
06.000000000000000000
05.000000000000000000
05.000000000000000000
05.000000000000000000
05.000000000000000000
05.000000000000000000
05.000000000000000000
05.000000000000000000
05.000000000000000000
07.000000000000000000
05.996842789428868059
05.624657533941594068
05.514799135484571124
05.577033201458601042
05.834872188532975734
06.452050159850464262
08.000000000000000000
07.000000000000000000
06.385179537700988561
06.026168474429660193
05.905496916910004224
06.006953070090966129
06.350764628479253382
06.996811720929027700
08.000000000000000000
07.000000000000000000
06.558464247769185462
06.260645045781000562
06.161572623526652137
06.282926209123046668
06.637846773679437540
07.227008088270122421
08.000000000000000000
07.000000000000000000
06.641234481563070169
06.389697166317115595
06.311932690493470055
06.441208918897964431
06.786740505963537728
07.328906418472368678
08.000000000000000000
07.000000000000000000
06.676419676346981191
06.449750138482730932
06.384153559745184836
06.513429788149678323
06.846793478129155730
07.364091613256279700
08.000000000000000000
07.000000000000000000
06.674905558174129894
06.454515821454336333
06.391653761903433484
06.513007347499826238
06.831717549352773311
07.343449398675068629
08.000000000000000000
07.000000000000000000
06.623408842273998509
06.397777683480664557
06.332982870676502785
06.434439023857465578
06.722373837530256857
07.235041025502038536
08.000000000000000000
07.000000000000000000
06.463610161058106485
06.254873439210639319
06.199709012096127125
06.261943078070155266
06.465088093802020097
06.918817531479701799
08.000000000000000000
06.000000000000000000
06.000000000000000000
06.000000000000000000
06.000000000000000000
06.000000000000000000
06.000000000000000000
06.000000000000000000
06.000000000000000000
05.000000000000000000
05.000000000000000000
05.000000000000000000
05.000000000000000000
05.000000000000000000
05.000000000000000000
05.000000000000000000
05.000000000000000000
07.000000000000000000
06.004287382972096410
05.637752152149232643
05.530910711127694057
05.593297370888437925
05.848321170990078421
06.459793171574061965
08.000000000000000000
07.000000000000000000
06.398738010392600373
06.050060138792750841
05.934927432945516834
06.036660943535615331
06.375299088220890198
07.010909693729944436
08.000000000000000000
07.000000000000000000
06.576191462852226444
06.291932973953843877
06.200154935059587480
06.321869170320620235
06.669969012506188122
07.245433504243375289
08.000000000000000000
07.000000000000000000
06.661110718900426164
06.424810983245209606
06.355259221073343845
06.484936593618408907
06.822781372001118783
07.349557232370605320
08.000000000000000000
07.000000000000000000
06.696480373929505348
06.485193257526827182
06.427887798499707372
06.557565171044774210
06.883163646282737247
07.384926887399681839
08.000000000000000000
07.000000000000000000
06.693120491951474627
06.486673384777630780
06.431311836788092151
06.553026072049125794
06.864709423329973248
07.362362533342624360
08.000000000000000000
07.000000000000000000
06.637563943317909221
06.422730717586262905
06.363724197125792514
06.465457707715891900
06.747969667014402262
07.249735626655253284
08.000000000000000000
07.000000000000000000
06.471474734539430784
06.268712981881607860
06.216738740229313720
06.279125399990056700
06.479282000722453638
06.926980523141396340
08.000000000000000000
06.000000000000000000
06.000000000000000000
06.000000000000000000
06.000000000000000000
06.000000000000000000
06.000000000000000000
06.000000000000000000
06.000000000000000000
05.000000000000000000
05.000000000000000000
05.000000000000000000
05.000000000000000000
05.000000000000000000
05.000000000000000000
05.000000000000000000
05.000000000000000000
07.000000000000000000
06.002717278157937209
05.635082941498975373
05.527655549828159209
05.589889615802188239
05.845297596090357040
06.457924648579532523
08.000000000000000000
07.000000000000000000
06.395902208149919943
06.045218179807003267
05.929005428714688719
06.030461581895650625
06.369814333856595567
07.007534391377958194
08.000000000000000000
07.000000000000000000
06.572483154985899745
06.285573856972332507
06.192355914623603574
06.313709500219998105
06.662775584870767709
07.241026995486837592
08.000000000000000000
07.000000000000000000
06.656886003533019291
06.417543252437394763
06.346330544419803488
06.475606772824297863
06.814586592083816896
07.344557940442318689
08.000000000000000000
07.000000000000000000
06.692071198316931202
06.477596224603010100
06.418551413671518269
06.547827642076011756
06.874639564249434009
07.379743135226229711
08.000000000000000000
07.000000000000000000
06.688924465390845064
06.479444632645667390
06.422437053000383145
06.543790638596779452
06.856646360544104368
07.357468305891782911
08.000000000000000000
07.000000000000000000
06.634131512722929891
06.416827388858008518
06.356491382481189056
06.457947535662151850
06.741423542907599931
07.245763695950969918
08.000000000000000000
07.000000000000000000
06.469484649787175634
06.265298846768020624
06.212565426439714322
06.274799492413742463
06.475513501359402291
06.924692020208770060
08.000000000000000000
06.000000000000000000
06.000000000000000000
06.000000000000000000
06.000000000000000000
06.000000000000000000
06.000000000000000000
06.000000000000000000
06.000000000000000000
05.000000000000000000
05.000000000000000000
05.000000000000000000
05.000000000000000000
05.000000000000000000
05.000000000000000000
05.000000000000000000
05.000000000000000000
07.000000000000000000
05.991185859158418836
05.615332014011407580
05.503627519262928480
05.565271866018079550
05.824158366286749100
06.445196907177439982
08.000000000000000000
07.000000000000000000
06.375128280476655362
06.009482866953358204
05.885417482662308686
05.985809532302658553
06.331582088407898823
06.984621038382297975
08.000000000000000000
07.000000000000000000
06.545494110484536776
06.238971018389361411
06.135379573852569379
06.255359067962674935
06.612957413791535899
07.211295822535737088
08.000000000000000000
07.000000000000000000
06.626555932279448058
06.365048844899511948
06.282062661436039086
06.409816655195639257
06.758535576640035458
07.311202153908197943
08.000000000000000000
07.000000000000000000
06.661081159989420186
06.423926855103062827
06.352831714777125605
06.480585708536724887
06.817413586843585449
07.345727381618170071
08.000000000000000000
07.000000000000000000
06.660168774303445005
06.429702496671075629
06.361586809545644705
06.481566303655750261
06.803688892073250116
07.325970486354645317
08.000000000000000000
07.000000000000000000
06.611146397566722399
06.377177550741558676
06.308085226227212239
06.408477275867562106
06.699276772196100183
07.220639155472364124
08.000000000000000000
07.000000000000000000
06.456352369664012159
06.242728358293668123
06.185078500485214903
06.246722847240364196
06.451554710569009643
06.910363417683031528
08.000000000000000000
06.000000000000000000
06.000000000000000000
06.000000000000000000
06.000000000000000000
06.000000000000000000
06.000000000000000000
06.000000000000000000
06.000000000000000000
05.000000000000000000
05.000000000000000000
05.000000000000000000
05.000000000000000000
05.000000000000000000
05.000000000000000000
05.000000000000000000
05.000000000000000000
07.000000000000000000
05.963517006846755564
05.569755008279271280
05.449380236892245932
05.509499245843899828
05.774883677646592162
06.414172054571897874
08.000000000000000000
07.000000000000000000
06.326498571515005942
05.928688781234939142
05.788785010402965447
05.886462163685030724
06.244246707149966547
06.930121851619011508
08.000000000000000000
07.000000000000000000
06.483527354307470070
06.135302398922892309
06.010880595152903183
06.127398095330419459
06.500988045989068098
07.141944604094494942
08.000000000000000000
07.000000000000000000
06.557628816218213252
06.249259277946741520
06.142672565785421313
06.266618602603617916
06.633638854463011825
07.234208099517839941
08.000000000000000000
07.000000000000000000
06.590656150903723365
06.305485399965329307
06.210177915112222280
06.334123951930419771
06.689864976481599612
07.267235434203348277
08.000000000000000000
07.000000000000000000
06.594089571354491142
06.318778462364811332
06.228179380926529340
06.344696881104045616
06.684464109430986234
07.252506821141516902
08.000000000000000000
07.000000000000000000
06.557115788692034819
06.286923588964515197
06.199892024345559527
06.297569177627624804
06.602481514879543489
07.160739068796038609
08.000000000000000000
07.000000000000000000
06.424520822190360470
06.189938357291920212
06.122074206851656264
06.182193215803311048
06.395067026659240206
06.875175869915501892
08.000000000000000000
06.000000000000000000
06.000000000000000000
06.000000000000000000
06.000000000000000000
06.000000000000000000
06.000000000000000000
06.000000000000000000
06.000000000000000000
05.000000000000000000
05.000000000000000000
05.000000000000000000
05.000000000000000000
05.000000000000000000
05.000000000000000000
05.000000000000000000
05.000000000000000000
07.000000000000000000
05.902234634746573505
05.476942566735961471
05.343649361571388923
05.400088712762882714
05.672685667249521835
06.343508719195636303
08.000000000000000000
07.000000000000000000
06.224039498843975338
05.770778246899975983
05.607242409852273290
05.698499521880062701
06.070148883951250518
06.811851480464468089
08.000000000000000000
07.000000000000000000
06.357413837972254456
05.938396727459637425
05.782849461180432193
05.891319441990408023
06.283962631048908953
06.996482942053236620
08.000000000000000000
07.000000000000000000
06.419708077759221254
06.032281894242723652
05.890307134193394134
06.005484153317096840
06.394829277270742018
07.075446769340018704
08.000000000000000000
07.000000000000000000
06.449666616617171222
06.083122675536479562
05.951224875507876710
06.066401894631580305
06.445670058564497040
07.105405308197968672
08.000000000000000000
07.000000000000000000
06.459202068087659399
06.106576046921645684
05.981514703631979124
06.089984684441956730
06.452141950510915436
07.098271172168642451
08.000000000000000000
07.000000000000000000
06.442174051767224796
06.107556219671702813
05.992436915423382970
06.083694027451173270
06.406926856722977348
07.029986033387717548
08.000000000000000000
07.000000000000000000
06.352461373266225841
06.079018974695134858
05.994755945213622539
06.051195296405116331
06.274762075208694334
06.793735457715287751
08.000000000000000000
06.000000000000000000
06.000000000000000000
06.000000000000000000
06.000000000000000000
06.000000000000000000
06.000000000000000000
06.000000000000000000
06.000000000000000000
05.000000000000000000
05.000000000000000000
05.000000000000000000
05.000000000000000000
05.000000000000000000
05.000000000000000000
05.000000000000000000
05.000000000000000000
07.000000000000000000
05.756004416414087999
05.287917735602369440
05.143976823044787317
05.191981625780654142
05.460275066998979909
06.169530953618296287
08.000000000000000000
07.000000000000000000
06.000465878705200318
05.472880297791619775
05.288093085438425156
05.365024712765425363
05.733372056705191788
06.544168982976188431
08.000000000000000000
07.000000000000000000
06.096298112627544619
05.583040722442714099
05.397806453396855275
05.488695378059857077
05.881560401950618910
06.683398894355175202
08.000000000000000000
07.000000000000000000
06.141010989352105653
05.648251343670526836
05.471247495224595525
05.567476508284270764
05.960425278144448669
06.741754134201888959
08.000000000000000000
07.000000000000000000
06.165132635435216280
05.688977263332036571
05.519894190003963530
05.616123203063636993
06.001151197805960180
06.765875780284996921
08.000000000000000000
07.000000000000000000
06.180370705353895211
05.720886622702582969
05.559937109047101700
05.650826033710102614
06.019406302210488668
06.767471487081527570
08.000000000000000000
07.000000000000000000
06.190075288995455338
05.762107927335473612
05.616878980257547838
05.693810607584548045
06.022599686249046513
06.733778393266443452
08.000000000000000000
07.000000000000000000
06.176295478474006728
05.842341059721968932
05.739866147552455722
05.787870950288321659
06.014698391118579401
06.589822015678215905
08.000000000000000000
06.000000000000000000
06.000000000000000000
06.000000000000000000
06.000000000000000000
06.000000000000000000
06.000000000000000000
06.000000000000000000
06.000000000000000000
05.000000000000000000
05.000000000000000000
05.000000000000000000
05.000000000000000000
05.000000000000000000
05.000000000000000000
05.000000000000000000
05.000000000000000000
07.000000000000000000
05.350536426785779121
04.886856662598086487
04.763571447117043611
04.793913148280037007
05.003318115115500397
05.674430472512422163
08.000000000000000000
07.000000000000000000
05.463066708884663392
04.923945877432946538
04.762669775914880610
04.810615157040083467
05.096166940042468951
05.876480737516297737
08.000000000000000000
07.000000000000000000
05.508461335356919619
04.967142497088994801
04.800879363600158101
04.857038701288027838
05.162239168552204660
05.949196035621286072
08.000000000000000000
07.000000000000000000
05.530903236003265278
04.998392351029574243
04.835338057372942089
04.894569600507679752
05.201445889533327538
05.979789550816702715
08.000000000000000000
07.000000000000000000
05.545047871768147729
05.022108567315596517
04.863555321919546870
04.922786865054285421
05.225162105819348035
05.993934186581586943
08.000000000000000000
07.000000000000000000
05.559662712608526292
05.050116130717519525
04.897879500944213760
04.954038838632083497
05.245212802180730272
06.000397412872891856
08.000000000000000000
07.000000000000000000
05.589154182720540653
05.112149342666215013
04.974504225319061668
05.022449606444265413
05.284370405275738314
06.002568211352177663
08.000000000000000000
07.000000000000000000
05.678131148068416678
05.306104472872663180
05.208940191298621514
05.239281892461614909
05.422565925390078867
06.002025193795060609
08.000000000000000000
06.000000000000000000
06.000000000000000000
06.000000000000000000
06.000000000000000000
06.000000000000000000
06.000000000000000000
06.000000000000000000
06.000000000000000000
04.000000000000000000
04.000000000000000000
04.000000000000000000
04.000000000000000000
04.000000000000000000
04.000000000000000000
04.000000000000000000
04.000000000000000000
04.000000000000000000
04.000000000000000000
04.000000000000000000
04.000000000000000000
04.000000000000000000
04.000000000000000000
04.000000000000000000
04.000000000000000000
04.000000000000000000
04.000000000000000000
04.000000000000000000
04.000000000000000000
04.000000000000000000
04.000000000000000000
04.000000000000000000
04.000000000000000000
04.000000000000000000
04.000000000000000000
04.000000000000000000
04.000000000000000000
04.000000000000000000
04.000000000000000000
04.000000000000000000
04.000000000000000000
04.000000000000000000
04.000000000000000000
04.000000000000000000
04.000000000000000000
04.000000000000000000
04.000000000000000000
04.000000000000000000
04.000000000000000000
04.000000000000000000
04.000000000000000000
04.000000000000000000
04.000000000000000000
04.000000000000000000
04.000000000000000000
04.000000000000000000
04.000000000000000000
04.000000000000000000
04.000000000000000000
04.000000000000000000
04.000000000000000000
04.000000000000000000
04.000000000000000000
04.000000000000000000
04.000000000000000000
04.000000000000000000
04.000000000000000000
04.000000000000000000
04.000000000000000000
04.000000000000000000
04.000000000000000000
04.000000000000000000
04.000000000000000000
04.000000000000000000
04.000000000000000000
04.000000000000000000
04.000000000000000000
04.000000000000000000
04.000000000000000000
04.000000000000000000
04.000000000000000000
04.000000000000000000
04.000000000000000000
04.000000000000000000
04.000000000000000000
04.000000000000000000
04.000000000000000000
04.000000000000000000
04.000000000000000000
03.000000000000000000
03.000000000000000000
03.000000000000000000
03.000000000000000000
03.000000000000000000
03.000000000000000000
03.000000000000000000
03.000000000000000000
03.000000000000000000
03.000000000000000000
03.000000000000000000
03.000000000000000000
03.000000000000000000
03.000000000000000000
03.000000000000000000
03.000000000000000000
03.000000000000000000
03.000000000000000000
03.000000000000000000
03.000000000000000000
03.000000000000000000
03.000000000000000000
03.000000000000000000
03.000000000000000000
03.000000000000000000
03.000000000000000000
03.000000000000000000
03.000000000000000000
03.000000000000000000
03.000000000000000000
03.000000000000000000
03.000000000000000000
03.000000000000000000
03.000000000000000000
03.000000000000000000
03.000000000000000000
03.000000000000000000
03.000000000000000000
03.000000000000000000
03.000000000000000000
03.000000000000000000
03.000000000000000000
03.000000000000000000
03.000000000000000000
03.000000000000000000
03.000000000000000000
03.000000000000000000
03.000000000000000000
03.000000000000000000
03.000000000000000000
03.000000000000000000
03.000000000000000000
03.000000000000000000
03.000000000000000000
03.000000000000000000
03.000000000000000000
03.000000000000000000
03.000000000000000000
03.000000000000000000
03.000000000000000000
03.000000000000000000
03.000000000000000000
03.000000000000000000
03.000000000000000000
03.000000000000000000
03.000000000000000000
03.000000000000000000
03.000000000000000000
03.000000000000000000
03.000000000000000000
03.000000000000000000
03.000000000000000000
03.000000000000000000
03.000000000000000000
03.000000000000000000
03.000000000000000000
03.000000000000000000
03.000000000000000000
03.000000000000000000
03.000000000000000000
05.000000000000000000
05.000000000000000000
05.000000000000000000
05.000000000000000000
05.000000000000000000
05.000000000000000000
05.000000000000000000
05.000000000000000000
07.000000000000000000
05.022516459453076010
04.466839123386901811
04.317243861367123792
04.347595309739362257
04.583322766667131454
05.346428629897162388
08.000000000000000000
07.000000000000000000
05.042147846661662491
04.368382704895534374
04.165358790891019680
04.213322144045389628
04.540644656997109507
05.455595240152903536
08.000000000000000000
07.000000000000000000
05.057950400936260138
04.364529395037371806
04.149091015219454448
04.205274065872855793
04.559679984234577432
05.498729056175786667
08.000000000000000000
07.000000000000000000
05.071132219846078648
04.380339851168495002
04.165232011068335183
04.224490164440551254
04.583453873273461099
05.520067816029437857
08.000000000000000000
07.000000000000000000
05.085291656216116785
04.404082625275880680
04.193482284043309249
04.252740437415524433
04.607196647380845889
05.534227252399475994
08.000000000000000000
07.000000000000000000
05.109190021956080408
04.447571627230832547
04.246176389756571190
04.302359440409972535
04.642722216428038173
05.549968677195606936
08.000000000000000000
07.000000000000000000
05.168280274069952718
04.556666750799699628
04.377293316908396292
04.425256670062766240
04.728928702901274761
05.581727667561194650
08.000000000000000000
07.000000000000000000
05.350141481359558249
04.886141207357796112
04.762679973376176434
04.793031421748414900
05.002624850638025755
05.674053651803644627
08.000000000000000000
06.000000000000000000
06.000000000000000000
06.000000000000000000
06.000000000000000000
06.000000000000000000
06.000000000000000000
06.000000000000000000
06.000000000000000000
05.000000000000000000
05.000000000000000000
05.000000000000000000
05.000000000000000000
05.000000000000000000
05.000000000000000000
05.000000000000000000
05.000000000000000000
07.000000000000000000
05.628231960696447267
05.096698364246604385
04.928407955952984310
04.976430939365515727
05.269097055053967082
06.041792240743833808
08.000000000000000000
07.000000000000000000
05.807994132643195861
05.178526743520720288
04.952958713126454526
05.029923882823366554
05.439094763584099823
06.351759399098406256
08.000000000000000000
07.000000000000000000
05.875186916744314480
05.240922108786720379
05.005992181832044530
05.096925391742339606
05.539542416588557394
06.462369653312301843
08.000000000000000000
07.000000000000000000
05.909212768470264443
05.287844756273447189
05.057414323823193669
05.153693052281824727
05.600131620011900679
06.510047841282089465
08.000000000000000000
07.000000000000000000
05.933362316810314674
05.328620752306614250
05.106123266781789738
05.202401995240422572
05.640907616045068629
06.534197389622140584
08.000000000000000000
07.000000000000000000
05.959331546261296353
05.378897250366069471
05.168283452305309389
05.259216662215605353
05.677517558167906486
06.546514282829282827
08.000000000000000000
07.000000000000000000
05.997688095389302809
05.467905976496859388
05.281932928409226236
05.358898098106138264
05.728473996560239812
06.541453361844514092
08.000000000000000000
07.000000000000000000
06.048579926662581485
05.651223647420273721
05.524423869545599608
05.572446852958129249
05.823622338227637307
06.462140206709967138
08.000000000000000000
06.000000000000000000
06.000000000000000000
06.000000000000000000
06.000000000000000000
06.000000000000000000
06.000000000000000000
06.000000000000000000
06.000000000000000000
05.000000000000000000
05.000000000000000000
05.000000000000000000
05.000000000000000000
05.000000000000000000
05.000000000000000000
05.000000000000000000
05.000000000000000000
07.000000000000000000
05.846258176675632967
05.385503776972489831
05.236227865393539460
05.292691804304284986
05.581302766136276183
06.287577802259055382
08.000000000000000000
07.000000000000000000
06.131480151818007762
05.617872993573797658
05.426561516908885885
05.517864024978796245
05.917346761993869997
06.719376103072965734
08.000000000000000000
07.000000000000000000
06.245227280248419000
05.751753399192412353
05.561431226996981891
05.669961188947153730
06.097455497306622618
06.884407188190735383
08.000000000000000000
07.000000000000000000
06.299299389105621039
05.831312543077622479
05.651447300404412566
05.766691687118573384
06.194012845320862937
06.955162435307788549
08.000000000000000000
07.000000000000000000
06.329296188199698747
05.882222005482385718
05.712450431297084741
05.827694818011243783
06.244922307725627064
06.985159234401865369
08.000000000000000000
07.000000000000000000
06.347114189437626841
05.920109803367114232
05.760316583822041814
05.868846545772215428
06.265811901481324497
06.986294097379944112
08.000000000000000000
07.000000000000000000
06.349730330264792499
05.954858347694134579
05.812013689395094218
05.903316197465002801
06.254332116114207807
06.937626281519749583
08.000000000000000000
07.000000000000000000
06.296562593557253784
05.987719419293771494
05.887507366200887660
05.943971305111633185
06.183518408457558735
06.737882219140677087
08.000000000000000000
06.000000000000000000
06.000000000000000000
06.000000000000000000
06.000000000000000000
06.000000000000000000
06.000000000000000000
06.000000000000000000
06.000000000000000000
05.000000000000000000
05.000000000000000000
05.000000000000000000
05.000000000000000000
05.000000000000000000
05.000000000000000000
05.000000000000000000
05.000000000000000000
07.000000000000000000
05.938079405893477158
05.526289165408392989
05.397057423280050337
05.457205365789667084
05.731483556392906742
06.388787954073386288
08.000000000000000000
07.000000000000000000
06.282262495765323251
05.852701612293909506
05.697036377075464841
05.794766984999619730
06.168380898388702072
06.885984495367389435
08.000000000000000000
07.000000000000000000
06.428020323274104442
06.039593691496436101
05.895055427209442200
06.011643605278285563
06.405439723003238051
07.086567942883327476
08.000000000000000000
07.000000000000000000
06.497053883158288912
06.144619669988562016
06.015894165128898408
06.139919617783206718
06.529179407593725060
07.173779550641333103
08.000000000000000000
07.000000000000000000
06.530126860778402431
06.200927742224521033
06.083501416916194948
06.207526869570505035
06.585487479829684077
07.206852528261447510
08.000000000000000000
07.000000000000000000
06.538700153068655929
06.223280864343657903
06.112616664743677042
06.229204842812519516
06.589126895850458965
07.197247772677878075
08.000000000000000000
07.000000000000000000
06.513017312901991929
06.211183279907854349
06.108450171623030833
06.206180779547185722
06.526862566002644250
07.116739312504059001
08.000000000000000000
07.000000000000000000
06.399175519021208736
06.146638006177405522
06.069956969277254366
06.130104911786870225
06.351832397161920163
06.849884067201118754
08.000000000000000000
06.000000000000000000
06.000000000000000000
06.000000000000000000
06.000000000000000000
06.000000000000000000
06.000000000000000000
06.000000000000000000
06.000000000000000000
05.000000000000000000
05.000000000000000000
05.000000000000000000
05.000000000000000000
05.000000000000000000
05.000000000000000000
05.000000000000000000
05.000000000000000000
07.000000000000000000
05.980735428215217198
05.597096787294041143
05.481407796928847276
05.543083719748559623
05.805994829306412086
06.434804795354142293
08.000000000000000000
07.000000000000000000
06.356504777785045412
05.976902318167903516
05.845654633120269672
05.946105047799688847
06.299133988020147790
06.966105205699968828
08.000000000000000000
07.000000000000000000
06.521687476505674042
06.197238196725993298
06.084380617459877350
06.204437322164804591
06.571399725555199467
07.187631460941769745
08.000000000000000000
07.000000000000000000
06.600341706708349854
06.319048020649158381
06.225810261778314647
06.353651039976116799
06.712731547851189973
07.285147734606221448
08.000000000000000000
07.000000000000000000
06.634917303873739236
06.378016480870038585
06.296691799817764945
06.424532578015565321
06.771700008072068400
07.319723331771610830
08.000000000000000000
07.000000000000000000
06.636491843585351269
06.388202524810952632
06.310877369537005954
06.430934074241933196
06.762364053640159689
07.302435828021446973
08.000000000000000000
07.000000000000000000
06.592674467839627184
06.344868982847370553
06.268660426258544582
06.369110840937962870
06.667100652699614827
07.202274895754548822
08.000000000000000000
07.000000000000000000
06.446003494221790753
06.224675264125381524
06.163085064737759744
06.224760987557474756
06.433573306137752468
06.900072861360716736
08.000000000000000000
06.000000000000000000
06.000000000000000000
06.000000000000000000
06.000000000000000000
06.000000000000000000
06.000000000000000000
06.000000000000000000
06.000000000000000000
05.000000000000000000
05.000000000000000000
05.000000000000000000
05.000000000000000000
05.000000000000000000
05.000000000000000000
05.000000000000000000
05.000000000000000000
07.000000000000000000
06.000751343805573512
05.631662205445679525
05.523511122617382085
05.585778138612611521
05.841951648923428664
06.456019531283488710
08.000000000000000000
07.000000000000000000
06.392435035780980712
06.039175433772807189
05.921677775172067726
06.023194850660934740
06.363909803882504157
07.004179537042570125
08.000000000000000000
07.000000000000000000
06.568119211197642748
06.277958913437879929
06.183116051504522481
06.304550255905645884
06.655343460653578624
07.236811516956814572
08.000000000000000000
07.000000000000000000
06.652151757580132774
06.409278328757005205
06.336300404646959095
06.465667266098247268
06.806527142286496357
07.339990492638601260
08.000000000000000000
07.000000000000000000
06.687389890378680590
06.469426371890624416
06.408639513482647487
06.538006374933933884
06.866675185420115568
07.375228625437149965
08.000000000000000000
07.000000000000000000
06.684696782914092417
06.472074336313885290
06.413501397839942442
06.534935602241064068
06.849458883529584874
07.353389088673265128
08.000000000000000000
07.000000000000000000
06.630823469220684885
06.411070214592610839
06.349518702024282035
06.451035777513149050
06.735804584702306919
07.242567970482274298
08.000000000000000000
07.000000000000000000
06.467625262276365916
06.262069220197778563
06.208658462996377025
06.270925478991604685
06.472358663675527701
06.922893449754281114
08.000000000000000000
06.000000000000000000
06.000000000000000000
06.000000000000000000
06.000000000000000000
06.000000000000000000
06.000000000000000000
06.000000000000000000
06.000000000000000000
05.000000000000000000
05.000000000000000000
05.000000000000000000
05.000000000000000000
05.000000000000000000
05.000000000000000000
05.000000000000000000
05.000000000000000000
07.000000000000000000
06.008271715038526750
05.644893227652433509
05.539792821666503109
05.602212852122680609
05.855537983675069391
06.463839084351322484
08.000000000000000000
07.000000000000000000
06.406135204775162073
06.063322172641361973
05.951426432438588598
06.053221649043991626
06.388701104574083800
07.018420628499114855
08.000000000000000000
07.000000000000000000
06.586036396985946340
06.309588836276517121
06.222124931582838414
06.343920831146768080
06.687810050490737623
07.255428800720729043
08.000000000000000000
07.000000000000000000
06.672243693886676930
06.444780470808146866
06.380111301928232947
06.509880488868375892
06.842958995783240184
07.360859148788662765
08.000000000000000000
07.000000000000000000
06.707667094207757863
06.505259268689986385
06.452859928332827621
06.582629115272971454
06.903437793665079703
07.396282549109742810
08.000000000000000000
07.000000000000000000
06.703103746483458636
06.504577599273194011
06.453590655974068113
06.575386555537997779
06.882798813487413625
07.372496150218242228
08.000000000000000000
07.000000000000000000
06.645122635129243172
06.436282584640671267
06.380583477146968718
06.482378693752369969
06.761661516573392205
07.257408058853196842
08.000000000000000000
07.000000000000000000
06.475567175685175592
06.276047977348708784
06.225861814634777502
06.288281845090955002
06.486692733371343778
06.931134544997970437
08.000000000000000000
06.000000000000000000
06.000000000000000000
06.000000000000000000
06.000000000000000000
06.000000000000000000
06.000000000000000000
06.000000000000000000
06.000000000000000000
05.000000000000000000
05.000000000000000000
05.000000000000000000
05.000000000000000000
05.000000000000000000
05.000000000000000000
05.000000000000000000
05.000000000000000000
07.000000000000000000
06.006652218263566212
05.642135099404404386
05.536426693290473544
05.598693709285701203
05.852424542882153524
06.461920405741480522
08.000000000000000000
07.000000000000000000
06.403207050890710406
06.058313947315785875
05.945296922511914772
06.046813998000782675
06.383048317425481955
07.014951552152298930
08.000000000000000000
07.000000000000000000
06.582204232896747165
06.303006718013138610
06.214047585899305837
06.335481790300427463
06.680391265228839082
07.250896538655917212
08.000000000000000000
07.000000000000000000
06.667878193548742338
06.437259248313830895
06.370866238127392833
06.500233099578681006
06.834508061843321158
07.355716928607210825
08.000000000000000000
07.000000000000000000
06.703116326347291043
06.497407291447449218
06.443205346963080338
06.572572208414368511
06.894656104976940370
07.390955061405759530
08.000000000000000000
07.000000000000000000
06.698781804613195057
06.497122140889144859
06.444432932234724021
06.565867136635845647
06.874506688104847107
07.367474110372367768
08.000000000000000000
07.000000000000000000
06.641595484330416355
06.430208728135588636
06.373137849364129970
06.474654924852998761
06.754943098245284716
07.253339985592003991
08.000000000000000000
07.000000000000000000
06.473526136734357728
06.272542114156504311
06.221574033669468484
06.283841049664695255
06.482831557634252562
06.928794324212272926
08.000000000000000000
06.000000000000000000
06.000000000000000000
06.000000000000000000
06.000000000000000000
06.000000000000000000
06.000000000000000000
06.000000000000000000
06.000000000000000000
05.000000000000000000
05.000000000000000000
05.000000000000000000
05.000000000000000000
05.000000000000000000
05.000000000000000000
05.000000000000000000
05.000000000000000000
07.000000000000000000
05.994935823399575092
05.622051314462617633
05.511983485526856796
05.573659408346571809
05.830949356474988576
06.449005190538501964
08.000000000000000000
07.000000000000000000
06.382087497904889162
06.021956646498278332
05.900933121762807154
06.001383536442224553
06.344188316350523493
06.991687925819811689
08.000000000000000000
07.000000000000000000
06.554752083585433375
06.255570407949830880
06.156031533402497757
06.276088238107425887
06.629731936779035273
07.220696068021529967
08.000000000000000000
07.000000000000000000
06.637022225457602786
06.383818313220933405
06.305417576268792068
06.433258354466593332
06.777501840422964996
07.321828253355473493
08.000000000000000000
07.000000000000000000
06.671597822622993057
06.442786773441812720
06.376299114308243254
06.504139892506044518
06.836470300643844311
07.356403850520863763
08.000000000000000000
07.000000000000000000
06.669556450665109715
06.446534736034790214
06.382528285479626362
06.502584990184554492
06.820696264863997271
07.335500435101206307
08.000000000000000000
07.000000000000000000
06.618257187959470045
06.389923311177745369
06.323938914901082065
06.424389329580501240
06.712154981029989642
07.227857615874391684
08.000000000000000000
07.000000000000000000
06.460203889406148647
06.249629791293957126
06.193660753335771929
06.255336676155485165
06.458527833306328958
06.914273256545074631
08.000000000000000000
06.000000000000000000
06.000000000000000000
06.000000000000000000
06.000000000000000000
06.000000000000000000
06.000000000000000000
06.000000000000000000
06.000000000000000000
05.000000000000000000
05.000000000000000000
05.000000000000000000
05.000000000000000000
05.000000000000000000
05.000000000000000000
05.000000000000000000
05.000000000000000000
07.000000000000000000
05.966919113141631925
05.575848852855575188
05.456956520120330723
05.517104462629946582
05.781043243840090717
06.417627661321541943
08.000000000000000000
07.000000000000000000
06.332808747393642079
05.939995438694875673
05.802845617950540991
05.900576225874697656
06.255674724789667351
06.936530746995708263
08.000000000000000000
07.000000000000000000
06.491917029878128353
06.150340211292614434
06.029585603042509234
06.146173781111350820
06.516186242799414607
07.150464649487352276
08.000000000000000000
07.000000000000000000
06.567110086453255668
06.266257118683634886
06.163818537384430307
06.287843990038739506
06.650816856288797041
07.243835753936299859
08.000000000000000000
07.000000000000000000
06.600183064073370076
06.322565190919593014
06.231425789171726848
06.355451241826035158
06.707124928524754282
07.276908731556414267
08.000000000000000000
07.000000000000000000
06.602596859672679841
06.334027384139835348
06.247146840576742299
06.363735018645585662
06.699873415646635522
07.261144479281901987
08.000000000000000000
07.000000000000000000
06.563563564530310757
06.298477106308819629
06.214259412498107871
06.311990020422263648
06.614156392403610418
07.167285564132376940
08.000000000000000000
07.000000000000000000
06.428015226269363502
06.196197693624590386
06.129856066117535640
06.190004008627151499
06.401392084609104138
06.878723774449273520
08.000000000000000000
06.000000000000000000
06.000000000000000000
06.000000000000000000
06.000000000000000000
06.000000000000000000
06.000000000000000000
06.000000000000000000
06.000000000000000000
05.000000000000000000
05.000000000000000000
05.000000000000000000
05.000000000000000000
05.000000000000000000
05.000000000000000000
05.000000000000000000
05.000000000000000000
07.000000000000000000
05.905090748566964365
05.482055877040438396
05.350004352780026728
05.406468291690771366
05.677854866204227413
06.346410374150385891
08.000000000000000000
07.000000000000000000
06.229332994608579810
05.780258755936480419
05.619028199172559468
05.710330707242469828
06.079732524356551870
06.817228945863537781
08.000000000000000000
07.000000000000000000
06.364446299915187844
05.950996293691285466
05.798516782647615386
05.907046744597787225
06.296698391805494843
07.003626207857504227
08.000000000000000000
07.000000000000000000
06.427651745667851912
06.046517118196430118
05.908011048401315080
06.023255435115475009
06.409217420439672352
07.083514791870018534
08.000000000000000000
07.000000000000000000
06.457648544761929621
06.097426580601194246
05.969014179293986366
06.084258566008146296
06.460126882844435592
07.113511590964097131
08.000000000000000000
07.000000000000000000
06.466333209104394797
06.119352697865987345
05.997402139472676197
06.105932101422847147
06.465054795980197611
07.105513117046712068
08.000000000000000000
07.000000000000000000
06.447583173055364547
06.117244110056816453
06.004480371658766913
06.095782879728676384
06.416717878476888792
07.035479124310323407
08.000000000000000000
07.000000000000000000
06.355395165448585182
06.084271519361720060
06.001283853587374928
06.057747792498121342
06.280070508525508188
06.796714791032007597
08.000000000000000000
06.000000000000000000
06.000000000000000000
06.000000000000000000
06.000000000000000000
06.000000000000000000
06.000000000000000000
06.000000000000000000
06.000000000000000000
05.000000000000000000
05.000000000000000000
05.000000000000000000
05.000000000000000000
05.000000000000000000
05.000000000000000000
05.000000000000000000
05.000000000000000000
07.000000000000000000
05.758091839095733633
05.291652656608386351
05.148616798549344509
05.196639781961876814
05.464051347415748161
06.171652119143118398
08.000000000000000000
07.000000000000000000
06.004331398892635008
05.479799541623338044
05.296691510886564203
05.373656680583475342
05.740367561686718467
06.548096665347845402
08.000000000000000000
07.000000000000000000
06.101429032905082650
05.592228720761804439
05.409227459923952708
05.500160669834247784
05.890849028563641454
06.688611769473068236
08.000000000000000000
07.000000000000000000
06.146803670441592260
05.658626853387858091
05.484146766537030260
05.580425494995662206
05.970913717126313358
06.747638743253416393
08.000000000000000000
07.000000000000000000
06.170953218781641603
05.699402849421026040
05.532855709495626328
05.629134437954259162
06.011689713159480419
06.771788291593466624
08.000000000000000000
07.000000000000000000
06.185573662422064523
05.730203862341150867
05.571518730397218455
05.662451940307512643
06.028824170142988770
06.772756398990051885
08.000000000000000000
07.000000000000000000
06.194025361638741067
05.769178774599478032
05.625665726169335912
05.702630895866247940
06.029746794662859344
06.737790628093952350
08.000000000000000000
07.000000000000000000
06.178439805061866963
05.846177939782057464
05.744632712141958919
05.792655695554490336
06.018576630589418386
06.592000085109253504
08.000000000000000000
06.000000000000000000
06.000000000000000000
06.000000000000000000
06.000000000000000000
06.000000000000000000
06.000000000000000000
06.000000000000000000
06.000000000000000000
05.000000000000000000
05.000000000000000000
05.000000000000000000
05.000000000000000000
05.000000000000000000
05.000000000000000000
05.000000000000000000
05.000000000000000000
07.000000000000000000
05.351646292033014340
04.888841434866876057
04.766036266896566786
04.796387715268806140
05.005325078147104811
05.675558462477099830
08.000000000000000000
07.000000000000000000
05.465120457390369779
04.927620263570697823
04.767234315843448478
04.815197668997817537
05.099882215672272956
05.878567850881611712
08.000000000000000000
07.000000000000000000
05.511185375215231552
04.972018247968854610
04.806938176577950195
04.863121227231352428
05.167168837166061124
05.951964030454758081
08.000000000000000000
07.000000000000000000
05.533977242190919910
05.003895937580611353
04.842178279457360013
04.901436432829576084
05.207009959685577449
05.982912838374279119
08.000000000000000000
07.000000000000000000
05.548136678560958934
05.027638711687995254
04.870428552432334079
04.929686705804548374
05.230752733792961351
05.997072274744317255
08.000000000000000000
07.000000000000000000
05.562424996235050934
05.055060480162315351
04.904023551115066937
04.960206601768468282
05.250211069359520977
06.003203651474577462
08.000000000000000000
07.000000000000000000
05.591252884798661782
05.115904309474863076
04.979168841860824202
05.027132195015194149
05.288166261576438210
06.004700278289903714
08.000000000000000000
07.000000000000000000
05.679271313939496579
05.308143518837770358
05.211472378905620317
05.241823827277858783
05.424627162117999113
06.003183484383582069
08.000000000000000000
06.000000000000000000
06.000000000000000000
06.000000000000000000
06.000000000000000000
06.000000000000000000
06.000000000000000000
06.000000000000000000
06.000000000000000000
04.000000000000000000
04.000000000000000000
04.000000000000000000
04.000000000000000000
04.000000000000000000
04.000000000000000000
04.000000000000000000
04.000000000000000000
04.000000000000000000
04.000000000000000000
04.000000000000000000
04.000000000000000000
04.000000000000000000
04.000000000000000000
04.000000000000000000
04.000000000000000000
04.000000000000000000
04.000000000000000000
04.000000000000000000
04.000000000000000000
04.000000000000000000
04.000000000000000000
04.000000000000000000
04.000000000000000000
04.000000000000000000
04.000000000000000000
04.000000000000000000
04.000000000000000000
04.000000000000000000
04.000000000000000000
04.000000000000000000
04.000000000000000000
04.000000000000000000
04.000000000000000000
04.000000000000000000
04.000000000000000000
04.000000000000000000
04.000000000000000000
04.000000000000000000
04.000000000000000000
04.000000000000000000
04.000000000000000000
04.000000000000000000
04.000000000000000000
04.000000000000000000
04.000000000000000000
04.000000000000000000
04.000000000000000000
04.000000000000000000
04.000000000000000000
04.000000000000000000
04.000000000000000000
04.000000000000000000
04.000000000000000000
04.000000000000000000
04.000000000000000000
04.000000000000000000
04.000000000000000000
04.000000000000000000
04.000000000000000000
04.000000000000000000
04.000000000000000000
04.000000000000000000
04.000000000000000000
04.000000000000000000
04.000000000000000000
04.000000000000000000
04.000000000000000000
04.000000000000000000
04.000000000000000000
04.000000000000000000
04.000000000000000000
04.000000000000000000
04.000000000000000000
04.000000000000000000
04.000000000000000000
04.000000000000000000
04.000000000000000000
04.000000000000000000
04.000000000000000000
03.000000000000000000
03.000000000000000000
03.000000000000000000
03.000000000000000000
03.000000000000000000
03.000000000000000000
03.000000000000000000
03.000000000000000000
03.000000000000000000
03.000000000000000000
03.000000000000000000
03.000000000000000000
03.000000000000000000
03.000000000000000000
03.000000000000000000
03.000000000000000000
03.000000000000000000
03.000000000000000000
03.000000000000000000
03.000000000000000000
03.000000000000000000
03.000000000000000000
03.000000000000000000
03.000000000000000000
03.000000000000000000
03.000000000000000000
03.000000000000000000
03.000000000000000000
03.000000000000000000
03.000000000000000000
03.000000000000000000
03.000000000000000000
03.000000000000000000
03.000000000000000000
03.000000000000000000
03.000000000000000000
03.000000000000000000
03.000000000000000000
03.000000000000000000
03.000000000000000000
03.000000000000000000
03.000000000000000000
03.000000000000000000
03.000000000000000000
03.000000000000000000
03.000000000000000000
03.000000000000000000
03.000000000000000000
03.000000000000000000
03.000000000000000000
03.000000000000000000
03.000000000000000000
03.000000000000000000
03.000000000000000000
03.000000000000000000
03.000000000000000000
03.000000000000000000
03.000000000000000000
03.000000000000000000
03.000000000000000000
03.000000000000000000
03.000000000000000000
03.000000000000000000
03.000000000000000000
03.000000000000000000
03.000000000000000000
03.000000000000000000
03.000000000000000000
03.000000000000000000
03.000000000000000000
03.000000000000000000
03.000000000000000000
03.000000000000000000
03.000000000000000000
03.000000000000000000
03.000000000000000000
03.000000000000000000
03.000000000000000000
03.000000000000000000
03.000000000000000000
05.000000000000000000
05.000000000000000000
05.000000000000000000
05.000000000000000000
05.000000000000000000
05.000000000000000000
05.000000000000000000
05.000000000000000000
07.000000000000000000
05.022671706040920725
04.467117888314567686
04.317590533427326349
04.347941981799563926
04.583601531594796441
05.346583876485005327
08.000000000000000000
07.000000000000000000
05.042436760222632763
04.368901562411752870
04.166004112659923209
04.213967465814292268
04.541163514513328003
05.455884153713874696
08.000000000000000000
07.000000000000000000
05.058335483107921249
04.365221062601616353
04.149951361514870207
04.206134412168271552
04.560371651798822867
05.499114138347447778
08.000000000000000000
07.000000000000000000
05.071567133919073100
04.381121092722228383
04.166203839660695074
04.225461993032910257
04.584235114827194479
05.520502730102432309
08.000000000000000000
07.000000000000000000
05.085726570289111237
04.404863866829613173
04.194454112635669141
04.253712266007884324
04.607977888934579269
05.534662166472471334
08.000000000000000000
07.000000000000000000
05.109575104127741518
04.448263294795077094
04.247036736051986949
04.303219786705389183
04.643413883992282720
05.550353759367267159
08.000000000000000000
07.000000000000000000
05.168569187630923878
04.557185608315919012
04.377938638677299821
04.425901991831669768
04.729447560417494145
05.582016581122166698
08.000000000000000000
07.000000000000000000
05.350296727947402964
04.886419972285461100
04.763026645436378992
04.793378093808617457
05.002903615565690743
05.674208898391488454
08.000000000000000000
06.000000000000000000
06.000000000000000000
06.000000000000000000
06.000000000000000000
06.000000000000000000
06.000000000000000000
06.000000000000000000
06.000000000000000000
05.000000000000000000
05.000000000000000000
05.000000000000000000
05.000000000000000000
05.000000000000000000
05.000000000000000000
05.000000000000000000
05.000000000000000000
07.000000000000000000
05.628526166960840627
05.097226752199774502
04.929065155352846617
04.977088138765377145
05.269625443007137200
06.042086447008226280
08.000000000000000000
07.000000000000000000
05.808541857513485951
05.179510578246938834
04.954182512000466332
05.031147681697378360
05.440078598310319258
06.352307123968697233
08.000000000000000000
07.000000000000000000
05.875917247779770314
05.242234121944999714
05.007624369655498953
05.098557579565794917
05.540854429746834953
06.463099984347755900
08.000000000000000000
07.000000000000000000
05.910037809052894886
05.289327031126555667
05.059258434791816583
05.155537163250448529
05.601613894865010046
06.510872881864720796
08.000000000000000000
07.000000000000000000
05.934187357392944229
05.330103027159724505
05.107967377750413540
05.204246106209045486
05.642389890898177995
06.535022430204769250
08.000000000000000000
07.000000000000000000
05.960061877296751298
05.380209263524347030
05.169915640128765588
05.260848850039060665
05.678829571326183157
06.547244613864737772
08.000000000000000000
07.000000000000000000
05.998235820259593787
05.468889811223077935
05.283156727283238041
05.360121896980150069
05.729457831286458358
06.542001086714804181
08.000000000000000000
07.000000000000000000
06.048874132926973957
05.651752035373445615
05.525081068945460139
05.573104052357992444
05.824150726180807425
06.462434412974360498
08.000000000000000000
06.000000000000000000
06.000000000000000000
06.000000000000000000
06.000000000000000000
06.000000000000000000
06.000000000000000000
06.000000000000000000
06.000000000000000000
05.000000000000000000
05.000000000000000000
05.000000000000000000
05.000000000000000000
05.000000000000000000
05.000000000000000000
05.000000000000000000
05.000000000000000000
07.000000000000000000
05.846664621536099560
05.386233907879489635
05.237136144098523793
05.293600083009268431
05.582032897043276876
06.287984247119521086
08.000000000000000000
07.000000000000000000
06.132237179081893252
05.619233071132299528
05.428253599922120642
05.519556107992030114
05.918706839552372756
06.720133130336851224
08.000000000000000000
07.000000000000000000
06.246237182680181910
05.753568016037323041
05.563689014433289337
05.672218976383462952
06.099270114151532418
06.885417090622499181
08.000000000000000000
07.000000000000000000
06.300440598590054897
05.833363246154042336
05.653998973226533664
05.769243359940691818
06.196063548397284571
06.956303644792223295
08.000000000000000000
07.000000000000000000
06.330437397684132605
05.884272708558806464
05.715002104119204951
05.830246490833365769
06.246973010802047810
06.986300443886301892
08.000000000000000000
07.000000000000000000
06.348124091869390639
05.921924420212025808
05.762574371258351036
05.871104333208523762
06.267626518326235185
06.987303999811707023
08.000000000000000000
07.000000000000000000
06.350487357528677990
05.956218425252638227
05.813705772408327199
05.905008280478237559
06.255692193672708790
06.938383308783635073
08.000000000000000000
07.000000000000000000
06.296969038417720377
05.988449550200770410
05.888415644905871105
05.944879583816616631
06.184248539364559427
06.738288664001142791
08.000000000000000000
06.000000000000000000
06.000000000000000000
06.000000000000000000
06.000000000000000000
06.000000000000000000
06.000000000000000000
06.000000000000000000
06.000000000000000000
05.000000000000000000
05.000000000000000000
05.000000000000000000
05.000000000000000000
05.000000000000000000
05.000000000000000000
05.000000000000000000
05.000000000000000000
07.000000000000000000
05.938568228452668407
05.527167453099128380
05.398150173928683238
05.458298116438298209
05.732361844083643021
06.389276776632577537
08.000000000000000000
07.000000000000000000
06.283173342658145977
05.854338351524090989
05.699072950532970694
05.796803558457126471
06.170017637618881778
06.886895342260213049
08.000000000000000000
07.000000000000000000
06.429235977352509401
06.041778398068754719
05.897774060358969450
06.014362238427811924
06.407624429575555780
07.087783596961732435
08.000000000000000000
07.000000000000000000
06.498427984139002689
06.147089295438870948
06.018967506394008460
06.142992959048317658
06.531649033044033104
07.175153651622047768
08.000000000000000000
07.000000000000000000
06.531500961759116208
06.203397367674829077
06.086574758181305000
06.210600210835614199
06.587957105279993009
07.208226629242162176
08.000000000000000000
07.000000000000000000
06.539915807147060889
06.225465570915975633
06.115335297893203403
06.231923475962047654
06.591311602422775806
07.198463426756284811
08.000000000000000000
07.000000000000000000
06.513928159794813766
06.212820019138034944
06.110486745080536686
06.208217353004691574
06.528499305232825733
07.117650159396880838
08.000000000000000000
07.000000000000000000
06.399664341580399984
06.147516293868141801
06.071049719925887267
06.131197662435502238
06.352710684852655554
06.850372889760310002
08.000000000000000000
06.000000000000000000
06.000000000000000000
06.000000000000000000
06.000000000000000000
06.000000000000000000
06.000000000000000000
06.000000000000000000
06.000000000000000000
05.000000000000000000
05.000000000000000000
05.000000000000000000
05.000000000000000000
05.000000000000000000
05.000000000000000000
05.000000000000000000
05.000000000000000000
07.000000000000000000
05.981278736372034111
05.598073114306599152
05.482622662632479660
05.544298585452193784
05.806971156318969207
06.435348103510960094
08.000000000000000000
07.000000000000000000
06.357517479689970052
05.978722338407817638
05.847919503006686170
05.948369917686104458
06.300954008260062800
06.967117907604891691
08.000000000000000000
07.000000000000000000
06.523039543742448210
06.199668379167789567
06.087405027035105221
06.207461731740032462
06.573829907996995736
07.188983528178543914
08.000000000000000000
07.000000000000000000
06.601870336284478391
06.321795727676216003
06.229230001388080140
06.357070779585880516
06.715479254878247595
07.286676364182349985
08.000000000000000000
07.000000000000000000
06.636445933449866885
06.380764187897095319
06.300111539427527774
06.427952317625329925
06.774447715099126022
07.321251961347739368
08.000000000000000000
07.000000000000000000
06.637843910822126325
06.390632707252749789
06.313901779112234713
06.433958483817161067
06.764794236081957735
07.303787895258221141
08.000000000000000000
07.000000000000000000
06.593687169744549159
06.346689003087285563
06.270925296144961081
06.371375710824378480
06.668920672939529837
07.203287597659471686
08.000000000000000000
07.000000000000000000
06.446546802378607666
06.225651591137938645
06.164299930441394793
06.225975853261107140
06.434549633150310477
06.900616169517533649
08.000000000000000000
06.000000000000000000
06.000000000000000000
06.000000000000000000
06.000000000000000000
06.000000000000000000
06.000000000000000000
06.000000000000000000
06.000000000000000000
05.000000000000000000
05.000000000000000000
05.000000000000000000
05.000000000000000000
05.000000000000000000
05.000000000000000000
05.000000000000000000
05.000000000000000000
07.000000000000000000
06.001325130865028612
05.632693392829549950
05.524794338161765239
05.587061354156992898
05.842982836307299088
06.456593318342942922
08.000000000000000000
07.000000000000000000
06.393504762548031906
06.041098098293419483
05.924070530809644630
06.025587606298512533
06.365832468403116451
07.005249263809620430
08.000000000000000000
07.000000000000000000
06.569547721390636141
06.280526696342799475
06.186311902829499942
06.307746107230621568
06.657911243558499947
07.238240027149808853
08.000000000000000000
07.000000000000000000
06.653767032164275008
06.412182003030169497
06.339914472492368169
06.469281333943654566
06.809430816559661537
07.341605767222743495
08.000000000000000000
07.000000000000000000
06.689005164962823713
06.472330046163789596
06.412253581328055674
06.541620442779342071
06.869578859693280748
07.376843900021292200
08.000000000000000000
07.000000000000000000
06.686125293107086698
06.474642119218806613
06.416697249164919015
06.538131453566041529
06.852026666434506197
07.354817598866258521
08.000000000000000000
07.000000000000000000
06.631893195987736966
06.412992879113223132
06.351911457661859828
06.453428533150727731
06.737727249222919212
07.243637697249325491
08.000000000000000000
07.000000000000000000
06.468199049335821016
06.263100407581648987
06.209941678540759291
06.272208694535986950
06.473389851059398126
06.923467236813735326
08.000000000000000000
06.000000000000000000
06.000000000000000000
06.000000000000000000
06.000000000000000000
06.000000000000000000
06.000000000000000000
06.000000000000000000
06.000000000000000000
05.000000000000000000
05.000000000000000000
05.000000000000000000
05.000000000000000000
05.000000000000000000
05.000000000000000000
05.000000000000000000
05.000000000000000000
07.000000000000000000
06.008855248919604541
05.645941961641744555
05.541097901090412670
05.603517931546591058
05.856586717664379549
06.464422618232400275
08.000000000000000000
07.000000000000000000
06.407223175531450821
06.065277681347361671
05.953860114079384758
06.055655330684786897
06.390656613280082610
07.019508599255402714
08.000000000000000000
07.000000000000000000
06.587489375513358780
06.312200669838812672
06.225375673828603240
06.347171573392531130
06.690421884053031398
07.256881779248139708
08.000000000000000000
07.000000000000000000
06.673886710937952493
06.447734090873146862
06.383787607196672376
06.513556794136816208
06.845912615848238403
07.362502165839938328
08.000000000000000000
07.000000000000000000
06.709310111259032539
06.508212888754985492
06.456536233601267938
06.586305420541409994
06.906391413730078810
07.397925566161017485
08.000000000000000000
07.000000000000000000
06.704556725010871965
06.507189432835486897
06.456841398219832939
06.578637297783760829
06.885410647049706512
07.373949128745653780
08.000000000000000000
07.000000000000000000
06.646210605885531919
06.438238093346670077
06.383017158787762213
06.484812375393164352
06.763617025279391903
07.258496029609484701
08.000000000000000000
07.000000000000000000
06.476150709566254271
06.277096711338020718
06.227166894058688840
06.289586924514864563
06.487741467360655712
06.931718078879049116
08.000000000000000000
06.000000000000000000
06.000000000000000000
06.000000000000000000
06.000000000000000000
06.000000000000000000
06.000000000000000000
06.000000000000000000
06.000000000000000000
05.000000000000000000
05.000000000000000000
05.000000000000000000
05.000000000000000000
05.000000000000000000
05.000000000000000000
05.000000000000000000
05.000000000000000000
07.000000000000000000
06.007226005323021312
05.643166286788274810
05.537709908834856698
05.599976924830085245
05.853455730266023949
06.462494192800936510
08.000000000000000000
07.000000000000000000
06.404276777657761599
06.060236611836398168
05.947689678149492565
06.049206753638360468
06.384970981946093360
07.016021278919351900
08.000000000000000000
07.000000000000000000
06.583632743089739670
06.305574500918060821
06.217243437224282410
06.338677641625404036
06.682959048133760405
07.252325048848910605
08.000000000000000000
07.000000000000000000
06.669493468132884573
06.440162922586993410
06.374480305972800132
06.503847167424087417
06.837411736116485450
07.357332203191353948
08.000000000000000000
07.000000000000000000
06.704731600931433277
06.500310965720612622
06.446819414808488524
06.576186276259775809
06.897559779250104661
07.392570335989900876
08.000000000000000000
07.000000000000000000
06.700210314806189338
06.499689923794067070
06.447628783559700594
06.569062987960823108
06.877074471009766654
07.368902620565360273
08.000000000000000000
07.000000000000000000
06.642665211097466660
06.432131392656201818
06.375530605001706874
06.477047680490574777
06.756865762765897010
07.254409712359056961
08.000000000000000000
07.000000000000000000
06.474099923793813716
06.273573301540372960
06.222857249213851638
06.285124265209079297
06.483862745018122986
06.929368111271728026
08.000000000000000000
06.000000000000000000
06.000000000000000000
06.000000000000000000
06.000000000000000000
06.000000000000000000
06.000000000000000000
06.000000000000000000
06.000000000000000000
05.000000000000000000
05.000000000000000000
05.000000000000000000
05.000000000000000000
05.000000000000000000
05.000000000000000000
05.000000000000000000
05.000000000000000000
07.000000000000000000
05.995479131556392005
05.623027641475174754
05.513198351230489180
05.574874274050204193
05.831925683487545697
06.449548498695319765
08.000000000000000000
07.000000000000000000
06.383100199809812914
06.023776666738192453
05.903197991649223653
06.003648406328641940
06.346008336590438503
06.992700627724733664
08.000000000000000000
07.000000000000000000
06.556104150822208432
06.258000590391627149
06.159055942977725628
06.279112647682653758
06.632162119220833318
07.222048135258305024
08.000000000000000000
07.000000000000000000
06.638550855033731324
06.386566020247991027
06.308837315878557561
06.436678094076358825
06.780249547450022618
07.323356882931602918
08.000000000000000000
07.000000000000000000
06.673126452199120706
06.445534480468871230
06.379718853918006971
06.507559632115809123
06.839218007670901045
07.357932480096991412
08.000000000000000000
07.000000000000000000
06.670908517901884771
06.448964918476587371
06.385552695054855121
06.505609399759782363
06.823126447305794429
07.336852502337980475
08.000000000000000000
07.000000000000000000
06.619269889864392908
06.391743331417659491
06.326203784787499451
06.426654199466916850
06.713975001269903764
07.228870317779314547
08.000000000000000000
07.000000000000000000
06.460747197562966448
06.250606118306515135
06.194875619039404313
06.256551541859119325
06.459504160318886967
06.914816564701892432
08.000000000000000000
06.000000000000000000
06.000000000000000000
06.000000000000000000
06.000000000000000000
06.000000000000000000
06.000000000000000000
06.000000000000000000
06.000000000000000000
05.000000000000000000
05.000000000000000000
05.000000000000000000
05.000000000000000000
05.000000000000000000
05.000000000000000000
05.000000000000000000
05.000000000000000000
07.000000000000000000
05.967407935700824062
05.576727140546312356
05.458049270768963623
05.518197213278580371
05.781921531530826108
06.418116483880733192
08.000000000000000000
07.000000000000000000
06.333719594286463916
05.941632177925058045
05.804882191408047731
05.902612799332203508
06.257311464019847946
06.937441593888530988
08.000000000000000000
07.000000000000000000
06.493132683956532425
06.152524917864932164
06.032304236192035596
06.148892414260878070
06.518370949371732337
07.151680303565756347
08.000000000000000000
07.000000000000000000
06.568484187433970334
06.268726744133942930
06.166891878649541248
06.290917331303848670
06.653286481739105973
07.245209854917016301
08.000000000000000000
07.000000000000000000
06.601557165054085630
06.325034816369901058
06.234499130436836012
06.358524583091146098
06.709594553975064102
07.278282832537129821
08.000000000000000000
07.000000000000000000
06.603812513751084801
06.336212090712153078
06.249865473726269549
06.366453651795112911
06.702058122218953251
07.262360133360306946
08.000000000000000000
07.000000000000000000
06.564474411423132594
06.300113845539002000
06.216295985955614611
06.314026593879769500
06.615793131633792790
07.168196411025199666
08.000000000000000000
07.000000000000000000
06.428504048828554751
06.197075981315324000
06.130948816766168541
06.191096759275783512
06.402270372299838641
06.879212597008463881
08.000000000000000000
06.000000000000000000
06.000000000000000000
06.000000000000000000
06.000000000000000000
06.000000000000000000
06.000000000000000000
06.000000000000000000
06.000000000000000000
05.000000000000000000
05.000000000000000000
05.000000000000000000
05.000000000000000000
05.000000000000000000
05.000000000000000000
05.000000000000000000
05.000000000000000000
07.000000000000000000
05.905497193427430069
05.482786007947439089
05.350912631485011062
05.407376570395755699
05.678584997111227217
06.346816819010852484
08.000000000000000000
07.000000000000000000
06.230090021872467076
05.781618833494981402
05.620720282185794225
05.712022790255702809
06.081092601915054630
06.817985973127423271
08.000000000000000000
07.000000000000000000
06.365456202346951642
05.952810910536195266
05.800774570083923720
05.909304532034094670
06.298513008650406420
07.004636110289268025
08.000000000000000000
07.000000000000000000
06.428792955152285771
06.048567821272851752
05.910562721223435290
06.025807107937596108
06.411268123516093098
07.084656001354453281
08.000000000000000000
07.000000000000000000
06.458789754246364367
06.099477283677614992
05.971565852116108353
06.086810238830268283
06.462177585920857226
07.114652800448531877
08.000000000000000000
07.000000000000000000
06.467343111536159483
06.121167314710898033
05.999659926908984531
06.108189888859155481
06.466869412825108299
07.106523019478475867
08.000000000000000000
07.000000000000000000
06.448340200319250926
06.118604187615319212
06.006172454672000782
06.097474962741911142
06.418077956035390663
07.036236151574208009
08.000000000000000000
07.000000000000000000
06.355801610309051775
06.085001650268720752
06.002192132292360149
06.058656071203103899
06.280800639432508881
06.797121235892473301
08.000000000000000000
06.000000000000000000
06.000000000000000000
06.000000000000000000
06.000000000000000000
06.000000000000000000
06.000000000000000000
06.000000000000000000
06.000000000000000000
05.000000000000000000
05.000000000000000000
05.000000000000000000
05.000000000000000000
05.000000000000000000
05.000000000000000000
05.000000000000000000
05.000000000000000000
07.000000000000000000
05.758386045360126104
05.292181044561557357
05.149273997949207704
05.197296981361738233
05.464579735368920055
06.171946325407512646
08.000000000000000000
07.000000000000000000
06.004879123762924209
05.480783376349558367
05.297915309760576008
05.374880479457488036
05.741351396412939678
06.548644390218136380
08.000000000000000000
07.000000000000000000
06.102159363940537595
05.593540733920081998
05.410859647747406243
05.501792857657703095
05.892161041721918124
06.689342100508524958
08.000000000000000000
07.000000000000000000
06.147628711024221815
05.660109128240967458
05.485990877505654062
05.582269605964286896
05.972395991979421837
06.748463783836047725
08.000000000000000000
07.000000000000000000
06.171778259364272046
05.700885124274136295
05.534699820464250131
05.630978548922882965
06.013171988012589786
06.772613332176097067
08.000000000000000000
07.000000000000000000
06.186303993457518580
05.731515875499429313
05.573150918220671990
05.664084128130967954
06.030136183301267216
06.773486730025505054
08.000000000000000000
07.000000000000000000
06.194573086509032045
05.770162609325697467
05.626889525043348605
05.703854694740259745
06.030730629389077002
06.738338352964242439
08.000000000000000000
07.000000000000000000
06.178734011326259434
05.846706327735227582
05.745289911541821226
05.793312894954352643
06.019105018542589391
06.592294291373645976
08.000000000000000000
06.000000000000000000
06.000000000000000000
06.000000000000000000
06.000000000000000000
06.000000000000000000
06.000000000000000000
06.000000000000000000
06.000000000000000000
05.000000000000000000
05.000000000000000000
05.000000000000000000
05.000000000000000000
05.000000000000000000
05.000000000000000000
05.000000000000000000
05.000000000000000000
07.000000000000000000
05.351801538620858167
04.889120199794541044
04.766382938956769344
04.796734387329008698
05.005603843074769799
05.675713709064943657
08.000000000000000000
07.000000000000000000
05.465409370951340939
04.928139121086917207
04.767879637612351118
04.815842990766721066
05.100401073188491452
05.878856764442582872
08.000000000000000000
07.000000000000000000
05.511570457386891775
04.972709915533099156
04.807798522873365954
04.863981573526767299
05.167860504730304783
05.952349112626419192
08.000000000000000000
07.000000000000000000
05.534412156263914362
05.004677179134344733
04.843150108049719904
04.902408261421935087
05.207791201239309942
05.983347752447273571
08.000000000000000000
07.000000000000000000
05.548571592633953387
05.028419953241729523
04.871400381024693971
04.930658534396910042
05.231533975346695620
05.997507188817312596
08.000000000000000000
07.000000000000000000
05.562810078406711156
05.055752147726559897
04.904883897410483584
04.961066948063884041
05.250902736923765524
06.003588733646238573
08.000000000000000000
07.000000000000000000
05.591541798359631166
05.116423166991082461
04.979814163629727730
05.027777516784096790
05.288685119092657594
06.004989191850874874
08.000000000000000000
07.000000000000000000
05.679426560527340406
05.308422283765435346
05.211819050965823763
05.242170499338061340
05.424905927045665877
06.003338730971425008
08.000000000000000000
06.000000000000000000
06.000000000000000000
06.000000000000000000
06.000000000000000000
06.000000000000000000
06.000000000000000000
06.000000000000000000
06.000000000000000000
04.000000000000000000
04.000000000000000000
04.000000000000000000
04.000000000000000000
04.000000000000000000
04.000000000000000000
04.000000000000000000
04.000000000000000000
04.000000000000000000
04.000000000000000000
04.000000000000000000
04.000000000000000000
04.000000000000000000
04.000000000000000000
04.000000000000000000
04.000000000000000000
04.000000000000000000
04.000000000000000000
04.000000000000000000
04.000000000000000000
04.000000000000000000
04.000000000000000000
04.000000000000000000
04.000000000000000000
04.000000000000000000
04.000000000000000000
04.000000000000000000
04.000000000000000000
04.000000000000000000
04.000000000000000000
04.000000000000000000
04.000000000000000000
04.000000000000000000
04.000000000000000000
04.000000000000000000
04.000000000000000000
04.000000000000000000
04.000000000000000000
04.000000000000000000
04.000000000000000000
04.000000000000000000
04.000000000000000000
04.000000000000000000
04.000000000000000000
04.000000000000000000
04.000000000000000000
04.000000000000000000
04.000000000000000000
04.000000000000000000
04.000000000000000000
04.000000000000000000
04.000000000000000000
04.000000000000000000
04.000000000000000000
04.000000000000000000
04.000000000000000000
04.000000000000000000
04.000000000000000000
04.000000000000000000
04.000000000000000000
04.000000000000000000
04.000000000000000000
04.000000000000000000
04.000000000000000000
04.000000000000000000
04.000000000000000000
04.000000000000000000
04.000000000000000000
04.000000000000000000
04.000000000000000000
04.000000000000000000
04.000000000000000000
04.000000000000000000
04.000000000000000000
04.000000000000000000
04.000000000000000000
04.000000000000000000
04.000000000000000000
04.000000000000000000
04.000000000000000000
03.000000000000000000
03.000000000000000000
03.000000000000000000
03.000000000000000000
03.000000000000000000
03.000000000000000000
03.000000000000000000
03.000000000000000000
03.000000000000000000
03.000000000000000000
03.000000000000000000
03.000000000000000000
03.000000000000000000
03.000000000000000000
03.000000000000000000
03.000000000000000000
03.000000000000000000
03.000000000000000000
03.000000000000000000
03.000000000000000000
03.000000000000000000
03.000000000000000000
03.000000000000000000
03.000000000000000000
03.000000000000000000
03.000000000000000000
03.000000000000000000
03.000000000000000000
03.000000000000000000
03.000000000000000000
03.000000000000000000
03.000000000000000000
03.000000000000000000
03.000000000000000000
03.000000000000000000
03.000000000000000000
03.000000000000000000
03.000000000000000000
03.000000000000000000
03.000000000000000000
03.000000000000000000
03.000000000000000000
03.000000000000000000
03.000000000000000000
03.000000000000000000
03.000000000000000000
03.000000000000000000
03.000000000000000000
03.000000000000000000
03.000000000000000000
03.000000000000000000
03.000000000000000000
03.000000000000000000
03.000000000000000000
03.000000000000000000
03.000000000000000000
03.000000000000000000
03.000000000000000000
03.000000000000000000
03.000000000000000000
03.000000000000000000
03.000000000000000000
03.000000000000000000
03.000000000000000000
03.000000000000000000
03.000000000000000000
03.000000000000000000
03.000000000000000000
03.000000000000000000
03.000000000000000000
03.000000000000000000
03.000000000000000000
03.000000000000000000
03.000000000000000000
03.000000000000000000
03.000000000000000000
03.000000000000000000
03.000000000000000000
03.000000000000000000
03.000000000000000000
05.000000000000000000
05.000000000000000000
05.000000000000000000
05.000000000000000000
05.000000000000000000
05.000000000000000000
05.000000000000000000
05.000000000000000000
07.000000000000000000
05.021985531587933593
04.465892303860465873
04.316068365071510371
04.346410066234502878
04.582353756377880671
05.345879577314575748
08.000000000000000000
07.000000000000000000
05.041168443706822266
04.366634956588818284
04.163187919478019694
04.211133300603223439
04.538856019198340697
05.454582472338458388
08.000000000000000000
07.000000000000000000
05.056654133697548126
04.362214711850175064
04.146214659086981946
04.202373996774851683
04.557311383313384923
05.497388833961913690
08.000000000000000000
07.000000000000000000
05.069667877924658228
04.377724009695395324
04.161980559729829388
04.221212102864567939
04.580777548199147731
05.518554192738095665
08.000000000000000000
07.000000000000000000
05.083812513689543344
04.401440225981416710
04.190197824276435057
04.249429367411172720
04.604493764485168228
05.532698828502979893
08.000000000000000000
07.000000000000000000
05.107855510949154798
04.445188345478698899
04.243214796431037605
04.299374134118908231
04.640285016941910534
05.548590211213520362
08.000000000000000000
07.000000000000000000
05.167255917542701305
04.554838421822086758
04.375022368882200752
04.422967750007404497
04.727059484431609171
05.580669946174336538
08.000000000000000000
07.000000000000000000
05.349580252870569375
04.885140114135045231
04.761437109253088273
04.791778810416081669
05.001601566652459141
05.673474298597213306
08.000000000000000000
06.000000000000000000
06.000000000000000000
06.000000000000000000
06.000000000000000000
06.000000000000000000
06.000000000000000000
06.000000000000000000
06.000000000000000000
05.000000000000000000
05.000000000000000000
05.000000000000000000
05.000000000000000000
05.000000000000000000
05.000000000000000000
05.000000000000000000
05.000000000000000000
07.000000000000000000
05.627227526300500493
05.094905771195306521
04.926181321679478309
04.974186124415345134
05.267263102591916990
06.040754063504709670
08.000000000000000000
07.000000000000000000
05.806139583312910801
05.175214973973547572
04.948843312823490770
05.025774940150490977
05.435706732887120474
06.349842687583898027
08.000000000000000000
07.000000000000000000
05.872730200482833673
05.236532413668335550
05.000535015703098551
05.091423940366098577
05.535052093176242138
06.459830982210466033
08.000000000000000000
07.000000000000000000
05.906436119779058913
05.282881586014448239
05.051242723579974836
05.147471736639650075
05.595055520488370071
06.507179264628841331
08.000000000000000000
07.000000000000000000
05.930557765862168651
05.323607505675957974
05.099889418359341953
05.196118431419018080
05.635781440149880694
06.531300910711950181
08.000000000000000000
07.000000000000000000
05.956802793209184266
05.374378313928205309
05.162665671353343200
05.253554596016343226
05.672897993436111008
06.543903574936816625
08.000000000000000000
07.000000000000000000
05.995748993603165822
05.464442603517401409
05.277629207642613451
05.354560834969612770
05.724934362430974311
06.539452097874153047
08.000000000000000000
07.000000000000000000
06.047518588360419223
05.649329095314907789
05.522070646187144050
05.570075448923011763
05.821686426711517370
06.461045125564629288
08.000000000000000000
06.000000000000000000
06.000000000000000000
06.000000000000000000
06.000000000000000000
06.000000000000000000
06.000000000000000000
06.000000000000000000
06.000000000000000000
05.000000000000000000
05.000000000000000000
05.000000000000000000
05.000000000000000000
05.000000000000000000
05.000000000000000000
05.000000000000000000
05.000000000000000000
07.000000000000000000
05.844872419106405204
05.383028513861360054
05.233151550179341527
05.289590901370834430
05.578771614374918641
06.286146503555468001
08.000000000000000000
07.000000000000000000
06.128918807864646823
05.613295382201934913
05.420870157122872790
05.512127269150662201
05.912666019253211225
06.716730789485140463
08.000000000000000000
07.000000000000000000
06.241830653934194117
05.745679698504268629
05.553876911035160902
05.662346891845136732
06.091245602093538380
06.880899758015176282
08.000000000000000000
07.000000000000000000
06.295458097794671026
05.824441420371871736
05.642899281668702471
05.758076300792406954
06.186988803399889214
06.951196789375470253
08.000000000000000000
07.000000000000000000
06.325416636652622770
05.875282201665626758
05.703817022983185936
05.818994042106888642
06.237829584693643348
06.981155328233421109
08.000000000000000000
07.000000000000000000
06.343618884049599060
05.913859017966275111
05.752542153486707832
05.861012134296684550
06.259424921555546639
06.982687988130580337
08.000000000000000000
07.000000000000000000
06.347053360787896281
05.950073354973662632
05.806064662693984246
05.897321774721772769
06.249443992024936279
06.934865342408389921
08.000000000000000000
07.000000000000000000
06.295099157626058428
05.985104921820531665
05.884258133821575143
05.940697485013068935
06.180848022334092029
06.736373242075120338
08.000000000000000000
06.000000000000000000
06.000000000000000000
06.000000000000000000
06.000000000000000000
06.000000000000000000
06.000000000000000000
06.000000000000000000
06.000000000000000000
05.000000000000000000
05.000000000000000000
05.000000000000000000
05.000000000000000000
05.000000000000000000
05.000000000000000000
05.000000000000000000
05.000000000000000000
07.000000000000000000
05.936413004839367957
05.523310372238403154
05.393353522807704969
05.453472531759359754
05.728439041605724924
06.387068052564510268
08.000000000000000000
07.000000000000000000
06.279179417034513655
05.847187662921640161
05.690177776660862108
05.787854929942928273
06.162745588836666677
06.882802697138518333
08.000000000000000000
07.000000000000000000
06.423927772780157142
06.032270707737288795
05.885943462826357830
06.002460963003874106
06.397956354803463697
07.082345022567182902
08.000000000000000000
07.000000000000000000
06.492422970421775297
06.136330828760931055
06.005578302620513398
06.129524339438710001
06.520710405277203137
07.169002253721401985
08.000000000000000000
07.000000000000000000
06.525450305107284521
06.192556950779521507
06.073083651947315253
06.197029688765511857
06.576936527295792700
07.202029588406910321
08.000000000000000000
07.000000000000000000
06.534489989827179102
06.215746771179206931
06.103242248599984876
06.219759748777500263
06.581432418245381832
07.192907239614205750
08.000000000000000000
07.000000000000000000
06.509796634211539867
06.205422470651215328
06.101284790603456187
06.198961943885522352
06.520980396566243620
07.113419914315544546
08.000000000000000000
07.000000000000000000
06.397416820182971975
06.143493721251051198
06.066047492767114413
06.126166501718769197
06.348622390618372080
06.848071867908114285
08.000000000000000000
06.000000000000000000
06.000000000000000000
06.000000000000000000
06.000000000000000000
06.000000000000000000
06.000000000000000000
06.000000000000000000
06.000000000000000000
05.000000000000000000
05.000000000000000000
05.000000000000000000
05.000000000000000000
05.000000000000000000
05.000000000000000000
05.000000000000000000
05.000000000000000000
07.000000000000000000
05.978880487056030368
05.593779129877795242
05.477281107840432206
05.538925454595581499
05.802605482153135874
06.432891535075050626
08.000000000000000000
07.000000000000000000
06.353070285278265672
05.970756666099085841
05.838007787809531557
05.938399837449880536
06.292855887553627348
06.962563043183907396
08.000000000000000000
07.000000000000000000
06.517124946297866650
06.189070229495981401
06.074214150077292373
06.194193644187397929
06.563056624898155000
07.182926658349066962
08.000000000000000000
07.000000000000000000
06.595176776401088681
06.309798959099911286
06.214296010861426467
06.342050004621026638
06.703285690840433020
07.279822998029839454
08.000000000000000000
07.000000000000000000
06.629702004111061697
06.368676969303461277
06.285065064202512986
06.412819057962112268
06.762163701043985675
07.314348225739812470
08.000000000000000000
07.000000000000000000
06.631799610116774879
06.379801707777696507
06.300421385770366811
06.420400879880473255
06.753788103179870106
07.297601322167976967
08.000000000000000000
07.000000000000000000
06.589088402368332709
06.338451349887286312
06.260675531374435998
06.361067581014784089
06.660550571341828707
07.198581160273974433
08.000000000000000000
07.000000000000000000
06.444046997561622803
06.221175474160055785
06.158732089062716852
06.220376435817867034
06.430001826435395529
06.898058045580643949
08.000000000000000000
06.000000000000000000
06.000000000000000000
06.000000000000000000
06.000000000000000000
06.000000000000000000
06.000000000000000000
06.000000000000000000
06.000000000000000000
05.000000000000000000
05.000000000000000000
05.000000000000000000
05.000000000000000000
05.000000000000000000
05.000000000000000000
05.000000000000000000
05.000000000000000000
07.000000000000000000
05.998785686334225709
05.628145330206672625
05.519135733355961193
05.581369799329991110
05.838359984798053404
06.453993056755821023
08.000000000000000000
07.000000000000000000
06.388793790884460755
06.032657721485924718
05.913566421908401871
06.015022575089363777
06.357253875535517906
07.000425974112499894
08.000000000000000000
07.000000000000000000
06.563279644140775915
06.269292350222120724
06.172327053648002604
06.293680639244398023
06.646494078120555926
07.231823484641713762
08.000000000000000000
07.000000000000000000
06.646671763353634077
06.399462193910166796
06.324078099275106446
06.453354327679599933
06.796505533556591594
07.334343700262931698
08.000000000000000000
07.000000000000000000
06.681856958137544211
06.459515166075783021
06.396298968526821227
06.525575196931313826
06.856558505722206931
07.369528895046843608
08.000000000000000000
07.000000000000000000
06.679720954545721234
06.463163125895453831
06.402408192024783951
06.523761777621178481
06.840364853793891697
07.348264795046659081
08.000000000000000000
07.000000000000000000
06.627023095457471591
06.404266930536929969
06.341052375674902208
06.442508528855864114
06.728863084586524046
07.238655278685508954
08.000000000000000000
07.000000000000000000
06.465553057963463246
06.258361235475717876
06.204045609967516306
06.266279675941546223
06.468575890067097767
06.920760428385059448
08.000000000000000000
06.000000000000000000
06.000000000000000000
06.000000000000000000
06.000000000000000000
06.000000000000000000
06.000000000000000000
06.000000000000000000
06.000000000000000000
05.000000000000000000
05.000000000000000000
05.000000000000000000
05.000000000000000000
05.000000000000000000
05.000000000000000000
05.000000000000000000
05.000000000000000000
07.000000000000000000
06.006261645305906782
05.641296399610743251
05.535317636058167068
05.597704295818910936
05.851865418451589917
06.461767433907873226
08.000000000000000000
07.000000000000000000
06.402410932575480551
06.056654980733638283
05.943128491238825362
06.044862001828924747
06.381893930161778528
07.014582615912823726
08.000000000000000000
07.000000000000000000
06.581085484619936921
06.300721795910057210
06.211085676133691891
06.332799911394724646
06.678757834462399678
07.250327526011087542
08.000000000000000000
07.000000000000000000
06.666637103779466500
06.434736390134843553
06.367604442882949911
06.497281815428016749
06.832706778890753618
07.355083617249643879
08.000000000000000000
07.000000000000000000
06.702006758808543019
06.495118664416461129
06.440233020309314327
06.569910392854380277
06.893089053172372971
07.390453272278722174
08.000000000000000000
07.000000000000000000
06.698014513719185992
06.495462206733842336
06.442242577862195674
06.563956813123228429
06.873498245286186581
07.367256555110335725
08.000000000000000000
07.000000000000000000
06.641236865500789399
06.429325559527149458
06.371925255419101930
06.473658766009200427
06.754564508955288815
07.253408548838133463
08.000000000000000000
07.000000000000000000
06.473448996873241157
06.272257229343119356
06.221145665159785842
06.283532324920529710
06.482826248183965134
06.928954785475207601
08.000000000000000000
06.000000000000000000
06.000000000000000000
06.000000000000000000
06.000000000000000000
06.000000000000000000
06.000000000000000000
06.000000000000000000
06.000000000000000000
05.000000000000000000
05.000000000000000000
05.000000000000000000
05.000000000000000000
05.000000000000000000
05.000000000000000000
05.000000000000000000
05.000000000000000000
07.000000000000000000
06.004660175063294858
05.638570737764053042
05.531992147699548390
05.594226213673578307
05.848785392355434709
06.459867545484890172
08.000000000000000000
07.000000000000000000
06.399516461333391248
06.051707426863267791
05.937074933713087255
06.038531086894048272
06.376303580912861868
07.011148644561431276
08.000000000000000000
07.000000000000000000
06.577298551357489309
06.294221161413450893
06.203110344744954041
06.324463930341348572
06.671422889311887872
07.245842391858426268
08.000000000000000000
07.000000000000000000
06.662323285323584088
06.427308280030445964
06.358475953201439879
06.487752181605933366
06.824351619676868985
07.349995222232881709
08.000000000000000000
07.000000000000000000
06.697508480107494222
06.487361252196062189
06.430696822453153771
06.559973050857646371
06.884404591842485210
07.385180417016792731
08.000000000000000000
07.000000000000000000
06.693739861762435517
06.488091937086786665
06.433191483121735388
06.554545068718129919
06.865293664985222755
07.362283702263372476
08.000000000000000000
07.000000000000000000
06.637745765906402085
06.423316635914272155
06.364560887479586704
06.466017040660549497
06.747912789963867120
07.249377949134440335
08.000000000000000000
07.000000000000000000
06.471427546692531507
06.268786643033099182
06.216902024311103503
06.279136090285133420
06.479001297624479960
06.926634917114127710
08.000000000000000000
06.000000000000000000
06.000000000000000000
06.000000000000000000
06.000000000000000000
06.000000000000000000
06.000000000000000000
06.000000000000000000
06.000000000000000000
05.000000000000000000
05.000000000000000000
05.000000000000000000
05.000000000000000000
05.000000000000000000
05.000000000000000000
05.000000000000000000
05.000000000000000000
07.000000000000000000
05.993030070871665060
05.618642238033022096
05.507742936330965122
05.569387283086115303
05.827468590308361840
06.447041118890686207
08.000000000000000000
07.000000000000000000
06.378558049030184307
06.015640143511305382
05.893073479225669153
05.993465528866018133
06.337739364965846889
06.988050806935826031
08.000000000000000000
07.000000000000000000
06.550062424466532640
06.247173693306590003
06.145580148418606115
06.265559642528711670
06.621160088708763602
07.215864136517733840
08.000000000000000000
07.000000000000000000
06.631713316542737324
06.374310179139668797
06.293580629478858768
06.421334623238458938
06.767796910880191419
07.316359538171488097
08.000000000000000000
07.000000000000000000
06.666238544252710341
06.433188189343217900
06.364349682819945286
06.492103676579543681
06.826674921083741410
07.350884765881460226
08.000000000000000000
07.000000000000000000
06.664737088285440869
06.437905171588305997
06.371787384111679664
06.491766878221786108
06.811891566990479596
07.330538800336641181
08.000000000000000000
07.000000000000000000
06.614576166120251344
06.383334827299505854
06.315741222790572706
06.416133272430921686
06.705434048754048248
07.224068924025893956
08.000000000000000000
07.000000000000000000
06.458196581377258383
06.246038582315281751
06.189193917553251545
06.250838264308400838
06.454864934590622383
06.912207629396277753
08.000000000000000000
06.000000000000000000
06.000000000000000000
06.000000000000000000
06.000000000000000000
06.000000000000000000
06.000000000000000000
06.000000000000000000
06.000000000000000000
05.000000000000000000
05.000000000000000000
05.000000000000000000
05.000000000000000000
05.000000000000000000
05.000000000000000000
05.000000000000000000
05.000000000000000000
07.000000000000000000
05.965182802649039218
05.572744342037135645
05.453096101409097507
05.513215110360752291
05.777873011404455639
06.415837850374180640
08.000000000000000000
07.000000000000000000
06.329595172349503862
05.934246804028536104
05.795694820791215562
05.893371974073280839
06.249804729943563508
06.933218452453507652
08.000000000000000000
07.000000000000000000
06.487649987223717218
06.142703399371933770
06.020082884890252117
06.136600385067768393
06.508389046438108672
07.146067237010743867
08.000000000000000000
07.000000000000000000
06.562281709630659599
06.257613119569931825
06.153060447037798752
06.277006483855995356
06.641992696086201242
07.238860992930285398
08.000000000000000000
07.000000000000000000
06.595309044316167935
06.313839241588520501
06.220565796364598832
06.344511833182796323
06.698218818104790806
07.271888327615793735
08.000000000000000000
07.000000000000000000
06.598212204270740067
06.326179462813851906
06.237381670663878275
06.353899170841394550
06.691865109880027696
07.256629454057765827
08.000000000000000000
07.000000000000000000
06.560212389526530075
06.292481611758111271
06.206801834733809642
06.304478988015875807
06.608039537673138675
07.163835669630535641
08.000000000000000000
07.000000000000000000
06.426186617992642347
06.192927691049783689
06.125790071368507839
06.185909080320162623
06.398056360417103683
06.876841665717784657
08.000000000000000000
06.000000000000000000
06.000000000000000000
06.000000000000000000
06.000000000000000000
06.000000000000000000
06.000000000000000000
06.000000000000000000
06.000000000000000000
05.000000000000000000
05.000000000000000000
05.000000000000000000
05.000000000000000000
05.000000000000000000
05.000000000000000000
05.000000000000000000
05.000000000000000000
07.000000000000000000
05.903626668725333815
05.479439867315122115
05.346752903270077795
05.403192254461571586
05.675182967828682479
06.344900753174395724
08.000000000000000000
07.000000000000000000
06.226625673391271931
05.775418794714402004
05.613010367006762813
05.704267479034552224
06.074789431765676539
06.814437655011765571
08.000000000000000000
07.000000000000000000
06.360854799516037161
05.944572330578917096
05.790526561085869162
05.898996541895846768
06.290138234168187736
06.999923903597018437
08.000000000000000000
07.000000000000000000
06.423590149538407346
06.039250000284554609
05.898970186219447243
06.014147205343151725
06.401797383312571199
07.079328841119204796
08.000000000000000000
07.000000000000000000
06.453548688396357313
06.090090781578308743
05.959887927533930707
06.075064946657634302
06.452638164606326221
07.109287379977154764
08.000000000000000000
07.000000000000000000
06.462643029631441216
06.112751650040923579
05.989191803537416980
06.097661784347394587
06.458317553630195107
07.101712133712423380
08.000000000000000000
07.000000000000000000
06.444760226314520501
06.112196767486127946
05.998204872577872493
06.089461984605661904
06.411567404537402481
07.032572207935014141
08.000000000000000000
07.000000000000000000
06.353853407244986151
06.081516275274295502
05.997859486912311411
06.054298838103806091
06.277259375787854978
06.795127491694048949
08.000000000000000000
06.000000000000000000
06.000000000000000000
06.000000000000000000
06.000000000000000000
06.000000000000000000
06.000000000000000000
06.000000000000000000
06.000000000000000000
05.000000000000000000
05.000000000000000000
05.000000000000000000
05.000000000000000000
05.000000000000000000
05.000000000000000000
05.000000000000000000
05.000000000000000000
07.000000000000000000
05.757017407206309834
05.289734386282257894
05.146233883815382271
05.194238686551248207
05.462091717678866587
06.170543944410518122
08.000000000000000000
07.000000000000000000
06.002346612599016140
05.476253902340771695
05.292285259569665001
05.369216886896664320
05.736745661254343709
06.546049716870002477
08.000000000000000000
07.000000000000000000
06.098798769718816182
05.587527336214813900
05.403382618997453868
05.494271543660453005
05.886047015722719600
06.685899551446446765
08.000000000000000000
07.000000000000000000
06.143831046135915130
05.653311680375711745
05.477537320886276540
05.573766333945951779
05.965485614849634466
06.744574190985696660
08.000000000000000000
07.000000000000000000
06.167952692219023980
05.694037600037219704
05.526184015665643656
05.622413028725318007
06.006211534511144201
06.768695837068806398
08.000000000000000000
07.000000000000000000
06.182871362445165886
05.725373236474683658
05.565513274647699404
05.656402199310699430
06.023892915982589358
06.769972144172799133
08.000000000000000000
07.000000000000000000
06.191956022889271161
05.765481531884625532
05.621071154388786795
05.698002781715785225
06.025973290798198434
06.735659127160258386
08.000000000000000000
07.000000000000000000
06.177308469266229451
05.844157710401856498
05.742123208323048900
05.790128011058915725
06.016515041798466967
06.590835006470438628
08.000000000000000000
06.000000000000000000
06.000000000000000000
06.000000000000000000
06.000000000000000000
06.000000000000000000
06.000000000000000000
06.000000000000000000
06.000000000000000000
05.000000000000000000
05.000000000000000000
05.000000000000000000
05.000000000000000000
05.000000000000000000
05.000000000000000000
05.000000000000000000
05.000000000000000000
07.000000000000000000
05.351073269848670044
04.887819101098306085
04.764766927127848106
04.795108628290840613
05.004280553615720883
05.674967315575313087
08.000000000000000000
07.000000000000000000
05.464062854883398934
04.925732201197454252
04.764889045723180061
04.812834426848383806
05.097953263806976665
05.877476883515034167
08.000000000000000000
07.000000000000000000
05.509785068376352513
04.969516847348083743
04.803829711020781268
04.859989048708651893
05.164613518811293602
05.950519768640718077
08.000000000000000000
07.000000000000000000
05.532395527886255771
05.001069425286209125
04.838664918698145634
04.897896461832882409
05.204122963789961531
05.981281842699694096
08.000000000000000000
07.000000000000000000
05.546540163651140887
05.024785641572230510
04.866882183244751303
04.926113726379488966
05.227839180075982028
05.995426478464579212
08.000000000000000000
07.000000000000000000
05.560986445627959185
05.052490480976608467
04.900829848364837815
04.956989186052707552
05.247587152439818325
06.001721145892324749
08.000000000000000000
07.000000000000000000
05.590150328719277084
05.113935666430720950
04.976723495127361119
05.024668876252564864
05.286156729040244251
06.003564357350912317
08.000000000000000000
07.000000000000000000
05.678667991131307602
05.307066911372884555
05.210135671309426009
05.240477372472418516
05.423528363890299353
06.002562036857951533
08.000000000000000000
06.000000000000000000
06.000000000000000000
06.000000000000000000
06.000000000000000000
06.000000000000000000
06.000000000000000000
06.000000000000000000
06.000000000000000000
04.000000000000000000
04.000000000000000000
04.000000000000000000
04.000000000000000000
04.000000000000000000
04.000000000000000000
04.000000000000000000
04.000000000000000000
04.000000000000000000
04.000000000000000000
04.000000000000000000
04.000000000000000000
04.000000000000000000
04.000000000000000000
04.000000000000000000
04.000000000000000000
04.000000000000000000
04.000000000000000000
04.000000000000000000
04.000000000000000000
04.000000000000000000
04.000000000000000000
04.000000000000000000
04.000000000000000000
04.000000000000000000
04.000000000000000000
04.000000000000000000
04.000000000000000000
04.000000000000000000
04.000000000000000000
04.000000000000000000
04.000000000000000000
04.000000000000000000
04.000000000000000000
04.000000000000000000
04.000000000000000000
04.000000000000000000
04.000000000000000000
04.000000000000000000
04.000000000000000000
04.000000000000000000
04.000000000000000000
04.000000000000000000
04.000000000000000000
04.000000000000000000
04.000000000000000000
04.000000000000000000
04.000000000000000000
04.000000000000000000
04.000000000000000000
04.000000000000000000
04.000000000000000000
04.000000000000000000
04.000000000000000000
04.000000000000000000
04.000000000000000000
04.000000000000000000
04.000000000000000000
04.000000000000000000
04.000000000000000000
04.000000000000000000
04.000000000000000000
04.000000000000000000
04.000000000000000000
04.000000000000000000
04.000000000000000000
04.000000000000000000
04.000000000000000000
04.000000000000000000
04.000000000000000000
04.000000000000000000
04.000000000000000000
04.000000000000000000
04.000000000000000000
04.000000000000000000
04.000000000000000000
04.000000000000000000
04.000000000000000000
04.000000000000000000
04.000000000000000000
03.000000000000000000
03.000000000000000000
03.000000000000000000
03.000000000000000000
03.000000000000000000
03.000000000000000000
03.000000000000000000
03.000000000000000000
03.000000000000000000
03.000000000000000000
03.000000000000000000
03.000000000000000000
03.000000000000000000
03.000000000000000000
03.000000000000000000
03.000000000000000000
03.000000000000000000
03.000000000000000000
03.000000000000000000
03.000000000000000000
03.000000000000000000
03.000000000000000000
03.000000000000000000
03.000000000000000000
03.000000000000000000
03.000000000000000000
03.000000000000000000
03.000000000000000000
03.000000000000000000
03.000000000000000000
03.000000000000000000
03.000000000000000000
03.000000000000000000
03.000000000000000000
03.000000000000000000
03.000000000000000000
03.000000000000000000
03.000000000000000000
03.000000000000000000
03.000000000000000000
03.000000000000000000
03.000000000000000000
03.000000000000000000
03.000000000000000000
03.000000000000000000
03.000000000000000000
03.000000000000000000
03.000000000000000000
03.000000000000000000
03.000000000000000000
03.000000000000000000
03.000000000000000000
03.000000000000000000
03.000000000000000000
03.000000000000000000
03.000000000000000000
03.000000000000000000
03.000000000000000000
03.000000000000000000
03.000000000000000000
03.000000000000000000
03.000000000000000000
03.000000000000000000
03.000000000000000000
03.000000000000000000
03.000000000000000000
03.000000000000000000
03.000000000000000000
03.000000000000000000
03.000000000000000000
03.000000000000000000
03.000000000000000000
03.000000000000000000
03.000000000000000000
03.000000000000000000
03.000000000000000000
03.000000000000000000
03.000000000000000000
03.000000000000000000
03.000000000000000000
05.000000000000000000
05.000000000000000000
05.000000000000000000
05.000000000000000000
05.000000000000000000
05.000000000000000000
05.000000000000000000
05.000000000000000000
07.000000000000000000
05.020107375905563885
04.462557842125691288
04.311943324303022074
04.342255641774378283
04.578951884282439266
05.343945718267990586
08.000000000000000000
07.000000000000000000
05.037720426147216379
04.360507048279205655
04.155601839222049065
04.203493359874335589
04.532604691900146143
05.451032659598055830
08.000000000000000000
07.000000000000000000
05.052113224914300815
04.354136753067370691
04.136207972933160448
04.192296673424674935
04.549071739095165157
05.492714793829313713
08.000000000000000000
07.000000000000000000
05.064558015586029249
04.368628786305244205
04.150709456804302810
04.209862023480696713
04.571501663531249093
05.513295715585346812
08.000000000000000000
07.000000000000000000
05.078662123831502839
04.392272419461743738
04.178836638875847775
04.237989205552242566
04.595145296687749514
05.527399823830821290
08.000000000000000000
07.000000000000000000
05.103208975920553669
04.436921340684969906
04.232973600880752585
04.289062301372267072
04.631856326712764371
05.543810544835565679
08.000000000000000000
07.000000000000000000
05.163681874288819529
04.548485239537726876
04.367157090787647356
04.415048611439936543
04.720582883158668253
05.576994107739659867
08.000000000000000000
07.000000000000000000
05.347615774658146748
04.881651583226680913
04.757121323627204745
04.787433641098560066
04.998045625383428892
05.671454117020573449
08.000000000000000000
06.000000000000000000
06.000000000000000000
06.000000000000000000
06.000000000000000000
06.000000000000000000
06.000000000000000000
06.000000000000000000
06.000000000000000000
05.000000000000000000
05.000000000000000000
05.000000000000000000
05.000000000000000000
05.000000000000000000
05.000000000000000000
05.000000000000000000
05.000000000000000000
07.000000000000000000
05.623695081759510828
05.088627150614575712
04.918408379801651797
04.966358788756452647
05.260859860864636417
06.037118855711208099
08.000000000000000000
07.000000000000000000
05.799646259321617592
05.163662879602557432
04.934532748076237318
05.011364580886714215
05.423926243800408997
06.343161344469974594
08.000000000000000000
07.000000000000000000
05.864168495269130865
05.221287216278730270
04.981638203311655744
05.072396129753974137
05.519507387036449053
06.451023095401049900
08.000000000000000000
07.000000000000000000
05.896795182119610956
05.265705797099960783
05.029945498598372033
05.126027968073552543
05.577544872613426463
06.497263328401167826
08.000000000000000000
07.000000000000000000
05.920840831390856707
05.306295569105174081
05.078423183668110852
05.174505653143290473
05.618134644618639761
06.521308977672413576
08.000000000000000000
07.000000000000000000
05.948043284670979425
05.358778970254109986
05.143329429398126429
05.234087355840448375
05.656999141011828769
06.534897884802898460
08.000000000000000000
07.000000000000000000
05.989020227775408323
05.452469454974885998
05.262796623775803262
05.339628456586277494
05.712732819172739340
06.532535312923765325
08.000000000000000000
07.000000000000000000
06.043825308153682130
05.642763235757078277
05.513941931959472242
05.561892340914271315
05.814995946007138983
06.457249082105380289
08.000000000000000000
06.000000000000000000
06.000000000000000000
06.000000000000000000
06.000000000000000000
06.000000000000000000
06.000000000000000000
06.000000000000000000
06.000000000000000000
05.000000000000000000
05.000000000000000000
05.000000000000000000
05.000000000000000000
05.000000000000000000
05.000000000000000000
05.000000000000000000
05.000000000000000000
07.000000000000000000
05.840033179867067048
05.374416585675675151
05.222481423588150484
05.278847877863700688
05.569992904004926970
06.281170025381609179
08.000000000000000000
07.000000000000000000
06.120010580288233193
05.597429009629038887
05.401200611391342221
05.492323844398376842
05.896493639090817140
06.707571141415014537
08.000000000000000000
07.000000000000000000
06.230068537148896191
05.724713754992380998
05.527871358834345550
05.636165414581146393
06.069877914638652783
06.868808024823479741
08.000000000000000000
07.000000000000000000
06.282202911973166159
05.800803004632305360
05.613569642461462728
05.728549734200458765
06.162900919190716920
06.937573123519391594
08.000000000000000000
07.000000000000000000
06.312057941594050980
05.851458286418240284
05.674257050391994461
05.789237142130991387
06.213556200976652732
06.967428153140279079
08.000000000000000000
07.000000000000000000
06.331587771131554909
05.892411272638527819
05.725938596024077398
05.834232651770878242
06.237575432284799604
06.970327258806139348
08.000000000000000000
07.000000000000000000
06.337825811497424411
05.933635630327795063
05.785686493508387152
05.876809726515424437
06.232700259789574204
06.925386372624205755
08.000000000000000000
07.000000000000000000
06.290042416829579430
05.976104300934724556
05.873106347352969436
05.929472801628519640
06.171680619263977263
06.731179262344123337
08.000000000000000000
06.000000000000000000
06.000000000000000000
06.000000000000000000
06.000000000000000000
06.000000000000000000
06.000000000000000000
06.000000000000000000
06.000000000000000000
05.000000000000000000
05.000000000000000000
05.000000000000000000
05.000000000000000000
05.000000000000000000
05.000000000000000000
05.000000000000000000
05.000000000000000000
07.000000000000000000
05.930632704211503459
05.513013133574238722
05.380586732872400191
05.440620671931686303
05.717947384702807057
06.381128035363869522
08.000000000000000000
07.000000000000000000
06.268525517881947451
05.828193913864564202
05.666616538918768597
05.764137318148652156
06.143394784789416363
06.871855885169731337
08.000000000000000000
07.000000000000000000
06.409843346439243028
06.007142840892774061
05.854757533913259593
05.971069359645847285
06.372359264122773759
07.067876165780601738
08.000000000000000000
07.000000000000000000
06.476539503923588015
06.107981108726140640
05.970383611912774668
06.094099290153550896
06.491835405359633882
07.152688748504568039
08.000000000000000000
07.000000000000000000
06.509444154064661703
06.163987301126960361
06.037615813811870069
06.161331492052645409
06.547841597760455379
07.185593398645640839
08.000000000000000000
07.000000000000000000
06.520087166260767120
06.190048423983813386
06.071348064053380789
06.187659889785967593
06.555264847213813972
07.178119985602125830
08.000000000000000000
07.000000000000000000
06.498765642873056692
06.185753715440056588
06.076886105410879146
06.174406884640762705
06.500954586364906973
07.102096010160842354
08.000000000000000000
07.000000000000000000
06.391380292237625049
06.132738341698314777
06.052712763291685505
06.112746702350969841
06.337672592826881335
06.841875623389991112
08.000000000000000000
06.000000000000000000
06.000000000000000000
06.000000000000000000
06.000000000000000000
06.000000000000000000
06.000000000000000000
06.000000000000000000
06.000000000000000000
05.000000000000000000
05.000000000000000000
05.000000000000000000
05.000000000000000000
05.000000000000000000
05.000000000000000000
05.000000000000000000
05.000000000000000000
07.000000000000000000
05.972482115594916152
05.582372491064234943
05.463132132692214427
05.524684224036151114
05.790988159002390390
06.426320271410743246
08.000000000000000000
07.000000000000000000
06.341266234298477578
05.949698007572153280
05.811873510053604974
05.912095869212653731
06.271410037618695199
06.950441678607760743
08.000000000000000000
07.000000000000000000
06.501505516152247033
06.161185890354730965
06.039592901357080379
06.159349056499756614
06.534663096927031845
07.166890452146835067
08.000000000000000000
07.000000000000000000
06.577552927191117504
06.278323525757686596
06.175205476208111222
06.302709223079203227
06.671239989168729956
07.261732707657497343
08.000000000000000000
07.000000000000000000
06.611943459527327427
06.336960022633243206
06.245674525589214987
06.373178272460307880
06.729876486044286565
07.296123239993707266
08.000000000000000000
07.000000000000000000
06.615830955549352410
06.351291500553732483
06.265022971568813936
06.384779126711491060
06.724768707126032474
07.281215891543939556
08.000000000000000000
07.000000000000000000
06.576871435243615949
06.316653338550792363
06.233623768020237321
06.333846127179284302
06.638365368597334282
07.186046879552900002
08.000000000000000000
07.000000000000000000
06.437368535826115234
06.209267845263766183
06.143961888417397432
06.205513979761332344
06.417883513201919854
06.891206691641940552
08.000000000000000000
06.000000000000000000
06.000000000000000000
06.000000000000000000
06.000000000000000000
06.000000000000000000
06.000000000000000000
06.000000000000000000
06.000000000000000000
05.000000000000000000
05.000000000000000000
05.000000000000000000
05.000000000000000000
05.000000000000000000
05.000000000000000000
05.000000000000000000
05.000000000000000000
07.000000000000000000
05.992033734803908551
05.616103097813788025
05.504194188523189979
05.566332352407505901
05.826098829109596977
06.447061557716837754
08.000000000000000000
07.000000000000000000
06.376330289483545855
06.010413474896386887
05.885953602246634553
05.987233291943374169
06.334607138184110475
06.987632803683915483
08.000000000000000000
07.000000000000000000
06.546778088060269951
06.239821859652450620
06.135727528597188396
06.256848769524494536
06.616494059778644576
07.214888731609589989
08.000000000000000000
07.000000000000000000
06.628046557602479183
06.366186062597251727
06.282741580209123988
06.411757407253705132
06.762636203266730206
07.315233542971309788
08.000000000000000000
07.000000000000000000
06.663090644282760877
06.425985990861130759
06.354648091490845196
06.483663918535425452
06.822436131530610126
07.350277629651591482
08.000000000000000000
07.000000000000000000
06.662853759602433534
06.433037256120972991
06.364994767286751731
06.486116008214057871
06.809709456247166059
07.330964403151754460
08.000000000000000000
07.000000000000000000
06.614127688077042322
06.381249196257167355
06.312479586932726150
06.413759276629466655
06.705442859544890055
07.225430202277411951
08.000000000000000000
07.000000000000000000
06.458508422268474547
06.245795379442688144
06.188454674609412010
06.250592838493728820
06.455791110738497096
06.913536245181404638
08.000000000000000000
06.000000000000000000
06.000000000000000000
06.000000000000000000
06.000000000000000000
06.000000000000000000
06.000000000000000000
06.000000000000000000
06.000000000000000000
05.000000000000000000
05.000000000000000000
05.000000000000000000
05.000000000000000000
05.000000000000000000
05.000000000000000000
05.000000000000000000
05.000000000000000000
07.000000000000000000
05.999375851136632853
05.629013399327949863
05.520075809263701672
05.582365465819411732
05.839361009635109845
06.454700087434308564
08.000000000000000000
07.000000000000000000
06.389697495339809130
06.033961086107375138
05.914954841469154623
06.016509841036222994
06.358792923973116906
07.001535782881854963
08.000000000000000000
07.000000000000000000
06.564249229960255505
06.270649106072542445
06.173734999842309890
06.295214164316298877
06.648149465658332424
07.233053114286668972
08.000000000000000000
07.000000000000000000
06.647631894573309275
06.400776505382387072
06.325415015223724957
06.454828910034231093
06.798146754204529962
07.335587860254799253
08.000000000000000000
07.000000000000000000
06.682858446134897434
06.460902146847129046
06.397724765899124755
06.527138660709631779
06.858272395669270161
07.370814411816385636
08.000000000000000000
07.000000000000000000
06.680807519994447219
06.464724965112393917
06.404066581278413217
06.525545745752401317
06.842225324698181232
07.349611404320861574
08.000000000000000000
07.000000000000000000
06.628085635619106242
06.405847591695065013
06.342778458190604596
06.444333457757671191
06.730679429560806781
07.239923923161150299
08.000000000000000000
07.000000000000000000
06.466266623379863354
06.259443602070303037
06.205245730012899585
06.267535386568608757
06.469791212377462131
06.921590859677538177
08.000000000000000000
06.000000000000000000
06.000000000000000000
06.000000000000000000
06.000000000000000000
06.000000000000000000
06.000000000000000000
06.000000000000000000
06.000000000000000000
05.000000000000000000
05.000000000000000000
05.000000000000000000
05.000000000000000000
05.000000000000000000
05.000000000000000000
05.000000000000000000
05.000000000000000000
07.000000000000000000
05.997844458575755766
05.626413803972691419
05.516907768072893070
05.579045931957208992
05.836409535268501259
06.452872281488686745
08.000000000000000000
07.000000000000000000
06.386933863062869143
06.029248936886458132
05.909195312411663181
06.010475002108402798
06.353442600174182608
06.998236377263237884
08.000000000000000000
07.000000000000000000
06.560637646164588332
06.264464003416266635
06.166153813175579756
06.287275054102885896
06.641136203542458816
07.228748289713909259
08.000000000000000000
07.000000000000000000
06.643517682226366183
06.393707605748733869
06.316735248980354989
06.445751076024936133
06.790157746418212348
07.330704667595196788
08.000000000000000000
07.000000000000000000
06.678561768906648766
06.453507534012612901
06.388641760262077085
06.517657587306656453
06.849957674682092268
07.365748754275479371
08.000000000000000000
07.000000000000000000
06.676713317706751916
06.457679399884789007
06.395421051865143092
06.516542292792450120
06.834351600010982075
07.344823961256071954
08.000000000000000000
07.000000000000000000
06.624731261656366499
06.400084658247238600
06.335721297097754778
06.437000986794495283
06.724278321534963077
07.236033775856735240
08.000000000000000000
07.000000000000000000
06.464319146040322650
06.256106085601592426
06.201168254159116877
06.263306418043431911
06.466101816897402266
06.919346968953251853
08.000000000000000000
06.000000000000000000
06.000000000000000000
06.000000000000000000
06.000000000000000000
06.000000000000000000
06.000000000000000000
06.000000000000000000
06.000000000000000000
05.000000000000000000
05.000000000000000000
05.000000000000000000
05.000000000000000000
05.000000000000000000
05.000000000000000000
05.000000000000000000
05.000000000000000000
07.000000000000000000
05.986507299320887654
05.607011928994135808
05.493315528690194682
05.554867620034130482
05.815627596932291254
06.440345455136713859
08.000000000000000000
07.000000000000000000
06.366521889822473135
05.994164127986715052
05.866419633804937916
05.966641992963985786
06.315876158033257859
06.975697334131757188
08.000000000000000000
07.000000000000000000
06.534132784245081815
06.218731521449680777
06.110264415910274138
06.230020571052951261
06.592208728021981656
07.199517720239668961
08.000000000000000000
07.000000000000000000
06.613738527467255324
06.342203643603220087
06.253704366589099450
06.381208113460191456
06.735120107014263446
07.297918307933635162
08.000000000000000000
07.000000000000000000
06.648129059803465246
06.400840140478776696
06.324173415970203216
06.451677162841296109
06.793756603889819168
07.332308840269845085
08.000000000000000000
07.000000000000000000
06.648458223642187193
06.408837131648680518
06.335694486122009472
06.455450641264685707
06.782314338220982286
07.313843159636773450
08.000000000000000000
07.000000000000000000
06.602127090767612394
06.361119458965355022
06.288169891771569375
06.388392250930616356
06.682831489011896942
07.211302535076897335
08.000000000000000000
07.000000000000000000
06.451393719552086736
06.233907283193667048
06.174145284415375912
06.235697375759313488
06.442522951131820719
06.905231875367912053
08.000000000000000000
06.000000000000000000
06.000000000000000000
06.000000000000000000
06.000000000000000000
06.000000000000000000
06.000000000000000000
06.000000000000000000
06.000000000000000000
05.000000000000000000
05.000000000000000000
05.000000000000000000
05.000000000000000000
05.000000000000000000
05.000000000000000000
05.000000000000000000
05.000000000000000000
07.000000000000000000
05.959227850781754654
05.562133337380684495
05.439938967280214754
05.499972906339501755
05.767067588509251053
06.409723181934121605
08.000000000000000000
07.000000000000000000
06.318615963792936441
05.914668562661055340
05.771406378150292227
05.868927157380175785
06.229869433585906613
06.921946331080720327
08.000000000000000000
07.000000000000000000
06.473131583614248008
06.116795705858073084
05.987926640101581377
06.104238465834169070
06.482012129088071006
07.131164402955608494
08.000000000000000000
07.000000000000000000
06.545907845252102675
06.228382129170070947
06.116769160377333314
06.240484838618108654
06.612236425803565076
07.222057089833081811
08.000000000000000000
07.000000000000000000
06.578812495393176363
06.284388321570891556
06.184001362276428715
06.307717040517204055
06.668242618204384797
07.254961739974155499
08.000000000000000000
07.000000000000000000
06.583375403435773876
06.299701288949112410
06.204517170241704349
06.320828995974290265
06.664917712179111220
07.241408222777132586
08.000000000000000000
07.000000000000000000
06.548856088784047458
06.272228364236548614
06.181675944642403664
06.279196723872285446
06.587429235161398999
07.152186456071830456
08.000000000000000000
07.000000000000000000
06.419975438807876245
06.181858545504760549
06.112064997699500069
06.172098936758785293
06.386792796633327107
06.870470769960242308
08.000000000000000000
06.000000000000000000
06.000000000000000000
06.000000000000000000
06.000000000000000000
06.000000000000000000
06.000000000000000000
06.000000000000000000
06.000000000000000000
05.000000000000000000
05.000000000000000000
05.000000000000000000
05.000000000000000000
05.000000000000000000
05.000000000000000000
05.000000000000000000
05.000000000000000000
07.000000000000000000
05.898586758255582652
05.470467863204641290
05.335635227800406888
05.392001682075957092
05.666044181533893109
06.339723603770126559
08.000000000000000000
07.000000000000000000
06.217344546775118275
05.758883185672996063
05.592508895302452210
05.683632128309487719
06.057947815134776093
06.804905107901900507
08.000000000000000000
07.000000000000000000
06.348596440767441784
05.922715627276511796
05.763413558067949083
05.871707613814749926
06.267879786922783580
06.987335928442027999
08.000000000000000000
07.000000000000000000
06.409775054711684739
06.014606433710209643
05.868390777080872311
05.983370868819867461
06.376704348268621203
07.065145266257911061
08.000000000000000000
07.000000000000000000
06.439630084332569560
06.065261715496145456
05.929078185011404045
06.044058276750400083
06.427359630054555240
07.095000295878796770
08.000000000000000000
07.000000000000000000
06.450115674750102279
06.090413144922657729
05.961480795257680043
06.069774851004481775
06.435577304568930401
07.088855162424686718
08.000000000000000000
07.000000000000000000
06.435159777984311269
06.095089806371751351
05.976994777419498028
06.068118010426533537
06.394154435833531380
07.022720339111091725
08.000000000000000000
07.000000000000000000
06.348595995218096810
06.072155578463690695
05.986260151565225840
06.042626605840776044
06.267731896792942514
06.789732840732639829
08.000000000000000000
06.000000000000000000
06.000000000000000000
06.000000000000000000
06.000000000000000000
06.000000000000000000
06.000000000000000000
06.000000000000000000
06.000000000000000000
05.000000000000000000
05.000000000000000000
05.000000000000000000
05.000000000000000000
05.000000000000000000
05.000000000000000000
05.000000000000000000
05.000000000000000000
07.000000000000000000
05.753300732674951234
05.283125709352739285
05.138051179563717596
05.186001588518517558
05.455358419602799103
06.166724506626648505
08.000000000000000000
07.000000000000000000
05.995511892189384184
05.464090001542174946
05.277214980819473489
05.354046813629949497
05.724353365740027400
06.539026977337742075
08.000000000000000000
07.000000000000000000
06.089784033982230227
05.571470047146011240
05.383477179004067636
05.474235105446388694
05.869690217903729135
06.676638634114149262
08.000000000000000000
07.000000000000000000
06.133679833506165302
05.635221034838647114
05.455103695694275778
05.551186165169453623
05.947060110352113682
06.734147979787721283
08.000000000000000000
07.000000000000000000
06.157725482777410164
05.675810806843859524
05.503581380764013709
05.599663850239193330
05.987649882357325204
06.758193629058967922
08.000000000000000000
07.000000000000000000
06.173658823384079675
05.708961801121390955
05.545168405090541874
05.635926331532861155
06.007181971879110627
06.760513423515996934
08.000000000000000000
07.000000000000000000
06.184885860643174915
05.752896576914505289
05.605478856519038544
05.682310689329515441
06.013159941112355966
06.728400945791532806
08.000000000000000000
07.000000000000000000
06.173430959069122537
05.837261794495240963
05.733584731721538041
05.781535140676336226
06.009494504745301668
06.586854733020819808
08.000000000000000000
06.000000000000000000
06.000000000000000000
06.000000000000000000
06.000000000000000000
06.000000000000000000
06.000000000000000000
06.000000000000000000
06.000000000000000000
05.000000000000000000
05.000000000000000000
05.000000000000000000
05.000000000000000000
05.000000000000000000
05.000000000000000000
05.000000000000000000
05.000000000000000000
07.000000000000000000
05.349081748394431735
04.884281873424386688
04.760390450793045680
04.790702768264401001
05.000675915581135555
05.672920090756858436
08.000000000000000000
07.000000000000000000
05.460405319743756536
04.919229387849645363
04.756837930572834772
04.804729451225123071
05.091327031470587627
05.873717553194595986
08.000000000000000000
07.000000000000000000
05.504966862473995803
04.960942500954883094
04.793207124343775050
04.849295824835289537
05.155877486982677560
05.945568431389006925
08.000000000000000000
07.000000000000000000
05.526973816285449814
04.991415834830463361
04.826700898322004107
04.885853464998398898
05.194288712056468249
05.975711516284767377
08.000000000000000000
07.000000000000000000
05.541077924530922516
05.015059467986963782
04.854828080393549961
04.913980647069943863
05.217932345212969558
05.989815624530241855
08.000000000000000000
07.000000000000000000
05.556062613480248658
05.043727088572481421
04.889972752291368074
04.946061452782881673
05.238662074600275886
05.996664182395260667
08.000000000000000000
07.000000000000000000
05.586366767885359685
05.107207579108167472
04.968393182138433950
05.016284702790721362
05.279305222729110625
05.999679001336200024
08.000000000000000000
07.000000000000000000
05.676590147147013710
05.303375614525375426
05.205568450117227464
05.235880767588582785
05.419769656682125181
06.000428489509440411
08.000000000000000000
06.000000000000000000
06.000000000000000000
06.000000000000000000
06.000000000000000000
06.000000000000000000
06.000000000000000000
06.000000000000000000
06.000000000000000000
04.000000000000000000
04.000000000000000000
04.000000000000000000
04.000000000000000000
04.000000000000000000
04.000000000000000000
04.000000000000000000
04.000000000000000000
04.000000000000000000
04.000000000000000000
04.000000000000000000
04.000000000000000000
04.000000000000000000
04.000000000000000000
04.000000000000000000
04.000000000000000000
04.000000000000000000
04.000000000000000000
04.000000000000000000
04.000000000000000000
04.000000000000000000
04.000000000000000000
04.000000000000000000
04.000000000000000000
04.000000000000000000
04.000000000000000000
04.000000000000000000
04.000000000000000000
04.000000000000000000
04.000000000000000000
04.000000000000000000
04.000000000000000000
04.000000000000000000
04.000000000000000000
04.000000000000000000
04.000000000000000000
04.000000000000000000
04.000000000000000000
04.000000000000000000
04.000000000000000000
04.000000000000000000
04.000000000000000000
04.000000000000000000
04.000000000000000000
04.000000000000000000
04.000000000000000000
04.000000000000000000
04.000000000000000000
04.000000000000000000
04.000000000000000000
04.000000000000000000
04.000000000000000000
04.000000000000000000
04.000000000000000000
04.000000000000000000
04.000000000000000000
04.000000000000000000
04.000000000000000000
04.000000000000000000
04.000000000000000000
04.000000000000000000
04.000000000000000000
04.000000000000000000
04.000000000000000000
04.000000000000000000
04.000000000000000000
04.000000000000000000
04.000000000000000000
04.000000000000000000
04.000000000000000000
04.000000000000000000
04.000000000000000000
04.000000000000000000
04.000000000000000000
04.000000000000000000
04.000000000000000000
04.000000000000000000
04.000000000000000000
04.000000000000000000
04.000000000000000000
03.000000000000000000
03.000000000000000000
03.000000000000000000
03.000000000000000000
03.000000000000000000
03.000000000000000000
03.000000000000000000
03.000000000000000000
03.000000000000000000
03.000000000000000000
03.000000000000000000
03.000000000000000000
03.000000000000000000
03.000000000000000000
03.000000000000000000
03.000000000000000000
03.000000000000000000
03.000000000000000000
03.000000000000000000
03.000000000000000000
03.000000000000000000
03.000000000000000000
03.000000000000000000
03.000000000000000000
03.000000000000000000
03.000000000000000000
03.000000000000000000
03.000000000000000000
03.000000000000000000
03.000000000000000000
03.000000000000000000
03.000000000000000000
03.000000000000000000
03.000000000000000000
03.000000000000000000
03.000000000000000000
03.000000000000000000
03.000000000000000000
03.000000000000000000
03.000000000000000000
03.000000000000000000
03.000000000000000000
03.000000000000000000
03.000000000000000000
03.000000000000000000
03.000000000000000000
03.000000000000000000
03.000000000000000000
03.000000000000000000
03.000000000000000000
03.000000000000000000
03.000000000000000000
03.000000000000000000
03.000000000000000000
03.000000000000000000
03.000000000000000000
03.000000000000000000
03.000000000000000000
03.000000000000000000
03.000000000000000000
03.000000000000000000
03.000000000000000000
03.000000000000000000
03.000000000000000000
03.000000000000000000
03.000000000000000000
03.000000000000000000
03.000000000000000000
03.000000000000000000
03.000000000000000000
03.000000000000000000
03.000000000000000000
03.000000000000000000
03.000000000000000000
03.000000000000000000
03.000000000000000000
03.000000000000000000
03.000000000000000000
03.000000000000000000
03.000000000000000000
05.000000000000000000
05.000000000000000000
05.000000000000000000
05.000000000000000000
05.000000000000000000
05.000000000000000000
05.000000000000000000
05.000000000000000000
07.000000000000000000
05.016028922342695928
04.455419599048387802
04.303191042557727108
04.333424314101725017
04.571629666047568818
05.339711723121800979
08.000000000000000000
07.000000000000000000
05.030342819916493013
04.347565055970457060
04.139710148534772038
04.187458122784421199
04.519329364171058572
05.443374314202706010
08.000000000000000000
07.000000000000000000
05.042527283036385199
04.337287468436543669
04.115491340736451065
04.171393528530733974
04.531790220401179070
05.482766012433263114
08.000000000000000000
07.000000000000000000
05.053849351264178225
04.349784625586254450
04.127522682411805199
04.186467876622372408
04.552177463742324903
05.502184796546284673
08.000000000000000000
07.000000000000000000
05.067857666591234711
04.373257278298917861
04.155438198425941643
04.214383392636507963
04.575650116454989202
05.516193111873340271
08.000000000000000000
07.000000000000000000
05.093369538642495975
04.419620188145289674
04.211698099938383066
04.267600287732667752
04.614122940109925963
05.533608268039373002
08.000000000000000000
07.000000000000000000
05.155993530835043082
04.534990759012730521
04.350583302532814223
04.398331276782463384
04.706755067213332033
05.569025025121256967
08.000000000000000000
07.000000000000000000
05.343317874220033126
04.874124464579411509
04.747890015331694968
04.778123286875693765
04.990334531578594301
05.667000674999139065
08.000000000000000000
06.000000000000000000
06.000000000000000000
06.000000000000000000
06.000000000000000000
06.000000000000000000
06.000000000000000000
06.000000000000000000
06.000000000000000000
05.000000000000000000
05.000000000000000000
05.000000000000000000
05.000000000000000000
05.000000000000000000
05.000000000000000000
05.000000000000000000
05.000000000000000000
07.000000000000000000
05.616117736789157711
05.075332444443336755
04.902082692974143896
04.949888425956185500
05.247229269355946357
06.029258714159231758
08.000000000000000000
07.000000000000000000
05.785905618523688787
05.139505460785230184
04.904828510552361465
04.981397244705878968
05.399159261081892147
06.328909238148089145
08.000000000000000000
07.000000000000000000
05.846276459752603571
05.189774851924702226
04.942844036431249144
05.033259650775468330
05.487203393499883397
06.432468795730351019
08.000000000000000000
07.000000000000000000
05.876784078962076663
05.230424681093299277
04.986481910504473980
05.082183482247089046
05.541383796489154356
06.476517252694805826
08.000000000000000000
07.000000000000000000
05.900651545541433229
05.270696253320320324
05.034565531354185275
05.130267103096800341
05.581655368716175403
06.500384719274164169
08.000000000000000000
07.000000000000000000
05.929680809950388820
05.326427496918204163
05.103496983348605909
05.193912597692822430
05.623856038493386222
06.515873145928136267
08.000000000000000000
07.000000000000000000
05.974705353396258189
05.427290152464751216
05.231829994325749134
05.308398728479266637
05.686943952761412291
06.517708973020658547
08.000000000000000000
07.000000000000000000
06.035844496128192738
05.628752657552231753
05.496733662470036030
05.544539395452077635
05.800649482464843132
06.448985473498265009
08.000000000000000000
06.000000000000000000
06.000000000000000000
06.000000000000000000
06.000000000000000000
06.000000000000000000
06.000000000000000000
06.000000000000000000
06.000000000000000000
05.000000000000000000
05.000000000000000000
05.000000000000000000
05.000000000000000000
05.000000000000000000
05.000000000000000000
05.000000000000000000
05.000000000000000000
07.000000000000000000
05.829792619372901719
05.356404701599039697
05.200328235619352313
05.256503317585571544
05.551537805322706021
06.270557754162410902
08.000000000000000000
07.000000000000000000
06.101392840161491193
05.564623205227323233
05.360803996508252567
05.451578688538366357
05.862882127063000937
06.688279758754109849
08.000000000000000000
07.000000000000000000
06.205769218276977028
05.681827361820483979
05.475004599581157372
05.582844501789365310
06.025943442175666576
06.843634777097427957
08.000000000000000000
07.000000000000000000
06.254990297410641276
05.752729762669060776
05.554272071895845819
05.668746371209229196
06.113661525127864316
06.909389559524464097
08.000000000000000000
07.000000000000000000
06.284605035603968659
05.802955689486379853
05.614427537249544464
05.728901836562926064
06.163887451945186058
06.939004297717790593
08.000000000000000000
07.000000000000000000
06.306655627112810691
05.848395365283906244
05.671673530200531665
05.779513432408741380
06.192511445639088841
06.944521185933261620
08.000000000000000000
07.000000000000000000
06.318439087946329913
05.899460135658234350
05.743596723617043764
05.834371415647158443
06.197719057493913830
06.905326006538947681
08.000000000000000000
07.000000000000000000
06.279264326143982444
05.957137510170194439
05.849774870914781211
05.905949952880998666
06.152270613893860762
06.720029460933492516
08.000000000000000000
06.000000000000000000
06.000000000000000000
06.000000000000000000
06.000000000000000000
06.000000000000000000
06.000000000000000000
06.000000000000000000
06.000000000000000000
05.000000000000000000
05.000000000000000000
05.000000000000000000
05.000000000000000000
05.000000000000000000
05.000000000000000000
05.000000000000000000
05.000000000000000000
07.000000000000000000
05.918544286093881723
05.491709362184881371
05.354351585286881487
05.414164757503745484
05.696133261262860792
06.368612818587404689
08.000000000000000000
07.000000000000000000
06.246501891888179614
05.789316373278556860
05.618687242847374641
05.715805449243847924
06.103588225074683571
06.849057558353101705
08.000000000000000000
07.000000000000000000
06.381041662995905028
05.956224488607706036
05.791921464234257577
05.907708077942491087
06.320230787583684950
07.038067903728880914
08.000000000000000000
07.000000000000000000
06.444248684113439651
06.050844873055472917
05.899833857356806988
06.022964165592770591
06.433351626467409545
07.119278590758869818
08.000000000000000000
07.000000000000000000
06.476871165491737692
06.106346645853783173
05.966440895367296271
06.089571203603259875
06.488853399265719801
07.151901072137169635
08.000000000000000000
07.000000000000000000
06.490543933905231988
06.137805765258748991
06.006871865716910008
06.122658479425144407
06.501812064234727018
07.147570174638206097
08.000000000000000000
07.000000000000000000
06.475844223125786669
06.145275905631522484
06.026977588992341595
06.124095795388814878
06.459547757427648307
07.078399889590706984
08.000000000000000000
07.000000000000000000
06.378666835739987384
06.110323173537477892
06.025105319020527261
06.084918491237392146
06.314747072615457313
06.828735368233511238
08.000000000000000000
06.000000000000000000
06.000000000000000000
06.000000000000000000
06.000000000000000000
06.000000000000000000
06.000000000000000000
06.000000000000000000
06.000000000000000000
05.000000000000000000
05.000000000000000000
05.000000000000000000
05.000000000000000000
05.000000000000000000
05.000000000000000000
05.000000000000000000
05.000000000000000000
07.000000000000000000
05.959217651425722018
05.558964777573281779
05.434280962331418330
05.495595659575129410
05.767032299853083188
06.412598217743905593
08.000000000000000000
07.000000000000000000
06.317063824414533180
05.906920997311315702
05.759094221703073835
05.858883320326287780
06.227634290147790352
06.925407809334185316
08.000000000000000000
07.000000000000000000
06.469808940496135641
06.105084241866476802
05.970308188363615542
06.089498602377343417
06.477259293203482038
07.134112427794951472
08.000000000000000000
07.000000000000000000
06.541987646305711834
06.215322871837041241
06.097358437598700220
06.224231308203584945
06.606788489548696575
07.224964084403238118
08.000000000000000000
07.000000000000000000
06.576070610331796296
06.273409361682912078
06.167145652798218691
06.294018523403103416
06.664874979394568300
07.259047048429322579
08.000000000000000000
07.000000000000000000
06.583327272254591023
06.293747915574729568
06.193951935916020446
06.313142349929748320
06.665922966911732139
07.247630759553407742
08.000000000000000000
07.000000000000000000
06.551694330752940054
06.272138151947275198
06.178693933017168405
06.278483031640382350
06.592851444783748960
07.160038315672592191
08.000000000000000000
07.000000000000000000
06.423427328389082369
06.184656066290460608
06.113623345960202293
06.174938043203914262
06.392723588570260240
06.876807894707266833
08.000000000000000000
06.000000000000000000
06.000000000000000000
06.000000000000000000
06.000000000000000000
06.000000000000000000
06.000000000000000000
06.000000000000000000
06.000000000000000000
05.000000000000000000
05.000000000000000000
05.000000000000000000
05.000000000000000000
05.000000000000000000
05.000000000000000000
05.000000000000000000
05.000000000000000000
07.000000000000000000
05.978110903796491016
05.591514402079657664
05.473872153762422421
05.535764774353819639
05.800943524638158877
06.432666164766383865
08.000000000000000000
07.000000000000000000
06.350903828245341387
05.965440200596035858
05.830438473022899082
05.931269815547935309
06.288600956577692358
06.961347185778430813
08.000000000000000000
07.000000000000000000
06.513449355878991653
06.180790944909194451
06.062793237381293388
06.183328747156664917
06.556115728605663939
07.180441880025937529
08.000000000000000000
07.000000000000000000
06.590631595314733637
06.299865220010885558
06.200757488174852838
06.329119948606745538
06.694813602349322323
07.276574000075177295
08.000000000000000000
07.000000000000000000
06.625354901846455036
06.359091406789747936
06.271952639875179258
06.400315100307071958
06.754039789128184701
07.311297306606900470
08.000000000000000000
07.000000000000000000
06.628683960217841786
06.372503409954096476
06.290198287618911088
06.410733797394281730
06.747828193650566853
07.295676484364785885
08.000000000000000000
07.000000000000000000
06.587686974217344726
06.334466719158881709
06.254725590547249858
06.355556933072285197
06.657627475140537321
07.198130331750434152
08.000000000000000000
07.000000000000000000
06.443882437679009811
06.219955215318920594
06.156586338569685068
06.218478959161082287
06.429384337877420919
06.898437698648902661
08.000000000000000000
06.000000000000000000
06.000000000000000000
06.000000000000000000
06.000000000000000000
06.000000000000000000
06.000000000000000000
06.000000000000000000
06.000000000000000000
05.000000000000000000
05.000000000000000000
05.000000000000000000
05.000000000000000000
05.000000000000000000
05.000000000000000000
05.000000000000000000
05.000000000000000000
07.000000000000000000
05.985204367919729762
05.603978049990248955
05.489197179155970829
05.551238881043236262
05.813753597124456718
06.440051629237363073
08.000000000000000000
07.000000000000000000
06.363807822153249028
05.988155609214619979
05.858402547963043716
05.959504728530397699
06.311944427161700233
06.974778773797858378
08.000000000000000000
07.000000000000000000
06.530301739481696899
06.210506347606291833
06.099414868976072768
06.220302366353404722
06.586645870249413726
07.197976653365234512
08.000000000000000000
07.000000000000000000
06.609515360074238899
06.333194880680307115
06.241859336508661649
06.370613178693116829
06.729048257114638609
07.296214527235018288
08.000000000000000000
07.000000000000000000
06.644417081193212837
06.392739501055137552
06.313448668528515384
06.442202510712968788
06.788592877489469046
07.331116248353993115
08.000000000000000000
07.000000000000000000
06.646008574029369953
06.403060607004612770
06.327861032945842901
06.448748530323173078
06.779200129647733775
07.313683487912905790
08.000000000000000000
07.000000000000000000
06.601169652466764681
06.358211249728626946
06.283960348035089183
06.385062528602443166
06.682000067675706312
07.212140604111374032
08.000000000000000000
07.000000000000000000
06.451383965450743219
06.233142377190916683
06.172802878502523072
06.234844580389787616
06.442917924325123558
06.906231226768376530
08.000000000000000000
06.000000000000000000
06.000000000000000000
06.000000000000000000
06.000000000000000000
06.000000000000000000
06.000000000000000000
06.000000000000000000
06.000000000000000000
05.000000000000000000
05.000000000000000000
05.000000000000000000
05.000000000000000000
05.000000000000000000
05.000000000000000000
05.000000000000000000
05.000000000000000000
07.000000000000000000
05.983795445376551392
05.601598331645588402
05.486303528671641949
05.548196149263039167
05.811027454204087839
06.438350706346443353
08.000000000000000000
07.000000000000000000
06.361272221965685425
05.983852958185736703
05.853154128973160120
05.953985471498195459
06.307013714167394980
06.971715579498775739
08.000000000000000000
07.000000000000000000
06.526994969989226014
06.204868767033470789
06.092517178666542854
06.213052688441914384
06.580193550729942054
07.193987494136171001
08.000000000000000000
07.000000000000000000
06.605747822598727836
06.326748792979377534
06.233957119725607399
06.362319580157499210
06.721697175317815187
07.291690227359174159
08.000000000000000000
07.000000000000000000
06.640471129130450123
06.385974979758240799
06.305152271425933819
06.433514731857826519
06.780923362096676676
07.326413533890896446
08.000000000000000000
07.000000000000000000
06.642229574328073483
06.396581232078374590
06.319922228904161443
06.440457738679532973
06.771906015774844967
07.309222098475020246
08.000000000000000000
07.000000000000000000
06.598055367937687876
06.352879476748583443
06.277441246497509120
06.378272589022544459
06.676040232730240831
07.208498725470778190
08.000000000000000000
07.000000000000000000
06.449566979259071076
06.230039144884849556
06.169017713478904597
06.230910334070302703
06.439468267443350769
06.904122240228963925
08.000000000000000000
06.000000000000000000
06.000000000000000000
06.000000000000000000
06.000000000000000000
06.000000000000000000
06.000000000000000000
06.000000000000000000
06.000000000000000000
05.000000000000000000
05.000000000000000000
05.000000000000000000
05.000000000000000000
05.000000000000000000
05.000000000000000000
05.000000000000000000
05.000000000000000000
07.000000000000000000
05.972991474755473540
05.583152829170198395
05.463902988568032804
05.525217685811745660
05.791220351449998915
06.426372041073658892
08.000000000000000000
07.000000000000000000
06.341851753128057823
05.950547079523813565
05.812595526179571870
05.912384624802784039
06.271260372360289992
06.950195738047709959
08.000000000000000000
07.000000000000000000
06.501812912442220593
06.161510287128339591
06.039587052734686878
06.158777466748414753
06.533685338465341275
07.166116399741039089
08.000000000000000000
07.000000000000000000
06.577469397148155039
06.277938612839967902
06.174284479583930896
06.301157350188814732
06.669404230551624124
07.260445835245680435
08.000000000000000000
07.000000000000000000
06.611552361174239500
06.336025102685838739
06.244071694783449367
06.370944565388333203
06.727490720397494961
07.294528799271764896
08.000000000000000000
07.000000000000000000
06.615331244200677752
06.350173960836591469
06.263230800287091782
06.382421214300819656
06.722349012173594929
07.279634731499495359
08.000000000000000000
07.000000000000000000
06.576482259466465585
06.315764234159773061
06.232195237493668216
06.331984336116881273
06.636477526996248599
07.184826244386117722
08.000000000000000000
07.000000000000000000
06.437201151718834780
06.208844117887377223
06.143245372196817655
06.204560069440528736
06.416911640167177744
06.890581718037019243
08.000000000000000000
06.000000000000000000
06.000000000000000000
06.000000000000000000
06.000000000000000000
06.000000000000000000
06.000000000000000000
06.000000000000000000
06.000000000000000000
05.000000000000000000
05.000000000000000000
05.000000000000000000
05.000000000000000000
05.000000000000000000
05.000000000000000000
05.000000000000000000
05.000000000000000000
07.000000000000000000
05.946774824352390354
05.540175768584262528
05.412891612493739402
05.472704784710603398
05.744599667662241949
06.396843356845912432
08.000000000000000000
07.000000000000000000
06.295915753308107377
05.874577543434218008
05.721969348074221529
05.819087554470696588
06.188849395230342054
06.898471419773029467
08.000000000000000000
07.000000000000000000
06.443430877133383916
06.064264580092482149
05.923086399467750063
06.038873013175982685
06.428270879068461063
07.100457117866358026
08.000000000000000000
07.000000000000000000
06.512603612672722697
06.169427685491080560
06.043959731558272708
06.167090039794237200
06.551934438903016300
07.187633519318154640
08.000000000000000000
07.000000000000000000
06.545226094051020738
06.224929458289392592
06.110566769568762879
06.233697077804725595
06.607436211701327444
07.220256000696451792
08.000000000000000000
07.000000000000000000
06.552933148042709988
06.245845856743525104
06.138036800950401606
06.253823414658635116
06.609852155719503131
07.209959388775683209
08.000000000000000000
07.000000000000000000
06.525258084545712656
06.230537075787182744
06.130259694219189370
06.227377900615663542
06.544808927583307678
07.127813751010634746
08.000000000000000000
07.000000000000000000
06.406897373998496903
06.158789579936859049
06.083645346227386952
06.143458518444250060
06.363213479014837581
06.856965906492019869
08.000000000000000000
06.000000000000000000
06.000000000000000000
06.000000000000000000
06.000000000000000000
06.000000000000000000
06.000000000000000000
06.000000000000000000
06.000000000000000000
05.000000000000000000
05.000000000000000000
05.000000000000000000
05.000000000000000000
05.000000000000000000
05.000000000000000000
05.000000000000000000
05.000000000000000000
07.000000000000000000
05.887909550778978485
05.451674774351113584
05.312513169726274853
05.368688251692493196
05.646807878074778131
06.328674685568486780
08.000000000000000000
07.000000000000000000
06.197919711438439450
05.724632869385406941
05.550320279127117118
05.641094971157230908
06.022891791221086422
06.784806630031058106
08.000000000000000000
07.000000000000000000
06.323228950188155117
05.877916775211851075
05.708173666145507141
05.816013568353715968
06.222032855567033671
06.961094509008607822
08.000000000000000000
07.000000000000000000
06.381361256346068878
05.964382144481998438
05.806423610571522786
05.920897909884905275
06.325313906940804642
07.035760518459889923
08.000000000000000000
07.000000000000000000
06.410975994539395373
06.014608071299317515
05.866579075925219655
05.981053375238604808
06.375539833758122832
07.065375256653216418
08.000000000000000000
07.000000000000000000
06.424115359023987892
06.044484778675272452
05.904842596764882323
06.012682498973090262
06.388600859030454160
07.061980917844438821
08.000000000000000000
07.000000000000000000
06.414965959223278169
06.059469799816319835
05.933113006235908315
06.023887698266022994
06.357728721651998427
07.001852877815895937
08.000000000000000000
07.000000000000000000
06.337381257550058322
06.052407582922267437
05.961959805021702863
06.018134886987922094
06.247540686645933761
06.778146392339567505
08.000000000000000000
06.000000000000000000
06.000000000000000000
06.000000000000000000
06.000000000000000000
06.000000000000000000
06.000000000000000000
06.000000000000000000
06.000000000000000000
05.000000000000000000
05.000000000000000000
05.000000000000000000
05.000000000000000000
05.000000000000000000
05.000000000000000000
05.000000000000000000
05.000000000000000000
07.000000000000000000
05.745303866977229390
05.269082765537271840
05.120799566752924470
05.168605299734966074
05.440979590449882330
06.158444844347302549
08.000000000000000000
07.000000000000000000
05.980999605323255253
05.438555445299683377
05.245805820887718518
05.322374555041234245
05.698209245596344452
06.524003224947654722
08.000000000000000000
07.000000000000000000
06.070875645715968716
05.538142777876767120
05.342435205179891788
05.432850819524109198
05.835571319451949179
06.657067981693715275
08.000000000000000000
07.000000000000000000
06.112529063281167296
05.597904149525367856
05.409118166079479373
05.504819737822094439
05.908863264921222047
06.712262237013898236
08.000000000000000000
07.000000000000000000
06.136396529860524751
05.638175721752388903
05.457201786929189780
05.552903358671804845
05.949134837148244870
06.736129703593254803
08.000000000000000000
07.000000000000000000
06.154279995913753964
05.674795422870269945
05.503088152097247665
05.593503766441465963
05.972223964445450228
06.740472331891501412
08.000000000000000000
07.000000000000000000
06.169799340195823767
05.726340136979203521
05.572807304661105299
05.649376038814621026
05.985993937275866372
06.712802959820224125
08.000000000000000000
07.000000000000000000
06.165030626316263529
05.822502978646167726
05.715450536248815716
05.763256269230858209
05.994399803558778217
06.578171603686337576
08.000000000000000000
06.000000000000000000
06.000000000000000000
06.000000000000000000
06.000000000000000000
06.000000000000000000
06.000000000000000000
06.000000000000000000
06.000000000000000000
05.000000000000000000
05.000000000000000000
05.000000000000000000
05.000000000000000000
05.000000000000000000
05.000000000000000000
05.000000000000000000
05.000000000000000000
07.000000000000000000
05.344734327964260956
04.876665611206594697
04.751048069550357411
04.781281341094356208
04.992875678205776602
05.668417128743366007
08.000000000000000000
07.000000000000000000
05.452535517953058353
04.905411785516903045
04.739864610800667677
04.787612585050317726
05.077176093717504557
05.865567012239273126
08.000000000000000000
07.000000000000000000
05.494735726110540064
04.942944435322798036
04.771070575682902160
04.826972763477185957
05.137447187287432548
05.934974455507416202
08.000000000000000000
07.000000000000000000
05.515543651331788588
04.971286421598311911
04.801925000582473402
04.860870194793040611
05.173679259754384141
05.963879096613894149
08.000000000000000000
07.000000000000000000
05.529551966658845075
04.994759074310975322
04.829840516596610733
04.888785710807177942
05.197151912467046664
05.977887411940950635
08.000000000000000000
07.000000000000000000
05.545577981716649063
05.025277155031544041
04.867277334884834161
04.923179522679117959
05.219779906996179442
05.985816711113525201
08.000000000000000000
07.000000000000000000
05.578186228871609309
05.092837488559176506
04.950737764798708973
04.998485739048359022
05.264601796759777130
05.991217723157823194
08.000000000000000000
07.000000000000000000
05.672023279841597265
05.295370476737619292
05.195747042324326159
05.225980313868324956
05.411580543736802085
05.995706080620704093
08.000000000000000000
06.000000000000000000
06.000000000000000000
06.000000000000000000
06.000000000000000000
06.000000000000000000
06.000000000000000000
06.000000000000000000
06.000000000000000000
04.000000000000000000
04.000000000000000000
04.000000000000000000
04.000000000000000000
04.000000000000000000
04.000000000000000000
04.000000000000000000
04.000000000000000000
04.000000000000000000
04.000000000000000000
04.000000000000000000
04.000000000000000000
04.000000000000000000
04.000000000000000000
04.000000000000000000
04.000000000000000000
04.000000000000000000
04.000000000000000000
04.000000000000000000
04.000000000000000000
04.000000000000000000
04.000000000000000000
04.000000000000000000
04.000000000000000000
04.000000000000000000
04.000000000000000000
04.000000000000000000
04.000000000000000000
04.000000000000000000
04.000000000000000000
04.000000000000000000
04.000000000000000000
04.000000000000000000
04.000000000000000000
04.000000000000000000
04.000000000000000000
04.000000000000000000
04.000000000000000000
04.000000000000000000
04.000000000000000000
04.000000000000000000
04.000000000000000000
04.000000000000000000
04.000000000000000000
04.000000000000000000
04.000000000000000000
04.000000000000000000
04.000000000000000000
04.000000000000000000
04.000000000000000000
04.000000000000000000
04.000000000000000000
04.000000000000000000
04.000000000000000000
04.000000000000000000
04.000000000000000000
04.000000000000000000
04.000000000000000000
04.000000000000000000
04.000000000000000000
04.000000000000000000
04.000000000000000000
04.000000000000000000
04.000000000000000000
04.000000000000000000
04.000000000000000000
04.000000000000000000
04.000000000000000000
04.000000000000000000
04.000000000000000000
04.000000000000000000
04.000000000000000000
04.000000000000000000
04.000000000000000000
04.000000000000000000
04.000000000000000000
04.000000000000000000
04.000000000000000000
04.000000000000000000
04.000000000000000000
03.000000000000000000
03.000000000000000000
03.000000000000000000
03.000000000000000000
03.000000000000000000
03.000000000000000000
03.000000000000000000
03.000000000000000000
03.000000000000000000
03.000000000000000000
03.000000000000000000
03.000000000000000000
03.000000000000000000
03.000000000000000000
03.000000000000000000
03.000000000000000000
03.000000000000000000
03.000000000000000000
03.000000000000000000
03.000000000000000000
03.000000000000000000
03.000000000000000000
03.000000000000000000
03.000000000000000000
03.000000000000000000
03.000000000000000000
03.000000000000000000
03.000000000000000000
03.000000000000000000
03.000000000000000000
03.000000000000000000
03.000000000000000000
03.000000000000000000
03.000000000000000000
03.000000000000000000
03.000000000000000000
03.000000000000000000
03.000000000000000000
03.000000000000000000
03.000000000000000000
03.000000000000000000
03.000000000000000000
03.000000000000000000
03.000000000000000000
03.000000000000000000
03.000000000000000000
03.000000000000000000
03.000000000000000000
03.000000000000000000
03.000000000000000000
03.000000000000000000
03.000000000000000000
03.000000000000000000
03.000000000000000000
03.000000000000000000
03.000000000000000000
03.000000000000000000
03.000000000000000000
03.000000000000000000
03.000000000000000000
03.000000000000000000
03.000000000000000000
03.000000000000000000
03.000000000000000000
03.000000000000000000
03.000000000000000000
03.000000000000000000
03.000000000000000000
03.000000000000000000
03.000000000000000000
03.000000000000000000
03.000000000000000000
03.000000000000000000
03.000000000000000000
03.000000000000000000
03.000000000000000000
03.000000000000000000
03.000000000000000000
03.000000000000000000
03.000000000000000000
05.000000000000000000
05.000000000000000000
05.000000000000000000
05.000000000000000000
05.000000000000000000
05.000000000000000000
05.000000000000000000
05.000000000000000000
07.000000000000000000
05.007289172969916713
04.440565137282928454
04.285297209975798438
04.315320642550136476
04.556274606339167477
05.330530843044498646
08.000000000000000000
07.000000000000000000
05.014960117598676881
04.321288541404980421
04.107960516706842924
04.155332413722338636
04.492159615076253942
05.427210652704539839
08.000000000000000000
07.000000000000000000
05.022996807169994860
04.303791230662879386
04.074914902369497050
04.130334560804428179
04.497152112652049283
05.462243412723617908
08.000000000000000000
07.000000000000000000
05.032295048310015950
04.312734143197370251
04.082576099167230410
04.140988719976020249
04.513869146349614780
05.479541141126820669
08.000000000000000000
07.000000000000000000
05.046084335109911834
04.335817940580962926
04.110012106627846329
04.168424727436636168
04.536952943733208343
05.493330427926717441
08.000000000000000000
07.000000000000000000
05.073245364764143339
04.385072637560759823
04.169827554853946516
04.225247213288878534
04.578433519549930608
05.512491970317767276
08.000000000000000000
07.000000000000000000
05.139850394992276250
04.507374668300125897
04.317190454295886326
04.364562351311382038
04.678245741971400307
05.552100930098139209
08.000000000000000000
07.000000000000000000
05.334011805032524478
04.858279635875938141
04.728786966820973880
04.758810399395311919
04.973989104932176275
05.657253475107106411
08.000000000000000000
06.000000000000000000
06.000000000000000000
06.000000000000000000
06.000000000000000000
06.000000000000000000
06.000000000000000000
06.000000000000000000
06.000000000000000000
05.000000000000000000
05.000000000000000000
05.000000000000000000
05.000000000000000000
05.000000000000000000
05.000000000000000000
05.000000000000000000
05.000000000000000000
07.000000000000000000
05.600223210420898212
05.048171041884240928
04.869259599822348683
04.916687031814376496
05.219169601548991011
06.012579157623921589
08.000000000000000000
07.000000000000000000
05.757790377939370430
05.091247294547789792
04.846351410615268307
04.922240665662933168
05.349294044010874494
06.299399253771753138
08.000000000000000000
07.000000000000000000
05.810439437576745192
05.128039472580160130
04.867862188996822326
04.957404250886129127
05.423408827372718122
06.394854616910166989
08.000000000000000000
07.000000000000000000
05.837151470440530510
05.162011202240218921
04.903279569588758768
04.998015901853856136
05.470699060406179370
06.434930194326104136
08.000000000000000000
07.000000000000000000
05.860615860336856109
05.201566540467315924
04.950479431094563232
05.045215763359660599
05.510254398633275486
06.458394584222427959
08.000000000000000000
07.000000000000000000
05.892755536892662960
05.262762879704942165
05.026138483554784209
05.115680545444089233
05.558132234497501933
06.477170716226083869
08.000000000000000000
07.000000000000000000
05.945206757222257110
05.376590964142033968
05.170355180859805166
05.246244435907469139
05.634637713605117781
06.486815633054639818
08.000000000000000000
07.000000000000000000
06.018929864886420233
05.599802716606559372
05.461723197624019477
05.509150629616047290
05.770801276271308566
06.431285812089442722
08.000000000000000000
06.000000000000000000
06.000000000000000000
06.000000000000000000
06.000000000000000000
06.000000000000000000
06.000000000000000000
06.000000000000000000
06.000000000000000000
05.000000000000000000
05.000000000000000000
05.000000000000000000
05.000000000000000000
05.000000000000000000
05.000000000000000000
05.000000000000000000
05.000000000000000000
07.000000000000000000
05.808769511048041956
05.320299274398261780
05.156562613000005513
05.212245420339425728
05.514268428675140221
06.248524616926414588
08.000000000000000000
07.000000000000000000
06.064030659814636515
05.500200679383988600
05.282519849532008926
05.372408420986768185
05.796371927547051328
06.649117307585005854
08.000000000000000000
07.000000000000000000
06.157956401836656823
05.599113303613581394
05.374280106253544353
05.480978440069233848
05.940548080611170789
06.793521573118270318
08.000000000000000000
07.000000000000000000
06.201999864586897004
05.660887674351573473
05.442297105941278801
05.555508511685460782
06.018858041545288806
06.853865253126353529
08.000000000000000000
07.000000000000000000
06.231077801710748432
05.710158878836819163
05.501273761551122021
05.614485167295304890
06.068129246030533608
06.882943190250205845
08.000000000000000000
07.000000000000000000
06.257399428165641098
05.763119588435809071
05.567790669533013492
05.674489003348702099
06.104554365433400243
06.892964599447255480
08.000000000000000000
07.000000000000000000
06.279255804181313572
05.831819015511515047
05.661355595491743387
05.751244166946502645
06.127990263674576887
06.864342451951682911
08.000000000000000000
07.000000000000000000
06.256910461742604568
05.918693558138138577
05.803144904965323647
05.858827712304743862
06.112662712415016131
06.696665567620976312
08.000000000000000000
06.000000000000000000
06.000000000000000000
06.000000000000000000
06.000000000000000000
06.000000000000000000
06.000000000000000000
06.000000000000000000
06.000000000000000000
05.000000000000000000
05.000000000000000000
05.000000000000000000
05.000000000000000000
05.000000000000000000
05.000000000000000000
05.000000000000000000
05.000000000000000000
07.000000000000000000
05.894157638526715814
05.449670910299996507
05.303274323421690362
05.362527331417304310
05.652774302311318166
06.343085808371070833
08.000000000000000000
07.000000000000000000
06.203005660717312963
05.714058525675686617
05.527037173764496103
05.623145353153333303
06.025957373361314318
06.803524050703613213
08.000000000000000000
07.000000000000000000
06.325201583545374540
05.859312129092275612
05.673666740150158816
05.788150021415196633
06.220265109249930369
06.979619057374875979
08.000000000000000000
07.000000000000000000
06.382252950007518244
05.943061919115390168
05.768166653883589845
05.889853715703541326
06.322192825190235510
07.054405819375113573
08.000000000000000000
07.000000000000000000
06.414252150989956824
05.997454351894800695
05.833403236832392480
05.955090298652345737
06.376585257969645149
07.086405020357552154
08.000000000000000000
07.000000000000000000
06.433033367521993284
06.037925999996637927
05.884956255803474257
05.999439537068511186
06.398878980154291796
07.087450841351495612
08.000000000000000000
07.000000000000000000
06.430252478776344205
06.066310071018008898
05.930765046313391409
06.026873225702229497
06.378208918703636598
07.030770868762644454
08.000000000000000000
07.000000000000000000
06.352759056879860644
06.065607335824363844
05.970745039136380328
06.029998047131995165
06.268710727835685503
06.801687226724217439
08.000000000000000000
06.000000000000000000
06.000000000000000000
06.000000000000000000
06.000000000000000000
06.000000000000000000
06.000000000000000000
06.000000000000000000
06.000000000000000000
05.000000000000000000
05.000000000000000000
05.000000000000000000
05.000000000000000000
05.000000000000000000
05.000000000000000000
05.000000000000000000
05.000000000000000000
07.000000000000000000
05.932785542238208976
05.513289103554709136
05.378697982023836310
05.439416076480968698
05.719952764723298166
06.384957200781018472
08.000000000000000000
07.000000000000000000
06.269804897762199403
05.824966894201801360
05.659144259271713828
05.757856444410827557
06.143154311650491195
06.875986060895866281
08.000000000000000000
07.000000000000000000
06.409004042693302594
05.999329268425964479
05.841087164607229987
05.958886412806916333
06.368250423610438915
07.070534245827106545
08.000000000000000000
07.000000000000000000
06.474396551831241631
06.097569461179766392
05.953322214866383355
06.078653566463492197
06.485434924601854334
07.154312104642230885
08.000000000000000000
07.000000000000000000
06.507805844252553484
06.154456332143647401
06.021626904198813079
06.146958255795921033
06.542321795565735343
07.187721397063542739
08.000000000000000000
07.000000000000000000
06.520720753714570606
06.184790729062049408
06.060778656845763557
06.178577905045450791
06.553711884246522068
07.182250956848375445
08.000000000000000000
07.000000000000000000
06.502183927785979201
06.186197067769914959
06.073835545195345631
06.172547730334457583
06.504384485218605683
07.108365090919646079
08.000000000000000000
07.000000000000000000
06.395367721921621396
06.136112945987846956
06.054521863079534327
06.115239957536666715
06.342776607156435986
06.847539380464430003
08.000000000000000000
06.000000000000000000
06.000000000000000000
06.000000000000000000
06.000000000000000000
06.000000000000000000
06.000000000000000000
06.000000000000000000
06.000000000000000000
05.000000000000000000
05.000000000000000000
05.000000000000000000
05.000000000000000000
05.000000000000000000
05.000000000000000000
05.000000000000000000
05.000000000000000000
07.000000000000000000
05.950567691476425836
05.543853035833323339
05.415821531561201496
05.477100439619501770
05.751839366189158476
06.403882280698254270
08.000000000000000000
07.000000000000000000
06.301589070309950635
05.879810306376381135
05.725919044089492260
05.825641930733366891
06.200373455223445518
06.909811126587559471
08.000000000000000000
07.000000000000000000
06.449916370919948960
06.070155884001688484
05.927503654124732790
06.046606391405482839
06.442132202919553130
07.114058573882170222
08.000000000000000000
07.000000000000000000
06.519956496150334679
06.176593438690984428
06.049857653099512511
06.176631914594439721
06.567835600871555712
07.202751652337584076
08.000000000000000000
07.000000000000000000
06.553980755449669182
06.234574480047625933
06.119513701696016383
06.246287963190942705
06.625816642228198106
07.236775911636918579
08.000000000000000000
07.000000000000000000
06.563283739281645879
06.258548455080518380
06.150810240581420452
06.269912977862171388
06.630524773998383914
07.227425942243865364
08.000000000000000000
07.000000000000000000
06.536043546323693221
06.244711479749057048
06.145125907346454142
06.244848793990326996
06.565274628596120543
07.144265602601301168
08.000000000000000000
07.000000000000000000
06.414659678176854563
06.169333168000796341
06.094901485141891229
06.156180393200191503
06.377319498356631478
06.867974267398682997
08.000000000000000000
06.000000000000000000
06.000000000000000000
06.000000000000000000
06.000000000000000000
06.000000000000000000
06.000000000000000000
06.000000000000000000
06.000000000000000000
05.000000000000000000
05.000000000000000000
05.000000000000000000
05.000000000000000000
05.000000000000000000
05.000000000000000000
05.000000000000000000
05.000000000000000000
07.000000000000000000
05.957241902510557630
05.555565406191893096
05.430211711448412970
05.491634762649357349
05.763886955009899005
06.410839384193227630
08.000000000000000000
07.000000000000000000
06.313714815856635632
05.901130728383644275
05.752146919757280763
05.852131519168953133
06.222301239123664729
06.922447651485103215
08.000000000000000000
07.000000000000000000
06.465732936969208922
06.098014058745478749
05.961813298045584020
06.081255955771355026
06.470777753949566780
07.130535315191391277
08.000000000000000000
07.000000000000000000
06.537668078725060283
06.207820982817648492
06.088342342194070334
06.215494425972321046
06.599937399669747684
07.221195049713765357
08.000000000000000000
07.000000000000000000
06.571863116091298807
06.266106747010761424
06.158375522736591279
06.285527606514841104
06.658223163862861504
07.255390087080004768
08.000000000000000000
07.000000000000000000
06.579552854611148582
06.287213097297523312
06.186117079878153291
06.305559737603922521
06.659976792501611342
07.244355232833329161
08.000000000000000000
07.000000000000000000
06.548724951486708079
06.267019712326791669
06.172573123778450466
06.272557723190121948
06.588190223066812123
07.157457787115175663
08.000000000000000000
07.000000000000000000
06.421726516331148993
06.181741368334562559
06.110148785550807204
06.171571836751752471
06.390062917152567579
06.875323998013818994
08.000000000000000000
06.000000000000000000
06.000000000000000000
06.000000000000000000
06.000000000000000000
06.000000000000000000
06.000000000000000000
06.000000000000000000
06.000000000000000000
05.000000000000000000
05.000000000000000000
05.000000000000000000
05.000000000000000000
05.000000000000000000
05.000000000000000000
05.000000000000000000
05.000000000000000000
07.000000000000000000
05.956018881615888105
05.553518173447801409
05.427732316945727220
05.489011225004027494
05.761504503803637434
06.409333470837716540
08.000000000000000000
07.000000000000000000
06.311523845689036349
05.897444738381118157
05.747667073418063488
05.847389960061937231
06.218007887228181652
06.919745901966645185
08.000000000000000000
07.000000000000000000
06.462885006593341863
06.093197896306420169
05.955939710786739560
06.075042448067490497
06.465174215224283927
07.127027209555563125
08.000000000000000000
07.000000000000000000
06.534421793572831483
06.202308333955556918
06.081604095602074267
06.208378357097001476
06.593550496136128203
07.217216949760080880
08.000000000000000000
07.000000000000000000
06.568446052872165986
06.260289375312199311
06.151260144198578139
06.278034405693505349
06.651531537492772372
07.251241209059415382
08.000000000000000000
07.000000000000000000
06.576252374955038782
06.281590467385250953
06.179246297243428998
06.298349034524179935
06.653566786303115599
07.240394577917260044
08.000000000000000000
07.000000000000000000
06.545978321702778047
06.262345911753793182
06.166873936675025369
06.266596823318897336
06.582909060600857565
07.154200377980386882
08.000000000000000000
07.000000000000000000
06.420110868316316832
06.178998305615277076
06.106812270526416953
06.168091178584718115
06.386984635971111324
06.873425457538145267
08.000000000000000000
06.000000000000000000
06.000000000000000000
06.000000000000000000
06.000000000000000000
06.000000000000000000
06.000000000000000000
06.000000000000000000
06.000000000000000000
05.000000000000000000
05.000000000000000000
05.000000000000000000
05.000000000000000000
05.000000000000000000
05.000000000000000000
05.000000000000000000
05.000000000000000000
07.000000000000000000
05.946081027172736455
05.536619907532563722
05.407255517520713539
05.467973611977845927
05.743283568701151864
06.398252685715544175
08.000000000000000000
07.000000000000000000
06.293706273551931574
05.867003772308875043
05.710671814872096519
05.809384000011209359
06.185191189757565766
06.899887436685599340
08.000000000000000000
07.000000000000000000
06.439831530814379867
06.053645890697769261
05.907745721565216712
06.025544969764903058
06.422567045882241032
07.101361733948182930
08.000000000000000000
07.000000000000000000
06.508553214891738214
06.157809002040313118
06.027296252921583886
06.152627604518690951
06.545674465462401059
07.188468767702726581
08.000000000000000000
07.000000000000000000
06.541962507313050068
06.214695873004196791
06.095600942254012722
06.220932293851122452
06.602561336426282956
07.221878060124039322
08.000000000000000000
07.000000000000000000
06.551548241835647879
06.239107351333853302
06.127437213803751170
06.245236462003438405
06.608028506518326850
07.213078444969452718
08.000000000000000000
07.000000000000000000
06.526085303575713148
06.228233945876990418
06.125363100795727433
06.224075285934841162
06.546421363325680254
07.132266466709379138
08.000000000000000000
07.000000000000000000
06.408663206856147099
06.159443749965701542
06.083079398576412444
06.143797493033543944
06.366107411134290572
06.860834865398956595
08.000000000000000000
06.000000000000000000
06.000000000000000000
06.000000000000000000
06.000000000000000000
06.000000000000000000
06.000000000000000000
06.000000000000000000
06.000000000000000000
05.000000000000000000
05.000000000000000000
05.000000000000000000
05.000000000000000000
05.000000000000000000
05.000000000000000000
05.000000000000000000
05.000000000000000000
07.000000000000000000
05.921662155993406174
05.496839633780221668
05.360206083991393200
05.419459091987008037
05.699943025791544216
06.370590325837762080
08.000000000000000000
07.000000000000000000
06.251079962727547290
05.796924365681176639
05.627349754664652259
05.723457934053492124
06.108823213366803451
06.851598352713848428
08.000000000000000000
07.000000000000000000
06.385821271797622600
05.964186770593409292
05.800906271701667727
05.915389552966706432
06.325139750751063161
07.040238745627124040
08.000000000000000000
07.000000000000000000
06.448620331654179694
06.058088442788555739
05.907881701545122155
06.029568763365075412
06.437219348863401081
07.120773201021773247
08.000000000000000000
07.000000000000000000
06.480619532636618274
06.112480875567966265
05.973118284493924790
06.094805346313878935
06.491611781642810719
07.152772402004212715
08.000000000000000000
07.000000000000000000
06.493653055774241345
06.142800641497771608
06.012195787354984056
06.126679068620020985
06.503753621655425476
07.148070529603742784
08.000000000000000000
07.000000000000000000
06.478326780786579420
06.149175911023498919
06.031077627213549341
06.127185806602387430
06.461074758709126620
07.078845170772879669
08.000000000000000000
07.000000000000000000
06.380263574346551891
06.112776059304589893
06.027676799706084054
06.086929807701698891
06.315879451315910664
06.829191744190907798
08.000000000000000000
06.000000000000000000
06.000000000000000000
06.000000000000000000
06.000000000000000000
06.000000000000000000
06.000000000000000000
06.000000000000000000
06.000000000000000000
05.000000000000000000
05.000000000000000000
05.000000000000000000
05.000000000000000000
05.000000000000000000
05.000000000000000000
05.000000000000000000
05.000000000000000000
07.000000000000000000
05.865964170456078541
05.413927891118190061
05.266719409247021311
05.322402216586441526
05.607897045395069391
06.305719276334450285
08.000000000000000000
07.000000000000000000
06.158867101720223225
05.657199423002903238
05.468313944919000136
05.558202516373759394
05.953370671165963302
06.743953749490591676
08.000000000000000000
07.000000000000000000
06.273197554294091205
05.791248326187918849
05.602558232510332026
05.709256566326020632
06.132683103185509133
06.908762725575705588
08.000000000000000000
07.000000000000000000
06.325888420472316476
05.868113696207637453
05.688972424159964625
05.802183829904148382
06.226084063401351898
06.977753809011773889
08.000000000000000000
07.000000000000000000
06.354966357596168791
05.917384900692880478
05.747949079769808733
05.861160485513991603
06.275355267886596700
07.006831746135625316
08.000000000000000000
07.000000000000000000
06.372640580623075479
05.955254611010147414
05.796068795789800276
05.902767129605489771
06.296689388007738586
07.008205751904690750
08.000000000000000000
07.000000000000000000
06.374092246086899394
05.988817759130429685
05.847149690878734596
05.937038262333493854
06.284989007293490637
06.959178893857269621
08.000000000000000000
07.000000000000000000
06.314105121150640265
06.012322174858066859
05.913301701212338557
05.968984508551758772
06.206291329134945300
06.753860227029012897
08.000000000000000000
06.000000000000000000
06.000000000000000000
06.000000000000000000
06.000000000000000000
06.000000000000000000
06.000000000000000000
06.000000000000000000
06.000000000000000000
05.000000000000000000
05.000000000000000000
05.000000000000000000
05.000000000000000000
05.000000000000000000
05.000000000000000000
05.000000000000000000
05.000000000000000000
07.000000000000000000
05.728461139828512572
05.240244150285734648
05.085912923413680176
05.133340355405708877
05.411242709950482954
06.140817087031535060
08.000000000000000000
07.000000000000000000
05.951161581845343385
05.387245850226025645
05.183571035846033404
05.259460290893697376
05.645292599689111235
06.492770457677725204
08.000000000000000000
07.000000000000000000
06.032795953479377360
05.472430515468044376
05.262552126831488764
05.352094188720794676
05.767799870260604145
06.617211132812798269
08.000000000000000000
07.000000000000000000
06.070398791811453698
05.525058810708910251
05.320451468508951898
05.415187800774051041
05.833746668874868924
06.668177515697025548
08.000000000000000000
07.000000000000000000
06.093863181707778409
05.564614148936006366
05.367651330014757249
05.462387662279854617
05.873302007101965927
06.691641905593352035
08.000000000000000000
07.000000000000000000
06.115112052795295128
05.607153922592828188
05.420828421389449758
05.510370483278756559
05.902523277385387068
06.699527232128716037
08.000000000000000000
07.000000000000000000
06.138577961128229177
05.672589519820267157
05.507574806090568487
05.583464061138232459
05.930636269283352746
06.680186836960610997
08.000000000000000000
07.000000000000000000
06.147167794294032817
05.791875825008053091
05.678376521215350081
05.725803953207378783
05.962874384672802286
06.559523741497056193
08.000000000000000000
06.000000000000000000
06.000000000000000000
06.000000000000000000
06.000000000000000000
06.000000000000000000
06.000000000000000000
06.000000000000000000
06.000000000000000000
05.000000000000000000
05.000000000000000000
05.000000000000000000
05.000000000000000000
05.000000000000000000
05.000000000000000000
05.000000000000000000
05.000000000000000000
07.000000000000000000
05.335344966292617563
04.860670912984844882
04.731758351456970324
04.761781784031306586
04.976380382041083017
05.658586636367198608
08.000000000000000000
07.000000000000000000
05.435984347091490143
04.877079744085480506
04.705595026270747105
04.752966923286244594
05.047950817756754915
05.848234882197353990
08.000000000000000000
07.000000000000000000
05.473697343627495826
04.906790750720664285
04.727232395413897947
04.782652053848829077
05.100151632709835070
05.912943949181117098
08.000000000000000000
07.000000000000000000
05.492317989642476306
04.931287635756288701
04.753357374023092774
04.811769994831883501
05.132422638908532342
05.939564082459281913
08.000000000000000000
07.000000000000000000
05.506107276442372189
04.954371433139879599
04.780793381483709581
04.839206002292498532
05.155506436292125017
05.953353369259176908
08.000000000000000000
07.000000000000000000
05.523945901221644306
04.988072157618544722
04.822145047898347414
04.877564706333280320
05.181433039607715507
05.963192506775266466
08.000000000000000000
07.000000000000000000
05.560874624485089512
05.063165870980625982
04.914824963859792284
04.962196860875287996
05.234036944651899503
05.973125159590953359
08.000000000000000000
07.000000000000000000
05.662067598355223552
05.278385411577854569
05.175248108302144878
05.205271540876481140
05.394094880634092704
05.985309268429804597
08.000000000000000000
06.000000000000000000
06.000000000000000000
06.000000000000000000
06.000000000000000000
06.000000000000000000
06.000000000000000000
06.000000000000000000
06.000000000000000000
04.000000000000000000
04.000000000000000000
04.000000000000000000
04.000000000000000000
04.000000000000000000
04.000000000000000000
04.000000000000000000
04.000000000000000000
04.000000000000000000
04.000000000000000000
04.000000000000000000
04.000000000000000000
04.000000000000000000
04.000000000000000000
04.000000000000000000
04.000000000000000000
04.000000000000000000
04.000000000000000000
04.000000000000000000
04.000000000000000000
04.000000000000000000
04.000000000000000000
04.000000000000000000
04.000000000000000000
04.000000000000000000
04.000000000000000000
04.000000000000000000
04.000000000000000000
04.000000000000000000
04.000000000000000000
04.000000000000000000
04.000000000000000000
04.000000000000000000
04.000000000000000000
04.000000000000000000
04.000000000000000000
04.000000000000000000
04.000000000000000000
04.000000000000000000
04.000000000000000000
04.000000000000000000
04.000000000000000000
04.000000000000000000
04.000000000000000000
04.000000000000000000
04.000000000000000000
04.000000000000000000
04.000000000000000000
04.000000000000000000
04.000000000000000000
04.000000000000000000
04.000000000000000000
04.000000000000000000
04.000000000000000000
04.000000000000000000
04.000000000000000000
04.000000000000000000
04.000000000000000000
04.000000000000000000
04.000000000000000000
04.000000000000000000
04.000000000000000000
04.000000000000000000
04.000000000000000000
04.000000000000000000
04.000000000000000000
04.000000000000000000
04.000000000000000000
04.000000000000000000
04.000000000000000000
04.000000000000000000
04.000000000000000000
04.000000000000000000
04.000000000000000000
04.000000000000000000
04.000000000000000000
04.000000000000000000
04.000000000000000000
04.000000000000000000
04.000000000000000000
03.000000000000000000
03.000000000000000000
03.000000000000000000
03.000000000000000000
03.000000000000000000
03.000000000000000000
03.000000000000000000
03.000000000000000000
03.000000000000000000
03.000000000000000000
03.000000000000000000
03.000000000000000000
03.000000000000000000
03.000000000000000000
03.000000000000000000
03.000000000000000000
03.000000000000000000
03.000000000000000000
03.000000000000000000
03.000000000000000000
03.000000000000000000
03.000000000000000000
03.000000000000000000
03.000000000000000000
03.000000000000000000
03.000000000000000000
03.000000000000000000
03.000000000000000000
03.000000000000000000
03.000000000000000000
03.000000000000000000
03.000000000000000000
03.000000000000000000
03.000000000000000000
03.000000000000000000
03.000000000000000000
03.000000000000000000
03.000000000000000000
03.000000000000000000
03.000000000000000000
03.000000000000000000
03.000000000000000000
03.000000000000000000
03.000000000000000000
03.000000000000000000
03.000000000000000000
03.000000000000000000
03.000000000000000000
03.000000000000000000
03.000000000000000000
03.000000000000000000
03.000000000000000000
03.000000000000000000
03.000000000000000000
03.000000000000000000
03.000000000000000000
03.000000000000000000
03.000000000000000000
03.000000000000000000
03.000000000000000000
03.000000000000000000
03.000000000000000000
03.000000000000000000
03.000000000000000000
03.000000000000000000
03.000000000000000000
03.000000000000000000
03.000000000000000000
03.000000000000000000
03.000000000000000000
03.000000000000000000
03.000000000000000000
03.000000000000000000
03.000000000000000000
03.000000000000000000
03.000000000000000000
03.000000000000000000
03.000000000000000000
03.000000000000000000
03.000000000000000000
05.000000000000000000
05.000000000000000000
05.000000000000000000
05.000000000000000000
05.000000000000000000
05.000000000000000000
05.000000000000000000
05.000000000000000000
07.000000000000000000
04.987468121597657955
04.408735200727815773
04.248175316546071834
04.277644211451495870
04.523066310455675421
05.309402858586980578
08.000000000000000000
07.000000000000000000
04.981725305592198616
04.267376192097577459
04.044726608809120272
04.091122422001459924
04.435841241873291985
05.391730108567951874
08.000000000000000000
07.000000000000000000
04.982322460899140992
04.237323192967036078
03.996608947253349697
04.050796404302018594
04.427666207123023057
05.418784212144343471
08.000000000000000000
07.000000000000000000
04.988230014457585071
04.240436629211458808
03.997191774307577550
04.054256758089668011
04.438281820837826075
05.432457256385015754
08.000000000000000000
07.000000000000000000
05.001529363087715119
04.262657604910462972
04.023569866278917218
04.080634850061006347
04.460502796536830239
05.445756605015144913
08.000000000000000000
07.000000000000000000
05.031193691280777536
04.316190963172569006
04.088571817800015218
04.142759274848683226
04.506533977328555984
05.467655442525980902
08.000000000000000000
07.000000000000000000
05.104725501062016946
04.450184008302365157
04.249976066185700674
04.296371879378039438
04.618649058078080571
05.514730304037770203
08.000000000000000000
07.000000000000000000
05.312650351211215316
04.823818936224473219
04.688500102750831289
04.717968997656254437
04.938150045952331979
05.634585088200537051
08.000000000000000000
06.000000000000000000
06.000000000000000000
06.000000000000000000
06.000000000000000000
06.000000000000000000
06.000000000000000000
06.000000000000000000
06.000000000000000000
05.000000000000000000
05.000000000000000000
05.000000000000000000
05.000000000000000000
05.000000000000000000
05.000000000000000000
05.000000000000000000
05.000000000000000000
07.000000000000000000
05.565463367837331532
04.991712906796045957
04.803004458020777356
04.849451697303676312
05.160296119547476579
05.975566007084093911
08.000000000000000000
07.000000000000000000
05.698929265229271124
04.994780759424170213
04.732561055317492382
04.806719166044240765
05.248593174580983955
06.236642064111388883
08.000000000000000000
07.000000000000000000
05.737903327843664414
05.008363228754848961
04.726117747517254664
04.813468107721922351
05.298402808518206442
06.317464329345683360
08.000000000000000000
07.000000000000000000
05.758297349014144473
05.031432342205910402
04.748267451318504584
04.840602991316734105
05.334299351939198353
06.350801444789797578
08.000000000000000000
07.000000000000000000
05.780872342593651680
05.069419059351243817
04.793542050042812086
04.885877590041042495
05.372286069084531768
06.373376438369304786
08.000000000000000000
07.000000000000000000
05.817736095081286862
05.138726104905060765
04.879057782591075032
04.966408142795740943
05.428765684668419134
06.397297096583305809
08.000000000000000000
07.000000000000000000
05.882983362657352444
05.274274096806979450
05.049447150867178102
05.123605261593925597
05.528086511963794081
06.420696161539470204
08.000000000000000000
07.000000000000000000
05.981481238074922935
05.538728848252718606
05.389897989090106201
05.436345228373003380
05.707312061004148340
06.391583877321686202
08.000000000000000000
06.000000000000000000
06.000000000000000000
06.000000000000000000
06.000000000000000000
06.000000000000000000
06.000000000000000000
06.000000000000000000
06.000000000000000000
05.000000000000000000
05.000000000000000000
05.000000000000000000
05.000000000000000000
05.000000000000000000
05.000000000000000000
05.000000000000000000
05.000000000000000000
07.000000000000000000
05.764257650916810860
05.247308822597338995
05.070427808364299516
05.124860026324434159
05.438218288379423448
06.201193803652563119
08.000000000000000000
07.000000000000000000
05.988026271191344563
05.374536632481911269
05.133517221513785422
05.221190223785452389
05.665323791035545398
06.568214419368958445
08.000000000000000000
07.000000000000000000
06.063695656668397937
05.442292959255963680
05.187626108230543487
05.291511618343697876
05.776928774772049024
06.693132912128289647
08.000000000000000000
07.000000000000000000
06.099188016154826641
05.489254440421488468
05.237574518076903551
05.347699944176249609
05.839786203875743098
06.744380377429270546
08.000000000000000000
07.000000000000000000
06.127099205110052793
05.536464876411398173
05.294019286531574053
05.404144712630918335
05.886996639865653691
06.772291566384496697
08.000000000000000000
07.000000000000000000
06.159902069963285598
05.600605387457029849
05.374159793741543290
05.478045303854697679
05.935241202973115193
06.789339325423178195
08.000000000000000000
07.000000000000000000
06.198922332844151839
05.698601727161825004
05.503146858073349357
05.590819860345017212
05.989388885715460020
06.779110481021765722
08.000000000000000000
07.000000000000000000
06.208990399047340070
05.839828443824347737
05.709902648577145357
05.764334866537280000
06.030737909606433078
06.645926551783091440
08.000000000000000000
06.000000000000000000
06.000000000000000000
06.000000000000000000
06.000000000000000000
06.000000000000000000
06.000000000000000000
06.000000000000000000
06.000000000000000000
05.000000000000000000
05.000000000000000000
05.000000000000000000
05.000000000000000000
05.000000000000000000
05.000000000000000000
05.000000000000000000
05.000000000000000000
07.000000000000000000
05.843746725517778629
05.366456249379204735
05.204675958775500710
05.262527635240729751
05.566147207141953324
06.289555455768649495
08.000000000000000000
07.000000000000000000
06.116420670823814021
05.570005547132123702
05.355577105441135188
05.449197089875461586
05.875883925211573100
06.711500668555737903
08.000000000000000000
07.000000000000000000
06.217301438006995973
05.678728439316219401
05.457943857467620674
05.569261604639554442
06.032060962840809282
06.864896514483287859
08.000000000000000000
07.000000000000000000
06.264260299265894005
05.744941245120942952
05.531011424159907541
05.649221385591133959
06.115723709537441266
06.928972453915454466
08.000000000000000000
07.000000000000000000
06.294922079517890623
05.796968861020562080
05.593340270553865068
05.711550231985091486
06.167751325437059506
06.959634234167451083
08.000000000000000000
07.000000000000000000
06.321441152354953630
05.850838334256806661
05.661256178137391792
05.772573925309325560
06.204170857781397430
06.969036228831245516
08.000000000000000000
07.000000000000000000
06.338772309584120634
05.913699922612527082
05.748861815401231645
05.842481799835558931
06.219578300691976480
06.933852307316044516
08.000000000000000000
07.000000000000000000
06.298534597234129784
05.975801854497495569
05.864159006617866154
05.922010683083096971
06.175492812260246822
06.744343327485001538
08.000000000000000000
06.000000000000000000
06.000000000000000000
06.000000000000000000
06.000000000000000000
06.000000000000000000
06.000000000000000000
06.000000000000000000
06.000000000000000000
05.000000000000000000
05.000000000000000000
05.000000000000000000
05.000000000000000000
05.000000000000000000
05.000000000000000000
05.000000000000000000
05.000000000000000000
07.000000000000000000
05.879001709030847067
05.424138942077711967
05.272793994764439773
05.332034673130038982
05.627214462956538377
06.327907346305374325
08.000000000000000000
07.000000000000000000
06.177081078449988993
05.670094215645144153
05.474352753570459029
05.570438035850206582
05.981941316661502306
06.777557647803312157
08.000000000000000000
07.000000000000000000
06.293084699587113029
05.804591069719711172
05.607906400396147184
05.722359238520106750
06.165475265947272021
06.947446602593280396
08.000000000000000000
07.000000000000000000
06.347413409739116830
05.883565852244447392
05.696565698190575233
05.818218434070720591
06.262619212684517933
07.019503642417352474
08.000000000000000000
07.000000000000000000
06.379390372462689029
05.937918298031310549
05.761752501585667652
05.883405237465812121
06.316971658471383755
07.051480605140923785
08.000000000000000000
07.000000000000000000
06.400859570743180349
05.983102617983361071
05.819068547851116158
05.933521385975075724
06.343986814210921921
07.055221473749347716
08.000000000000000000
07.000000000000000000
06.404262063121685777
06.022227426948364659
05.877933352656779853
05.974018634936529182
06.334074527964723700
07.004738632475008053
08.000000000000000000
07.000000000000000000
06.337559463964941742
06.039996902468791617
05.940167073793710451
05.999407752159310547
06.243072423347616251
06.786465101239469000
08.000000000000000000
06.000000000000000000
06.000000000000000000
06.000000000000000000
06.000000000000000000
06.000000000000000000
06.000000000000000000
06.000000000000000000
06.000000000000000000
05.000000000000000000
05.000000000000000000
05.000000000000000000
05.000000000000000000
05.000000000000000000
05.000000000000000000
05.000000000000000000
05.000000000000000000
07.000000000000000000
05.895022368938942492
05.451574195911229381
05.306043999913129028
05.365811500347509977
05.655894559449388126
06.345006855660947132
08.000000000000000000
07.000000000000000000
06.205628522932564728
05.719183646415101130
05.533999321945088035
05.631032965484505937
06.033263875023232359
06.808028729838644821
08.000000000000000000
07.000000000000000000
06.329730640120643237
05.867826783786172840
05.684913471416036757
05.800588012142439354
06.231579220561314969
06.986551046900052242
08.000000000000000000
07.000000000000000000
06.388166991899609570
05.954033719717410023
05.782491572770678268
05.905495765625709659
06.336254869327038186
07.062965406293048254
08.000000000000000000
07.000000000000000000
06.420712888020957188
06.009397893232454102
05.848927420293815516
05.971931613148845130
06.391619042842081377
07.095511302414395871
08.000000000000000000
07.000000000000000000
06.439036184559512321
06.049054682843466146
05.899424299894495682
06.015098840620899168
06.412807119618609164
07.095856591338920438
08.000000000000000000
07.000000000000000000
06.434741881133438035
06.074732037202893231
05.941778390318459557
06.038812033857880124
06.388812265811024460
07.037142088039519905
08.000000000000000000
07.000000000000000000
06.354992108661277506
06.069913741963877563
05.976456777902305006
06.036224278336686844
06.274234105502038972
06.804976595383283922
08.000000000000000000
06.000000000000000000
06.000000000000000000
06.000000000000000000
06.000000000000000000
06.000000000000000000
06.000000000000000000
06.000000000000000000
06.000000000000000000
05.000000000000000000
05.000000000000000000
05.000000000000000000
05.000000000000000000
05.000000000000000000
05.000000000000000000
05.000000000000000000
05.000000000000000000
07.000000000000000000
05.901032866711235947
05.462101742985052688
05.318963292078105809
05.378865405873125560
05.666735599139854251
06.351282471090179627
08.000000000000000000
07.000000000000000000
06.216528188496592833
05.738314198087298479
05.557507609202075649
05.654785430097850174
06.052961837153381097
06.819406519461165495
08.000000000000000000
07.000000000000000000
06.343923228388593571
05.892782907261344683
05.715617767513412772
05.831609144927057287
06.257270160646362100
07.001360888768784818
08.000000000000000000
07.000000000000000000
06.404045541348017068
05.981984592132049805
05.816904637302566350
05.940260786707799667
06.365021124257162377
07.079527719564107535
08.000000000000000000
07.000000000000000000
06.436748656351639397
06.037629177973231620
05.883687420820881364
06.007043570226114682
06.420665710098345969
07.112230834567729865
08.000000000000000000
07.000000000000000000
06.453646156107838650
06.074754249580028187
05.931047533193614107
06.047038910607260398
06.439241502965045605
07.111083816488029008
08.000000000000000000
07.000000000000000000
06.446155630275642423
06.094775940754909804
05.966413611301916831
06.063691432197691356
06.409423579820995087
07.049033961240215973
08.000000000000000000
07.000000000000000000
06.361367062796336569
06.081086707800311686
05.990170664122139499
06.050072777917160138
06.285720563955112361
06.811616667175281137
08.000000000000000000
06.000000000000000000
06.000000000000000000
06.000000000000000000
06.000000000000000000
06.000000000000000000
06.000000000000000000
06.000000000000000000
06.000000000000000000
05.000000000000000000
05.000000000000000000
05.000000000000000000
05.000000000000000000
05.000000000000000000
05.000000000000000000
05.000000000000000000
05.000000000000000000
07.000000000000000000
05.900062374324099856
05.460502938752771485
05.317040842271312684
05.376808342705693633
05.664823302290930229
06.350046861046104496
08.000000000000000000
07.000000000000000000
06.214802288906350114
05.735454812573864913
05.554055060577458569
05.651088704116877359
06.049535041181996142
06.817202495812431984
08.000000000000000000
07.000000000000000000
06.341690932029525385
05.889061978314368950
05.711106192134534965
05.826780732860938450
06.252814415089511968
06.998511338808934390
08.000000000000000000
07.000000000000000000
06.401497666535614250
05.977715203799432331
05.811713047011559219
05.934717239866589722
06.359936353409058718
07.076296080929052046
08.000000000000000000
07.000000000000000000
06.434043562656960091
06.033079377314475522
05.878148894534695579
06.001153087389726970
06.415300526924101909
07.108841977050399663
08.000000000000000000
07.000000000000000000
06.450996476468393581
06.070289877371663145
05.925617020612994779
06.041291561339397376
06.434042314146805275
07.107816883247802586
08.000000000000000000
07.000000000000000000
06.443915647107223421
06.091003203361658791
05.961834128950830980
06.058867772490251546
06.405083431969789132
07.046315854013306179
08.000000000000000000
07.000000000000000000
06.360032114046435758
06.078842484805418778
05.987453620260490439
06.047221120694871388
06.283162848343577522
06.810016600768442174
08.000000000000000000
06.000000000000000000
06.000000000000000000
06.000000000000000000
06.000000000000000000
06.000000000000000000
06.000000000000000000
06.000000000000000000
06.000000000000000000
05.000000000000000000
05.000000000000000000
05.000000000000000000
05.000000000000000000
05.000000000000000000
05.000000000000000000
05.000000000000000000
05.000000000000000000
07.000000000000000000
05.891422669003402390
05.445907423242484668
05.299416034916183627
05.358656713281783723
05.648982944121311078
06.340328306277930537
08.000000000000000000
07.000000000000000000
06.199370543360837260
05.709250165617330453
05.522310111519611375
05.618395393799360704
06.021097266633686829
06.799847112714161312
08.000000000000000000
07.000000000000000000
06.321785228420329084
05.855104622523793267
05.669850543808140131
05.784303381932097921
06.215988818751355893
06.976147131426494674
08.000000000000000000
07.000000000000000000
06.379182699173794546
05.939535652212904360
05.765245873664401444
05.886898609544546801
06.318589012652974901
07.051272931852030190
08.000000000000000000
07.000000000000000000
06.411159661897365858
05.993888097999768405
05.830432677059492086
05.952085412939638331
06.372941458439840723
07.083249894575600614
08.000000000000000000
07.000000000000000000
06.429560099576395515
06.033616170787444943
05.881012691263109105
05.995465529387067782
06.394500367015004905
07.083922002582561994
08.000000000000000000
07.000000000000000000
06.426551528032534044
06.061383376920550070
05.925890710605932199
06.021975992885682416
06.373230477936908223
07.027028097385857208
08.000000000000000000
07.000000000000000000
06.349980423937496177
06.061765383633563431
05.966789113945453416
06.026029792311052624
06.264840904512388953
06.798886061212024323
08.000000000000000000
06.000000000000000000
06.000000000000000000
06.000000000000000000
06.000000000000000000
06.000000000000000000
06.000000000000000000
06.000000000000000000
06.000000000000000000
05.000000000000000000
05.000000000000000000
05.000000000000000000
05.000000000000000000
05.000000000000000000
05.000000000000000000
05.000000000000000000
05.000000000000000000
07.000000000000000000
05.869842604181572554
05.411120342155316010
05.258515304411965907
05.316366980877194948
05.610811299918065487
06.315651334432443420
08.000000000000000000
07.000000000000000000
06.161917427996498553
05.648284631465524619
05.450223298648135817
05.543843283082462214
05.954163009544974017
06.756997425728423323
08.000000000000000000
07.000000000000000000
06.274544133932247192
05.777589232161164823
05.577750092504532020
05.689067839676466676
06.130921755685754704
06.922139210408539078
08.000000000000000000
07.000000000000000000
06.326853124122217231
05.853243118661876743
05.662412124224222687
05.780622085655449993
06.224025583078374169
06.991565278771776804
08.000000000000000000
07.000000000000000000
06.357514904374214737
05.905270734561494095
05.724740970618180214
05.842950932049406632
06.276053198977992409
07.022227059023774309
08.000000000000000000
07.000000000000000000
06.378683848280204849
05.949699127101752083
05.781062413174301362
05.892380160346236906
06.303031650626342852
07.026278924756496735
08.000000000000000000
07.000000000000000000
06.384269066756805167
05.991979006945929775
05.843508008608232274
05.937127993042558671
06.297857385025378285
06.979349064488729049
08.000000000000000000
07.000000000000000000
06.324630475897924597
06.020465947273608620
05.917998352254331351
05.975850028719561280
06.220156905036357209
06.770439206148796352
08.000000000000000000
06.000000000000000000
06.000000000000000000
06.000000000000000000
06.000000000000000000
06.000000000000000000
06.000000000000000000
06.000000000000000000
06.000000000000000000
05.000000000000000000
05.000000000000000000
05.000000000000000000
05.000000000000000000
05.000000000000000000
05.000000000000000000
05.000000000000000000
05.000000000000000000
07.000000000000000000
05.819513952700494208
05.337517932080373839
05.176385373556479763
05.230817591516614407
05.528427397862460069
06.256450105436244691
08.000000000000000000
07.000000000000000000
06.079354970517382384
05.525337804618400739
05.311692818867895127
05.399365821139562094
05.816124963172034867
06.659543118694997155
08.000000000000000000
07.000000000000000000
06.174388331212798064
05.626381053373775920
05.406003515913296198
05.509889026026451475
05.961016868889862153
06.803825586672687997
08.000000000000000000
07.000000000000000000
06.218022631078421902
05.687532921679903097
05.473235599942940510
05.583361026042286568
06.038064685134157727
06.863214992352865806
08.000000000000000000
07.000000000000000000
06.245933820033648942
05.734743357669813690
05.529680368397611012
05.639805794496957070
06.085275121124067432
06.891126181308091958
08.000000000000000000
07.000000000000000000
06.270594744507686613
05.784693481574843865
05.592537201424297777
05.696422711537452166
06.119329297090929209
06.900031999967577434
08.000000000000000000
07.000000000000000000
06.290251032170189660
05.849402899298312697
05.681322455427459950
05.768995457699126916
06.140190057851949490
06.870439180347804431
08.000000000000000000
07.000000000000000000
06.264246700831022530
05.930037553307384357
05.815860213769325604
05.870292431729460247
06.120947019089470587
06.701182853566773900
08.000000000000000000
06.000000000000000000
06.000000000000000000
06.000000000000000000
06.000000000000000000
06.000000000000000000
06.000000000000000000
06.000000000000000000
06.000000000000000000
05.000000000000000000
05.000000000000000000
05.000000000000000000
05.000000000000000000
05.000000000000000000
05.000000000000000000
05.000000000000000000
05.000000000000000000
07.000000000000000000
05.691504735930063674
05.179957178803402229
05.014992484283336438
05.061439723566235394
05.348540391554831963
06.101607375176826054
08.000000000000000000
07.000000000000000000
05.888386622419989003
05.283938055409920231
05.061430209206221775
05.135588319932970158
05.537750470566733973
06.426099421302105874
08.000000000000000000
07.000000000000000000
05.955252686208312163
05.343982391305453383
05.110085080196152596
05.197435440400820283
05.634021971068809975
06.534813687710331109
08.000000000000000000
07.000000000000000000
05.986022205735782364
05.384794043971370847
05.153590265467019371
05.245925805465248004
05.687661053704657910
06.578526301511434582
08.000000000000000000
07.000000000000000000
06.008597199315290460
05.422780761116704262
05.198864864191327761
05.291200404189558171
05.725647770849991325
06.601101295090941790
08.000000000000000000
07.000000000000000000
06.035085453445935499
05.474345267455665187
05.263025115269972964
05.350375475474638876
05.764384847219024444
06.614646454947953558
08.000000000000000000
07.000000000000000000
06.072440719848070323
05.563431392792730357
05.378316304755907495
05.452474415482655878
05.817243807949544099
06.610153518730188082
08.000000000000000000
07.000000000000000000
06.107522606167655965
05.726973120260073102
05.601886015352663506
05.648333254635563350
05.895556333011503725
06.517625245414418345
08.000000000000000000
06.000000000000000000
06.000000000000000000
06.000000000000000000
06.000000000000000000
06.000000000000000000
06.000000000000000000
06.000000000000000000
06.000000000000000000
05.000000000000000000
05.000000000000000000
05.000000000000000000
05.000000000000000000
05.000000000000000000
05.000000000000000000
05.000000000000000000
05.000000000000000000
07.000000000000000000
05.313851581290998993
04.825972984559026457
04.691176159496442288
04.720645054401866325
04.940304094286886105
05.635786318280321616
08.000000000000000000
07.000000000000000000
05.399827352951148463
04.818131894044300090
04.636268394809791360
04.682664208002131012
04.986596943820015504
05.809832155926902608
08.000000000000000000
07.000000000000000000
05.429341571402176214
04.833956313868336352
04.641206395940890239
04.695393852989559136
05.024299328024321554
05.865803322647377804
08.000000000000000000
07.000000000000000000
05.444225052399713327
04.852012173046770016
04.659501852744518224
04.716566836526610018
05.049857364673137283
05.888452294327143122
08.000000000000000000
07.000000000000000000
05.457524401029841599
04.874233148745774180
04.685879944715857448
04.742944928497947465
05.072078340372141447
05.901751642957271393
08.000000000000000000
07.000000000000000000
05.478212801783813646
04.912824084073868391
04.733169266487555760
04.787356723536224656
05.103167098229855370
05.914674553029016124
08.000000000000000000
07.000000000000000000
05.522827548420967680
05.000939710249089565
04.841517852186371762
04.887913665378710526
05.169404760024804091
05.932832351396720050
08.000000000000000000
07.000000000000000000
05.639033810904557242
05.241056720055682128
05.131500945701201744
05.160969840606626668
05.355387829783542664
05.960968547893879865
08.000000000000000000
06.000000000000000000
06.000000000000000000
06.000000000000000000
06.000000000000000000
06.000000000000000000
06.000000000000000000
06.000000000000000000
06.000000000000000000
04.000000000000000000
04.000000000000000000
04.000000000000000000
04.000000000000000000
04.000000000000000000
04.000000000000000000
04.000000000000000000
04.000000000000000000
04.000000000000000000
04.000000000000000000
04.000000000000000000
04.000000000000000000
04.000000000000000000
04.000000000000000000
04.000000000000000000
04.000000000000000000
04.000000000000000000
04.000000000000000000
04.000000000000000000
04.000000000000000000
04.000000000000000000
04.000000000000000000
04.000000000000000000
04.000000000000000000
04.000000000000000000
04.000000000000000000
04.000000000000000000
04.000000000000000000
04.000000000000000000
04.000000000000000000
04.000000000000000000
04.000000000000000000
04.000000000000000000
04.000000000000000000
04.000000000000000000
04.000000000000000000
04.000000000000000000
04.000000000000000000
04.000000000000000000
04.000000000000000000
04.000000000000000000
04.000000000000000000
04.000000000000000000
04.000000000000000000
04.000000000000000000
04.000000000000000000
04.000000000000000000
04.000000000000000000
04.000000000000000000
04.000000000000000000
04.000000000000000000
04.000000000000000000
04.000000000000000000
04.000000000000000000
04.000000000000000000
04.000000000000000000
04.000000000000000000
04.000000000000000000
04.000000000000000000
04.000000000000000000
04.000000000000000000
04.000000000000000000
04.000000000000000000
04.000000000000000000
04.000000000000000000
04.000000000000000000
04.000000000000000000
04.000000000000000000
04.000000000000000000
04.000000000000000000
04.000000000000000000
04.000000000000000000
04.000000000000000000
04.000000000000000000
04.000000000000000000
04.000000000000000000
04.000000000000000000
04.000000000000000000
04.000000000000000000
04.000000000000000000
03.000000000000000000
03.000000000000000000
03.000000000000000000
03.000000000000000000
03.000000000000000000
03.000000000000000000
03.000000000000000000
03.000000000000000000
03.000000000000000000
03.000000000000000000
03.000000000000000000
03.000000000000000000
03.000000000000000000
03.000000000000000000
03.000000000000000000
03.000000000000000000
03.000000000000000000
03.000000000000000000
03.000000000000000000
03.000000000000000000
03.000000000000000000
03.000000000000000000
03.000000000000000000
03.000000000000000000
03.000000000000000000
03.000000000000000000
03.000000000000000000
03.000000000000000000
03.000000000000000000
03.000000000000000000
03.000000000000000000
03.000000000000000000
03.000000000000000000
03.000000000000000000
03.000000000000000000
03.000000000000000000
03.000000000000000000
03.000000000000000000
03.000000000000000000
03.000000000000000000
03.000000000000000000
03.000000000000000000
03.000000000000000000
03.000000000000000000
03.000000000000000000
03.000000000000000000
03.000000000000000000
03.000000000000000000
03.000000000000000000
03.000000000000000000
03.000000000000000000
03.000000000000000000
03.000000000000000000
03.000000000000000000
03.000000000000000000
03.000000000000000000
03.000000000000000000
03.000000000000000000
03.000000000000000000
03.000000000000000000
03.000000000000000000
03.000000000000000000
03.000000000000000000
03.000000000000000000
03.000000000000000000
03.000000000000000000
03.000000000000000000
03.000000000000000000
03.000000000000000000
03.000000000000000000
03.000000000000000000
03.000000000000000000
03.000000000000000000
03.000000000000000000
03.000000000000000000
03.000000000000000000
03.000000000000000000
03.000000000000000000
03.000000000000000000
03.000000000000000000
05.000000000000000000
05.000000000000000000
05.000000000000000000
05.000000000000000000
05.000000000000000000
05.000000000000000000
05.000000000000000000
05.000000000000000000
07.000000000000000000
04.937321589203308214
04.336006886092382828
04.167769292914063506
04.195791812399717102
04.446494535558875860
05.255119371435670317
08.000000000000000000
07.000000000000000000
04.904230589818722841
04.153104605050216946
03.917343790230894740
03.961254812519402257
04.315067028280116901
05.307444345267155583
08.000000000000000000
07.000000000000000000
04.892401293605644241
04.103291264902007462
03.846295710733537820
03.897409146633985522
04.285675808826864497
05.320712911793541444
08.000000000000000000
07.000000000000000000
04.893234518339807160
04.098023912793795631
03.836931154550136114
03.890670388468355334
04.287303390452777307
05.328768392350748506
08.000000000000000000
07.000000000000000000
04.905472867862657793
04.118398227060059646
03.861063006980749002
03.914802240898967334
04.307677704719041323
05.341006741873599140
08.000000000000000000
07.000000000000000000
04.938124265705434723
04.176729436826186692
03.931691770523242813
03.982805206423690514
04.359113980751043727
05.366435883893331926
08.000000000000000000
07.000000000000000000
05.022428513261954386
04.327790135027594687
04.112883003787041858
04.156794026075549375
04.489752558257495529
05.425642268710388016
08.000000000000000000
07.000000000000000000
05.257956305239711803
04.743633862847315363
04.599329264484167901
04.627351783969821497
04.854121512313808395
05.575754087472072129
08.000000000000000000
06.000000000000000000
06.000000000000000000
06.000000000000000000
06.000000000000000000
06.000000000000000000
06.000000000000000000
06.000000000000000000
06.000000000000000000
05.000000000000000000
05.000000000000000000
05.000000000000000000
05.000000000000000000
05.000000000000000000
05.000000000000000000
05.000000000000000000
05.000000000000000000
07.000000000000000000
05.482653840450936400
04.869011137688042723
04.665903431666230894
04.709858834075279610
05.031075674091976424
05.885952317008378287
08.000000000000000000
07.000000000000000000
05.568635735205632820
04.798729053995036686
04.511767476367933405
04.581622607913915068
05.041436210168511955
06.095060640149191578
08.000000000000000000
07.000000000000000000
05.585075184063680531
04.776036452930605414
04.462939486147527113
04.544944765172509449
05.052414786584765949
06.150993070241908889
08.000000000000000000
07.000000000000000000
05.596032862194607382
04.783394983987776072
04.466356810034526781
04.552897355295465687
05.071520781424689872
06.173935802223577518
08.000000000000000000
07.000000000000000000
05.616714753130537474
04.818078671621241149
04.507607182888128783
04.594147728149067689
05.106204469058152284
06.194617693159507610
08.000000000000000000
07.000000000000000000
05.659355056943426554
04.896789207663983845
04.604231051756086046
04.686236330781068382
05.173167541318144380
06.225272943121654912
08.000000000000000000
07.000000000000000000
05.744415821019781099
05.064147221364688534
04.811769180397729606
04.881624311943710381
05.306854377538163803
06.270840725963341633
08.000000000000000000
07.000000000000000000
05.891107688325336156
05.403503506880968033
05.237998633604425081
05.281954036013473797
05.565568043284901734
06.294406164882777155
08.000000000000000000
06.000000000000000000
06.000000000000000000
06.000000000000000000
06.000000000000000000
06.000000000000000000
06.000000000000000000
06.000000000000000000
06.000000000000000000
05.000000000000000000
05.000000000000000000
05.000000000000000000
05.000000000000000000
05.000000000000000000
05.000000000000000000
05.000000000000000000
05.000000000000000000
07.000000000000000000
05.662953358057865927
05.094756746825634508
04.898452367558896903
04.949778306234760450
05.277633997057042059
06.091678793707453465
08.000000000000000000
07.000000000000000000
05.826487769513410520
05.127635640070051792
04.853020247586218971
04.935306030998197535
05.404665145674038662
06.392953513504044061
08.000000000000000000
07.000000000000000000
05.872486891426809130
05.147099003719473487
04.850332220236259317
04.947501552060694863
05.464737917109154353
06.485248128373258147
08.000000000000000000
07.000000000000000000
05.895255898870363609
05.172711907628232630
04.874708732166782355
04.977538444605553281
05.504861895910210912
06.522552642714200211
08.000000000000000000
07.000000000000000000
05.920726992275685774
05.215655427659337207
04.925947046030350940
05.028776758469121866
05.547805415941313711
06.548023736119522376
08.000000000000000000
07.000000000000000000
05.961607956344985304
05.293112655038406444
05.021929378528534826
05.119098710352970372
05.610751568428086422
06.574369193291434321
08.000000000000000000
07.000000000000000000
06.027026749648380033
05.434002734200786833
05.201360167680395108
05.283645951092374560
05.711032239804774591
06.593492493639014462
08.000000000000000000
07.000000000000000000
06.098456638098245008
05.671891817363125199
05.519676367980503429
05.571002306656367864
05.854769067594531862
06.527182073747833435
08.000000000000000000
06.000000000000000000
06.000000000000000000
06.000000000000000000
06.000000000000000000
06.000000000000000000
06.000000000000000000
06.000000000000000000
06.000000000000000000
05.000000000000000000
05.000000000000000000
05.000000000000000000
05.000000000000000000
05.000000000000000000
05.000000000000000000
05.000000000000000000
05.000000000000000000
07.000000000000000000
05.732442965615842212
05.197082092391573482
05.012559459492790026
05.066987911936780442
05.387983064475693418
06.169372272007245250
08.000000000000000000
07.000000000000000000
05.937392310006817553
05.293531396102452824
05.039557903053820453
05.127223893256954490
05.584302739964861928
06.517567713125252737
08.000000000000000000
07.000000000000000000
06.004019168014312235
05.346051321421148472
05.075500490434912138
05.179376649729876547
05.680666050437396031
06.633439433114059369
08.000000000000000000
07.000000000000000000
06.036024508784418430
05.387024711242059283
05.118227462696815167
05.228342325484374165
05.737532655967152451
06.681197680437482411
08.000000000000000000
07.000000000000000000
06.063928294239159911
05.434221825918537974
05.174655638813341341
05.284770501600901227
05.784729770643632030
06.709101465892224780
08.000000000000000000
07.000000000000000000
06.100206694161075305
05.504329767909863946
05.261991852419611426
05.365868011714575836
05.838944496926110617
06.729626959260824215
08.000000000000000000
07.000000000000000000
06.148266637420793046
05.617557391363487973
05.409138846652088439
05.496804836855222476
05.908328735225898853
06.728442040539226454
08.000000000000000000
07.000000000000000000
06.177161371214477725
05.789575914956239799
05.652002174086252495
05.706430626530242911
05.980476887040359735
06.614090677605881652
08.000000000000000000
06.000000000000000000
06.000000000000000000
06.000000000000000000
06.000000000000000000
06.000000000000000000
06.000000000000000000
06.000000000000000000
06.000000000000000000
05.000000000000000000
05.000000000000000000
05.000000000000000000
05.000000000000000000
05.000000000000000000
05.000000000000000000
05.000000000000000000
05.000000000000000000
07.000000000000000000
05.762419613219528003
05.245633429462433384
05.069554757653288668
05.125223030980285088
05.439569742556543019
06.202148182811596300
08.000000000000000000
07.000000000000000000
05.988592370124701247
05.377206831193375614
05.138302864040554141
05.228164429989464956
05.673317070907211601
06.573629737533242867
08.000000000000000000
07.000000000000000000
06.067612524151566156
05.450710708045207298
05.199541915701274775
05.306204322563720766
05.792064340205271833
06.703112170468719988
08.000000000000000000
07.000000000000000000
06.105606757091468495
05.502007666984544798
05.254850125002322514
05.368021006197033707
05.859886517477039369
06.757398259331606205
08.000000000000000000
07.000000000000000000
06.134657951656499186
05.551230778172342895
05.313766902688674243
05.426937783883385436
05.909109628664838354
06.786449453896637785
08.000000000000000000
07.000000000000000000
06.166987157751340654
05.614594011318639666
05.392899376316382387
05.499561783178827490
05.955947643478704201
06.802486804068494486
08.000000000000000000
07.000000000000000000
06.203738490857034549
05.708683098999523864
05.516961773515701495
05.606823339464613198
06.004793338713361628
06.788775858265577057
08.000000000000000000
07.000000000000000000
06.210508208454030843
05.843933609482967029
05.716019935392019136
05.771688208719016444
06.037869922577078441
06.650236778046099140
08.000000000000000000
06.000000000000000000
06.000000000000000000
06.000000000000000000
06.000000000000000000
06.000000000000000000
06.000000000000000000
06.000000000000000000
06.000000000000000000
05.000000000000000000
05.000000000000000000
05.000000000000000000
05.000000000000000000
05.000000000000000000
05.000000000000000000
05.000000000000000000
05.000000000000000000
07.000000000000000000
05.775814595518149908
05.268449763468447067
05.097119588140625268
05.153251647176673167
05.463485338085361853
06.216500560758530192
08.000000000000000000
07.000000000000000000
06.012360421437930924
05.417875420069088399
05.187573572443369585
05.278268597686862407
05.715953817252025004
06.599100886427564205
08.000000000000000000
07.000000000000000000
06.098013801236566778
05.502927651672323783
05.262958322540944422
05.370692627493141913
05.846804544257302005
06.735685428144387643
08.000000000000000000
07.000000000000000000
06.139356712613806444
05.560106470750450391
05.325510738388405052
05.439866199511473432
05.920769116718076042
06.793537851125397431
08.000000000000000000
07.000000000000000000
06.168898767363130808
05.610201802960001594
05.385503722316063779
05.499859183439132160
05.970864448927628132
06.823079905874720907
08.000000000000000000
07.000000000000000000
06.198713545439050954
05.669160336930856303
05.459210129996020733
05.566944434948220888
06.013037229515833637
06.836385172346874484
08.000000000000000000
07.000000000000000000
06.229189476326280506
05.752322344390588427
05.569881287947685777
05.660576313191179487
06.050400741573525920
06.815929941315913787
08.000000000000000000
07.000000000000000000
06.225141393380895671
05.868922476802738153
05.746242872328128470
05.802374931364178146
06.063958051419652051
06.665827358621276844
08.000000000000000000
06.000000000000000000
06.000000000000000000
06.000000000000000000
06.000000000000000000
06.000000000000000000
06.000000000000000000
06.000000000000000000
06.000000000000000000
05.000000000000000000
05.000000000000000000
05.000000000000000000
05.000000000000000000
05.000000000000000000
05.000000000000000000
05.000000000000000000
05.000000000000000000
07.000000000000000000
05.780838064236053953
05.277225098130558401
05.107871110371432266
05.164120674386791343
05.472534918826458927
06.221756741795827494
08.000000000000000000
07.000000000000000000
06.021448012289706497
05.433786231067930572
05.207096060215372191
05.298003937251508866
05.732360250322615869
06.608607417916237736
08.000000000000000000
07.000000000000000000
06.109820659385060360
05.523641087800496230
05.288407349310960903
05.396417464327793567
05.868158867957855129
06.748032215604202300
08.000000000000000000
07.000000000000000000
06.152551004213929531
05.583281269691782178
05.354005761523250584
05.468667352456931141
05.944654438161922627
06.807329655393924206
08.000000000000000000
07.000000000000000000
06.182227818184715673
05.633616816028516716
05.414295817864076099
05.528957408797755768
05.994989984498659830
06.837006469364711236
08.000000000000000000
07.000000000000000000
06.210879080956907217
05.690512212895651345
05.485447905712618422
05.593458020729451086
06.035029993053011133
06.849090637176049157
08.000000000000000000
07.000000000000000000
06.238720817759416448
05.769020854822157318
05.590375053514459402
05.681282930550597854
06.067594874076841727
06.825880223385949463
08.000000000000000000
07.000000000000000000
06.230481000690832438
05.878257024722893576
05.757682302139305541
05.813931866154663730
06.073566845418797655
06.671399678250605092
08.000000000000000000
06.000000000000000000
06.000000000000000000
06.000000000000000000
06.000000000000000000
06.000000000000000000
06.000000000000000000
06.000000000000000000
06.000000000000000000
05.000000000000000000
05.000000000000000000
05.000000000000000000
05.000000000000000000
05.000000000000000000
05.000000000000000000
05.000000000000000000
05.000000000000000000
07.000000000000000000
05.780168782529686133
05.276153935720723887
05.106599957479226681
05.162732016515273692
05.471189510337639561
06.220854747770066417
08.000000000000000000
07.000000000000000000
06.020271389425108310
05.431890736535487818
05.204834800251649796
05.295529825495142617
05.729969133718423535
06.607011854414740704
08.000000000000000000
07.000000000000000000
06.108309626420329153
05.521188144315283708
05.285464844275530538
05.393199149227728917
05.865065036900261042
06.745981253328150906
08.000000000000000000
07.000000000000000000
06.150820418943151680
05.580450493907417098
05.350595714631673161
05.464951175754741541
05.941113139875043636
06.805001557454741778
08.000000000000000000
07.000000000000000000
06.180362473692474268
05.630545826116970076
05.410588698559332776
05.524944159682402933
05.991208472084594838
06.834543612204067031
08.000000000000000000
07.000000000000000000
06.209009370622814217
05.687420829573816228
05.481716651730609513
05.589450956682807892
06.031297722158793562
06.846680997530635970
08.000000000000000000
07.000000000000000000
06.237100444313457892
05.766337660856986957
05.587142515755965988
05.677837540999459698
06.064416058039924451
06.823840909303090285
08.000000000000000000
07.000000000000000000
06.229495580392431009
05.876626649055015861
05.755723241666729884
05.811855300702777782
06.071662223671928871
06.670181545632813069
08.000000000000000000
06.000000000000000000
06.000000000000000000
06.000000000000000000
06.000000000000000000
06.000000000000000000
06.000000000000000000
06.000000000000000000
06.000000000000000000
05.000000000000000000
05.000000000000000000
05.000000000000000000
05.000000000000000000
05.000000000000000000
05.000000000000000000
05.000000000000000000
05.000000000000000000
07.000000000000000000
05.773313847051793068
05.264687284238418030
05.092825133678560157
05.148493407005556577
05.458623597332529442
06.213042416643863142
08.000000000000000000
07.000000000000000000
06.008088575832249312
05.411392186776836866
05.180119762931695071
05.269981328880605886
05.707502426490674630
06.593125943240792708
08.000000000000000000
07.000000000000000000
06.092654153602565792
05.494708503911109432
05.253432608532129677
05.360095015394574780
05.836062136071171302
06.728153799919718736
08.000000000000000000
07.000000000000000000
06.133286984896058947
05.550692686718183388
05.314523693604713550
05.427694574799424743
05.908571537210677072
06.785078487136196657
08.000000000000000000
07.000000000000000000
06.162338179461090526
05.599915797905982373
05.373440471291065279
05.486611352485777360
05.957794648398476944
06.814129681701227348
08.000000000000000000
07.000000000000000000
06.192028787202341178
05.658591807184541800
05.446790069147236402
05.553452476009682393
05.999945439344606335
06.827528433519494122
08.000000000000000000
07.000000000000000000
06.223234696564582613
05.742868454582986892
05.558778672406843313
05.648640238355754128
06.038978694296824656
06.808272063973126897
08.000000000000000000
07.000000000000000000
06.221402442286297685
05.862987464258952564
05.739290311417291512
05.794958584744287933
06.056923777353063976
06.661131011878366870
08.000000000000000000
06.000000000000000000
06.000000000000000000
06.000000000000000000
06.000000000000000000
06.000000000000000000
06.000000000000000000
06.000000000000000000
06.000000000000000000
05.000000000000000000
05.000000000000000000
05.000000000000000000
05.000000000000000000
05.000000000000000000
05.000000000000000000
05.000000000000000000
05.000000000000000000
07.000000000000000000
05.755887166662887466
05.237069891842796920
05.060657719288575329
05.115086171732563969
05.427970863926917744
06.192816473054291393
08.000000000000000000
07.000000000000000000
05.978093455706408932
05.363340329042468824
05.123794672240308046
05.211460662443442970
05.654111672904878816
06.558268858824844116
08.000000000000000000
07.000000000000000000
06.055047606436319008
05.433921831617214870
05.181788024923962510
05.285664184218928696
05.768536560633460653
06.684467871536066141
08.000000000000000000
07.000000000000000000
06.091715441542150167
05.483111439463670855
05.234595359325504127
05.344710222113063125
05.833619384188764023
06.736888613195214148
08.000000000000000000
07.000000000000000000
06.119619226996890760
05.530308554140148658
05.291023535442030301
05.401138398229590187
05.880816498865242714
06.764792398649957406
08.000000000000000000
07.000000000000000000
06.151235132583082077
05.592200278105928568
05.368279386908662687
05.472155546203627985
05.926815007122176127
06.780655397682830987
08.000000000000000000
07.000000000000000000
06.188967783120384425
05.687366324303504861
05.493375615838576920
05.581041606041710956
05.978137668165916629
06.769143186238816945
08.000000000000000000
07.000000000000000000
06.200605572261522980
05.829563714407464126
05.700100433882036910
05.754528886326025550
06.020464686491584061
06.637534878652926906
08.000000000000000000
06.000000000000000000
06.000000000000000000
06.000000000000000000
06.000000000000000000
06.000000000000000000
06.000000000000000000
06.000000000000000000
06.000000000000000000
05.000000000000000000
05.000000000000000000
05.000000000000000000
05.000000000000000000
05.000000000000000000
05.000000000000000000
05.000000000000000000
05.000000000000000000
07.000000000000000000
05.714153872081514152
05.177913306979969654
04.995830972210194787
05.047156910886059222
05.360790557211375429
06.142879307731101690
08.000000000000000000
07.000000000000000000
05.910613898847869585
05.265875496130521860
05.015887517877121837
05.098173301289100401
05.542905001734510506
06.477079642838503126
08.000000000000000000
07.000000000000000000
05.973993845182999252
05.315129450819451762
05.049110343324409556
05.146279675148846877
05.632768364209130851
06.586755082129448269
08.000000000000000000
07.000000000000000000
06.003977864095324080
05.353290696169534790
05.088748701222814752
05.191578413661584790
05.685440684451513071
06.631274607939160681
08.000000000000000000
07.000000000000000000
06.029448957500646245
05.396234216200638478
05.139987015086383337
05.242816727525154263
05.728384204482616759
06.656745701344483734
08.000000000000000000
07.000000000000000000
06.063114910101176314
05.461143102138383831
05.220707501616686841
05.317876833441122386
05.778782015528063809
06.675876147047624443
08.000000000000000000
07.000000000000000000
06.111152878982838210
05.572242590261259565
05.364227437971299750
05.446513221383277426
05.849272095865247323
06.677618622973472640
08.000000000000000000
07.000000000000000000
06.149657152121892345
05.755048377517459457
05.617054972631800425
05.668380911307665748
05.937925627748866120
06.578382587771480772
08.000000000000000000
06.000000000000000000
06.000000000000000000
06.000000000000000000
06.000000000000000000
06.000000000000000000
06.000000000000000000
06.000000000000000000
06.000000000000000000
05.000000000000000000
05.000000000000000000
05.000000000000000000
05.000000000000000000
05.000000000000000000
05.000000000000000000
05.000000000000000000
05.000000000000000000
07.000000000000000000
05.603421365272978072
05.048287272793584357
04.867130185215828853
04.911085587624877569
05.210351809197517170
06.006719841830419959
08.000000000000000000
07.000000000000000000
05.748974502190762337
05.072295892874795875
04.821869035429548589
04.891724166975530252
05.315003049048271144
06.275399407134322871
08.000000000000000000
07.000000000000000000
05.791040634084211547
05.092114353577319008
04.823325354665971787
04.905330633690953235
05.368492687231479543
06.356958520262438128
08.000000000000000000
07.000000000000000000
05.811364607406105165
05.115440926625419493
04.845924473661828991
04.932465018922769673
05.403566724062331517
06.389267547435075301
08.000000000000000000
07.000000000000000000
05.832046498342034369
05.150124614258883682
04.887174846515430993
04.973715391776370787
05.438250411695794817
06.409949438371005392
08.000000000000000000
07.000000000000000000
05.865320506963956682
05.212867108310697439
04.964616920274531608
05.046622199299513944
05.489245441964856198
06.431238393142184151
08.000000000000000000
07.000000000000000000
05.924754588004912392
05.337714060244446834
05.121870739459345678
05.191725871005326454
05.580421216417922103
06.451179492948471150
08.000000000000000000
07.000000000000000000
06.011875213147376940
05.582779641986510555
05.439225387154023039
05.483180789563071755
05.744844178390442480
06.415173689704818827
08.000000000000000000
06.000000000000000000
06.000000000000000000
06.000000000000000000
06.000000000000000000
06.000000000000000000
06.000000000000000000
06.000000000000000000
06.000000000000000000
05.000000000000000000
05.000000000000000000
05.000000000000000000
05.000000000000000000
05.000000000000000000
05.000000000000000000
05.000000000000000000
05.000000000000000000
07.000000000000000000
05.258961101903806501
04.745435011515057866
04.601566291786242324
04.629588811271896809
04.855922660981550898
05.576758884136168604
08.000000000000000000
07.000000000000000000
05.314423700603272849
04.690716879345295354
04.493315914251700960
04.537226936540208477
04.852679302575196196
05.717637456051707368
08.000000000000000000
07.000000000000000000
05.329796429216053788
04.683830022544013261
04.471758266344266985
04.522871702244715131
04.866214566468869407
05.758108047403950991
08.000000000000000000
07.000000000000000000
05.338882749969262598
04.692245090458994738
04.478571658331507166
04.532310892249725498
04.881524568117976415
05.774416623980203056
08.000000000000000000
07.000000000000000000
05.351121099492113231
04.712619404725258754
04.502703510762120054
04.556442744680339274
04.901898882384239542
05.786654973503054578
08.000000000000000000
07.000000000000000000
05.375519401315845158
04.757268194468191602
04.557154326133971978
04.608267762034419235
04.939652738393047748
05.803831019503741473
08.000000000000000000
07.000000000000000000
05.432621624046505282
04.865402409322673094
04.688855127807848078
04.732766150096354707
05.027364832552573937
05.835835379494938024
08.000000000000000000
07.000000000000000000
05.579595817940210090
05.153061988269991289
05.033126263356347607
05.061148782842001204
05.263549637736483433
05.897393600172571304
08.000000000000000000
06.000000000000000000
06.000000000000000000
06.000000000000000000
06.000000000000000000
06.000000000000000000
06.000000000000000000
06.000000000000000000
06.000000000000000000
04.000000000000000000
04.000000000000000000
04.000000000000000000
04.000000000000000000
04.000000000000000000
04.000000000000000000
04.000000000000000000
04.000000000000000000
04.000000000000000000
04.000000000000000000
04.000000000000000000
04.000000000000000000
04.000000000000000000
04.000000000000000000
04.000000000000000000
04.000000000000000000
04.000000000000000000
04.000000000000000000
04.000000000000000000
04.000000000000000000
04.000000000000000000
04.000000000000000000
04.000000000000000000
04.000000000000000000
04.000000000000000000
04.000000000000000000
04.000000000000000000
04.000000000000000000
04.000000000000000000
04.000000000000000000
04.000000000000000000
04.000000000000000000
04.000000000000000000
04.000000000000000000
04.000000000000000000
04.000000000000000000
04.000000000000000000
04.000000000000000000
04.000000000000000000
04.000000000000000000
04.000000000000000000
04.000000000000000000
04.000000000000000000
04.000000000000000000
04.000000000000000000
04.000000000000000000
04.000000000000000000
04.000000000000000000
04.000000000000000000
04.000000000000000000
04.000000000000000000
04.000000000000000000
04.000000000000000000
04.000000000000000000
04.000000000000000000
04.000000000000000000
04.000000000000000000
04.000000000000000000
04.000000000000000000
04.000000000000000000
04.000000000000000000
04.000000000000000000
04.000000000000000000
04.000000000000000000
04.000000000000000000
04.000000000000000000
04.000000000000000000
04.000000000000000000
04.000000000000000000
04.000000000000000000
04.000000000000000000
04.000000000000000000
04.000000000000000000
04.000000000000000000
04.000000000000000000
04.000000000000000000
04.000000000000000000
04.000000000000000000
04.000000000000000000
04.000000000000000000
03.000000000000000000
03.000000000000000000
03.000000000000000000
03.000000000000000000
03.000000000000000000
03.000000000000000000
03.000000000000000000
03.000000000000000000
03.000000000000000000
03.000000000000000000
03.000000000000000000
03.000000000000000000
03.000000000000000000
03.000000000000000000
03.000000000000000000
03.000000000000000000
03.000000000000000000
03.000000000000000000
03.000000000000000000
03.000000000000000000
03.000000000000000000
03.000000000000000000
03.000000000000000000
03.000000000000000000
03.000000000000000000
03.000000000000000000
03.000000000000000000
03.000000000000000000
03.000000000000000000
03.000000000000000000
03.000000000000000000
03.000000000000000000
03.000000000000000000
03.000000000000000000
03.000000000000000000
03.000000000000000000
03.000000000000000000
03.000000000000000000
03.000000000000000000
03.000000000000000000
03.000000000000000000
03.000000000000000000
03.000000000000000000
03.000000000000000000
03.000000000000000000
03.000000000000000000
03.000000000000000000
03.000000000000000000
03.000000000000000000
03.000000000000000000
03.000000000000000000
03.000000000000000000
03.000000000000000000
03.000000000000000000
03.000000000000000000
03.000000000000000000
03.000000000000000000
03.000000000000000000
03.000000000000000000
03.000000000000000000
03.000000000000000000
03.000000000000000000
03.000000000000000000
03.000000000000000000
03.000000000000000000
03.000000000000000000
03.000000000000000000
03.000000000000000000
03.000000000000000000
03.000000000000000000
03.000000000000000000
03.000000000000000000
03.000000000000000000
03.000000000000000000
03.000000000000000000
03.000000000000000000
03.000000000000000000
03.000000000000000000
03.000000000000000000
03.000000000000000000
05.000000000000000000
05.000000000000000000
05.000000000000000000
05.000000000000000000
05.000000000000000000
05.000000000000000000
05.000000000000000000
05.000000000000000000
07.000000000000000000
04.788833338847334531
04.153230601906003905
03.980326447340882368
04.004706200663775029
04.252953532174098328
05.092281062956318216
08.000000000000000000
07.000000000000000000
04.701821700021213246
03.899959284088367895
03.656450827585550734
03.694300793153960427
04.044489691379164142
05.083030371225039090
08.000000000000000000
07.000000000000000000
04.672626977563709261
03.825975218278027334
03.559371288752919416
03.603164794698419104
03.987663534330521564
05.075608326749717847
08.000000000000000000
07.000000000000000000
04.667501776232003685
03.811723898637175978
03.539862249153583384
03.585777813244348522
03.979051905477284379
05.076517860402611326
08.000000000000000000
07.000000000000000000
04.677568942375683214
03.828380674351144819
03.559519457401647990
03.605435021492413128
03.995708681191252332
05.086585026546290855
08.000000000000000000
07.000000000000000000
04.711386589671240799
03.887683685507314024
03.630783141821662952
03.674576647767161308
04.049372001559808254
05.114367938857249385
08.000000000000000000
07.000000000000000000
04.807583161381733916
04.054418089486694576
03.828336134711743277
03.866186100280153859
04.198948496777489936
05.188791832585559760
08.000000000000000000
07.000000000000000000
05.094451116294500537
04.537791943976523079
04.385662377170232773
04.410042130493126322
04.637514874244618390
05.397898840403484222
08.000000000000000000
06.000000000000000000
06.000000000000000000
06.000000000000000000
06.000000000000000000
06.000000000000000000
06.000000000000000000
06.000000000000000000
06.000000000000000000
05.000000000000000000
05.000000000000000000
05.000000000000000000
05.000000000000000000
05.000000000000000000
05.000000000000000000
05.000000000000000000
05.000000000000000000
07.000000000000000000
05.259053255482359468
04.584502517444771996
04.370077748219754810
04.407961096082366304
04.729109866933610462
05.640325934513923833
08.000000000000000000
07.000000000000000000
05.255250285598129345
04.392951302814192438
04.087121284642696750
04.146794886715028383
04.607081688458288582
05.747334018144344192
08.000000000000000000
07.000000000000000000
05.240164116111079906
04.324912033966436198
03.988539034985548071
04.058179639727248933
04.567120068505200692
05.766167588203686023
08.000000000000000000
07.000000000000000000
05.239769999299742409
04.314757407718960991
03.971927551147550250
04.045216614186360360
04.566520287799554545
05.775712657532650951
08.000000000000000000
07.000000000000000000
05.256660085253209047
04.342922944703826005
04.005312907737264894
04.078601970776076335
04.594685824784419559
05.792602743486118477
08.000000000000000000
07.000000000000000000
05.302514258941863012
04.425450936133953128
04.105647966280582040
04.175288571022282014
04.667658970672718510
05.828517731034468241
08.000000000000000000
07.000000000000000000
05.410551148229957974
04.624729289894109030
04.347569936284282122
04.407243538356613755
04.838859675538206062
05.902634880776173709
08.000000000000000000
07.000000000000000000
05.644257717853841783
05.082699870191413893
04.900577081031370241
04.938460428893981735
05.227307219680251471
06.025530396885405260
08.000000000000000000
06.000000000000000000
06.000000000000000000
06.000000000000000000
06.000000000000000000
06.000000000000000000
06.000000000000000000
06.000000000000000000
06.000000000000000000
05.000000000000000000
05.000000000000000000
05.000000000000000000
05.000000000000000000
05.000000000000000000
05.000000000000000000
05.000000000000000000
05.000000000000000000
07.000000000000000000
05.404760773729268664
04.758733168532127245
04.545066892565316152
04.589021365738319425
04.920795611655201185
05.808057566008804962
08.000000000000000000
07.000000000000000000
05.458029186658045262
04.638793731207364601
04.334912441577712272
04.404765839262584137
04.881496981830386162
05.984450949482190474
08.000000000000000000
07.000000000000000000
05.462651918026011799
04.597154350326643879
04.264125692909551901
04.346128654700323501
04.873527464794403130
06.028565605693953167
08.000000000000000000
07.000000000000000000
05.469868948289335009
04.598299211622581595
04.260201050025552050
04.346738973929881844
04.886419105182513434
06.047767139338578346
08.000000000000000000
07.000000000000000000
05.490548866742241962
04.632979348563766919
04.301446998800058097
04.387984922704388779
04.921099242123698758
06.068447057791486188
08.000000000000000000
07.000000000000000000
05.536926769484832533
04.717898066302948834
04.405405996795625612
04.487408958586398988
04.994271180770708085
06.102840457152773901
08.000000000000000000
07.000000000000000000
05.633803513762486226
04.904201533378850009
04.634901231906231267
04.704754629591104020
05.146904784001871569
06.160225276586632326
08.000000000000000000
07.000000000000000000
05.813210833670989786
05.293218720227572227
05.117153601227781401
05.161108074400783785
05.455281163350646167
06.216507625950526972
08.000000000000000000
06.000000000000000000
06.000000000000000000
06.000000000000000000
06.000000000000000000
06.000000000000000000
06.000000000000000000
06.000000000000000000
06.000000000000000000
05.000000000000000000
05.000000000000000000
05.000000000000000000
05.000000000000000000
05.000000000000000000
05.000000000000000000
05.000000000000000000
05.000000000000000000
07.000000000000000000
05.458119285213571814
04.835186165851035334
04.629040116248441805
04.675483502184484053
05.003760688943681423
05.868214922482300366
08.000000000000000000
07.000000000000000000
05.541722370153614463
04.760668395421120636
04.469911940234711167
04.544062872347235604
05.014464624135858806
06.079422128547770754
08.000000000000000000
07.000000000000000000
05.560780193380078451
04.741700029945953965
04.425322276187428017
04.512663059053196868
05.031718017368961071
06.140323802279889165
08.000000000000000000
07.000000000000000000
05.574352359071514051
04.753276653629605164
04.433773784878843216
04.526098502470310869
05.056119265896452220
06.166836804847407372
08.000000000000000000
07.000000000000000000
05.596919633002837458
04.791249479230276442
04.479031079659646863
04.571355797251113628
05.094092091497122610
06.189404078778730778
08.000000000000000000
07.000000000000000000
05.640593276445500237
04.872027486658826234
04.578218193424993032
04.665558976290761883
05.162045474081834229
06.220136885345311839
08.000000000000000000
07.000000000000000000
05.725753833634890988
05.040121010145208302
04.786747316713688249
04.860898248826212686
05.293917238859948249
06.263453592029048167
08.000000000000000000
07.000000000000000000
05.874122229952069674
05.382175256666762664
05.215900208443114749
05.262343594379157885
05.550749779759408753
06.284217867220800002
08.000000000000000000
06.000000000000000000
06.000000000000000000
06.000000000000000000
06.000000000000000000
06.000000000000000000
06.000000000000000000
06.000000000000000000
06.000000000000000000
05.000000000000000000
05.000000000000000000
05.000000000000000000
05.000000000000000000
05.000000000000000000
05.000000000000000000
05.000000000000000000
05.000000000000000000
07.000000000000000000
05.480369350244380655
04.870715895694882391
04.670417846973951903
04.717833427750401043
05.041687676378888483
05.892703659369181501
08.000000000000000000
07.000000000000000000
05.579360669625684110
04.821373597595489890
04.541019708729114868
04.616886941023768287
05.079370595662597410
06.120929358099215456
08.000000000000000000
07.000000000000000000
05.607199002773890939
04.817146546938010587
04.514117922302736119
04.603630682721301604
05.112449722085848691
06.191560741921176003
08.000000000000000000
07.000000000000000000
05.624977345001251905
04.835933062299943686
04.531329846503235004
04.626033125020747150
05.144546276191730882
06.222695805115243672
08.000000000000000000
07.000000000000000000
05.648419751503980457
04.875448864711003694
04.578480483151948555
04.673183761669460701
05.184062078602790891
06.246138211617971336
08.000000000000000000
07.000000000000000000
05.689458890035808736
04.951768872077767725
04.672268374138802471
04.761781134557368844
05.247072047225605829
06.273820629183093800
08.000000000000000000
07.000000000000000000
05.766712115545779227
05.106600526573390475
04.864878164820408912
04.940745397115064996
05.364597524640497106
06.308280804019307908
08.000000000000000000
07.000000000000000000
05.899032993515278100
05.422270259787072000
05.262785227553219869
05.310200808329668121
05.593242040471077203
06.311367302640077170
08.000000000000000000
06.000000000000000000
06.000000000000000000
06.000000000000000000
06.000000000000000000
06.000000000000000000
06.000000000000000000
06.000000000000000000
06.000000000000000000
05.000000000000000000
05.000000000000000000
05.000000000000000000
05.000000000000000000
05.000000000000000000
05.000000000000000000
05.000000000000000000
05.000000000000000000
07.000000000000000000
05.490128234225923443
04.887224180660249218
04.690282834599841522
04.738055633341165418
05.059046319729952224
05.903208552238698559
08.000000000000000000
07.000000000000000000
05.596588939164826471
04.850666197679171177
04.576379806082207402
04.652887571143160983
05.110181796228090434
06.139480384458320117
08.000000000000000000
07.000000000000000000
05.629145327995285442
04.854620489094046754
04.559477312108565883
04.649812134401472896
05.151865972711659580
06.215189173668529854
08.000000000000000000
07.000000000000000000
05.649294290452205658
04.877559471046630790
04.581795980592873185
04.677406644292612548
05.188312659045395847
06.248860483561788470
08.000000000000000000
07.000000000000000000
05.673106184331340174
04.917731198530040260
04.629755383557570880
04.725366047257312019
05.228484386528807093
06.272672377440922986
08.000000000000000000
07.000000000000000000
05.712406919049089815
04.991016704739339893
04.719811287761518592
04.810146110054425606
05.288262188356952720
06.298450764722334227
08.000000000000000000
07.000000000000000000
05.785222486758250682
05.138152500898756969
04.903010240150439181
04.979518005211394538
05.397668099447677115
06.328113932051744328
08.000000000000000000
07.000000000000000000
05.909744054565486238
05.440445295706018314
05.284686307469323552
05.332459106210648336
05.612267434775721320
06.322824372578261354
08.000000000000000000
06.000000000000000000
06.000000000000000000
06.000000000000000000
06.000000000000000000
06.000000000000000000
06.000000000000000000
06.000000000000000000
06.000000000000000000
05.000000000000000000
05.000000000000000000
05.000000000000000000
05.000000000000000000
05.000000000000000000
05.000000000000000000
05.000000000000000000
05.000000000000000000
07.000000000000000000
05.493788371345084798
04.893597198871104226
04.698075885338778512
04.745938242271540375
05.065628970796561603
05.907047409680174610
08.000000000000000000
07.000000000000000000
05.603191850510875760
04.862192405010453022
04.590497318899291912
04.667167037771168481
05.122086130408979088
06.146404293819210274
08.000000000000000000
07.000000000000000000
05.637703180693771188
04.869592766647025783
04.577842579139612234
04.668386911513267457
05.167326307048922374
06.224159839016524032
08.000000000000000000
07.000000000000000000
05.658846034987925933
04.894292475786963692
04.602338449581387714
04.698181427521654463
05.205586169630415760
06.258868504630470397
08.000000000000000000
07.000000000000000000
05.682758611119378855
04.934643548945230940
04.650519535136015570
04.746362513076281431
05.245937242788683008
06.282781080761923320
08.000000000000000000
07.000000000000000000
05.721233578021979405
05.006467052227323578
04.738766817117546992
04.829311149491203103
05.304200592629220168
06.307690236344734025
08.000000000000000000
07.000000000000000000
05.792159794718310550
05.150271627730097279
04.917858271739403264
04.994527990611278945
05.410165353128624233
06.335372238026645064
08.000000000000000000
07.000000000000000000
05.913643930091794232
05.447241740807118759
05.292999683242095799
05.340862040174857661
05.619273512732575249
06.326902968426885820
08.000000000000000000
06.000000000000000000
06.000000000000000000
06.000000000000000000
06.000000000000000000
06.000000000000000000
06.000000000000000000
06.000000000000000000
06.000000000000000000
05.000000000000000000
05.000000000000000000
05.000000000000000000
05.000000000000000000
05.000000000000000000
05.000000000000000000
05.000000000000000000
05.000000000000000000
07.000000000000000000
05.493419243949162478
04.893037509159474219
04.697428290153771613
04.745201088895095509
05.064859648229176337
05.906499561961936706
08.000000000000000000
07.000000000000000000
05.602554337470316170
04.861218690632274964
04.589362664738517061
04.665870429799470642
05.120734289181195109
06.145445782763809817
08.000000000000000000
07.000000000000000000
05.636892295009770848
04.868341204077628603
04.576372072482612019
04.666706894775519032
05.165586687695240542
06.222936140683014372
08.000000000000000000
07.000000000000000000
05.657909331759149119
04.892827718583027341
04.600604847880836346
04.696215511580577484
05.203580906581793286
06.257475524868731931
08.000000000000000000
07.000000000000000000
05.681721225638282746
04.932999446066437699
04.648564250845536705
04.744174914545276067
05.243752634065203644
06.281287418747866447
08.000000000000000000
07.000000000000000000
05.720153886063575221
05.004737419722920855
04.736706048135564728
04.827040870428470853
05.301982903340533682
06.306197731736819634
08.000000000000000000
07.000000000000000000
05.791187885063738605
05.148704993851862532
04.915993098806749728
04.992500863867705085
05.408220592400782678
06.334079330357234028
08.000000000000000000
07.000000000000000000
05.913035064288725273
05.446258624205242427
05.291831763023253643
05.339604561764577539
05.618080763274946321
06.326115382301499501
08.000000000000000000
06.000000000000000000
06.000000000000000000
06.000000000000000000
06.000000000000000000
06.000000000000000000
06.000000000000000000
06.000000000000000000
06.000000000000000000
05.000000000000000000
05.000000000000000000
05.000000000000000000
05.000000000000000000
05.000000000000000000
05.000000000000000000
05.000000000000000000
05.000000000000000000
07.000000000000000000
05.488766238701716205
04.885358707037342541
04.688266977871362151
04.735682558647810403
05.056330487721348632
05.901100547826516163
08.000000000000000000
07.000000000000000000
05.594330871622993584
04.847553569739766033
04.572988697098623767
04.648855929393278963
05.105550567806871776
06.135899560096523153
08.000000000000000000
07.000000000000000000
05.626364481010810437
04.850738357595584027
04.555197009091822125
04.644709769510386721
05.146041532743422131
06.210726220158094613
08.000000000000000000
07.000000000000000000
05.646124141941067265
04.873040530172990437
04.576742894169021802
04.671446172686534837
05.181653744064777634
06.243842602055057256
08.000000000000000000
07.000000000000000000
05.669566548443795817
04.912556332584050445
04.623893530817735353
04.718596809335247499
05.221169546475836754
06.267285008557786696
08.000000000000000000
07.000000000000000000
05.708624368272727345
04.985360682735342053
04.713347460927888477
04.802860221346454850
05.280663857883180157
06.292986107420012409
08.000000000000000000
07.000000000000000000
05.781682317543086924
05.132780498717664841
04.896847153189920476
04.972714385484575672
05.390777496784772360
06.323251006016616493
08.000000000000000000
07.000000000000000000
05.907429881972611874
05.436913071129531261
05.280634358450630117
05.328049939227079257
05.607884851813537352
06.319764191097412720
08.000000000000000000
06.000000000000000000
06.000000000000000000
06.000000000000000000
06.000000000000000000
06.000000000000000000
06.000000000000000000
06.000000000000000000
06.000000000000000000
05.000000000000000000
05.000000000000000000
05.000000000000000000
05.000000000000000000
05.000000000000000000
05.000000000000000000
05.000000000000000000
05.000000000000000000
07.000000000000000000
05.476808827007709546
04.866890599175237142
04.667049879485290376
04.713493265421331735
05.035465122267883231
05.886904464276438986
08.000000000000000000
07.000000000000000000
05.573960011123759273
04.815691846891014372
04.536109711905426778
04.610260644017950327
05.069488075605753430
06.111659769517915564
08.000000000000000000
07.000000000000000000
05.600993093125671507
04.810634185986395472
04.508473007411848421
04.595813790277618160
05.100652173409403467
06.180536702025481333
08.000000000000000000
07.000000000000000000
05.618123348805575290
04.828469177219539610
04.524592980530645292
04.616917698122112057
05.131311789486385777
06.210607794581468610
08.000000000000000000
07.000000000000000000
05.640690622736898696
04.866442002820210888
04.569850275311448939
04.662174992902916593
05.169284615087057055
06.233175068512791128
08.000000000000000000
07.000000000000000000
05.680806176191092405
04.940961642699267742
04.661368924649414325
04.748709707515183176
05.230979630122275736
06.260349785090903119
08.000000000000000000
07.000000000000000000
05.757991474605034909
05.095144461615102927
04.852945088384403860
04.927096020496929185
05.348940690329841985
06.295691232999192088
08.000000000000000000
07.000000000000000000
05.892811771746208294
05.413879689990965360
05.253909971679963320
05.300353357616005567
05.582454213083610561
06.302907409014937734
08.000000000000000000
06.000000000000000000
06.000000000000000000
06.000000000000000000
06.000000000000000000
06.000000000000000000
06.000000000000000000
06.000000000000000000
06.000000000000000000
05.000000000000000000
05.000000000000000000
05.000000000000000000
05.000000000000000000
05.000000000000000000
05.000000000000000000
05.000000000000000000
05.000000000000000000
07.000000000000000000
05.447629684662947724
04.827721589652138157
04.625445580021052550
04.669400053194053157
04.989784032775212097
05.850926476942483134
08.000000000000000000
07.000000000000000000
05.527751445772942418
04.752407773882660891
04.468138346789350734
04.537991744474222600
04.995111024505681563
06.054173208597087630
08.000000000000000000
07.000000000000000000
05.546181730925442643
04.734328494341687232
04.425672335592027551
04.507675297382801816
05.010701608809446483
06.112095418593384011
08.000000000000000000
07.000000000000000000
05.559024345724027150
04.745227701373893048
04.433587696783867216
04.520125620688197010
05.033347594933824887
06.136922536773271375
08.000000000000000000
07.000000000000000000
05.579704264176934103
04.779907838315078372
04.474833645558373263
04.561371569462703945
05.068027731875009323
06.157602455226177440
08.000000000000000000
07.000000000000000000
05.620456582384263378
04.855072210317992187
04.566952639478103038
04.648955601268877302
05.131445324785751438
06.186370270052204745
08.000000000000000000
07.000000000000000000
05.703525772877382494
05.017815576054145410
04.768127137117869729
04.837980534802742483
05.260518826677166970
06.229947535701529482
08.000000000000000000
07.000000000000000000
05.856079744604668846
05.362207141347583139
05.197532288683516910
05.241486761856518406
05.524269584470657080
06.259376536884205144
08.000000000000000000
06.000000000000000000
06.000000000000000000
06.000000000000000000
06.000000000000000000
06.000000000000000000
06.000000000000000000
06.000000000000000000
06.000000000000000000
05.000000000000000000
05.000000000000000000
05.000000000000000000
05.000000000000000000
05.000000000000000000
05.000000000000000000
05.000000000000000000
05.000000000000000000
07.000000000000000000
05.366709607727346842
04.742343958616435984
04.546151675304494155
04.584035023167105649
04.886951308105273561
05.747982286758910320
08.000000000000000000
07.000000000000000000
05.413907409846663299
04.630724389972929345
04.354996766899181360
04.414670368971512104
04.844854775617025489
05.905991142392879034
08.000000000000000000
07.000000000000000000
05.419919381581015827
04.597439579464493775
04.297355817911142850
04.366996422652844601
04.839647614003258269
05.945922853673621056
08.000000000000000000
07.000000000000000000
05.427021619420614229
04.600004627966820081
04.295978988706290025
04.369268051745099690
04.851767508047414523
05.962964277653523659
08.000000000000000000
07.000000000000000000
05.443911705374081755
04.628170164951685983
04.329364345296006000
04.402653408334816554
04.879933045032278649
05.979854363606991186
08.000000000000000000
07.000000000000000000
05.482269524411798045
04.697978481632011594
04.414464749206177707
04.484105353947878569
04.940186516170776088
06.008272996504404162
08.000000000000000000
07.000000000000000000
05.569208272478492816
04.862502377052846825
04.615445418540765843
04.675119020613096588
05.076632762696943857
06.061292005024708551
08.000000000000000000
07.000000000000000000
05.751914070098829157
05.240541311363076993
05.076651008116110475
05.114534355978722857
05.385148660851913682
06.133186749130393522
08.000000000000000000
06.000000000000000000
06.000000000000000000
06.000000000000000000
06.000000000000000000
06.000000000000000000
06.000000000000000000
06.000000000000000000
06.000000000000000000
05.000000000000000000
05.000000000000000000
05.000000000000000000
05.000000000000000000
05.000000000000000000
05.000000000000000000
05.000000000000000000
05.000000000000000000
07.000000000000000000
05.095184132273432809
04.539105356458057905
04.387293125849651254
04.411672879172543915
04.638828286726153216
05.398631856382416494
08.000000000000000000
07.000000000000000000
05.088291840665619681
04.400426229298727065
04.189769713117597938
04.227619678686008520
04.544956636589522425
05.469500511869445525
08.000000000000000000
07.000000000000000000
05.082440904997691966
04.362914654235548362
04.134513804554534211
04.178307310500032123
04.524602970288042592
05.485422254183699664
08.000000000000000000
07.000000000000000000
05.084116205015611456
04.359859028188059149
04.128188519949158142
04.174104084039923279
04.527187035028166662
05.493132289186219097
08.000000000000000000
07.000000000000000000
05.094183371159291873
04.376515803902027102
04.147845728197223636
04.193761292287987885
04.543843810742135503
05.503199455329899514
08.000000000000000000
07.000000000000000000
05.121200517105223504
04.424623121464834163
04.205925657623275526
04.249719163568775215
04.586311437517329281
05.524181866291231202
08.000000000000000000
07.000000000000000000
05.194053302026140351
04.554885034697052859
04.361655020243791370
04.399504985812201063
04.699415441987849107
05.575261973229966195
08.000000000000000000
07.000000000000000000
05.400801909720599703
04.923666698528577079
04.792629055679002548
04.817008809001894321
05.023389628796671502
05.704249633829583388
08.000000000000000000
06.000000000000000000
06.000000000000000000
06.000000000000000000
06.000000000000000000
06.000000000000000000
06.000000000000000000
06.000000000000000000
06.000000000000000000
04.000000000000000000
04.000000000000000000
04.000000000000000000
04.000000000000000000
04.000000000000000000
04.000000000000000000
04.000000000000000000
04.000000000000000000
04.000000000000000000
04.000000000000000000
04.000000000000000000
04.000000000000000000
04.000000000000000000
04.000000000000000000
04.000000000000000000
04.000000000000000000
04.000000000000000000
04.000000000000000000
04.000000000000000000
04.000000000000000000
04.000000000000000000
04.000000000000000000
04.000000000000000000
04.000000000000000000
04.000000000000000000
04.000000000000000000
04.000000000000000000
04.000000000000000000
04.000000000000000000
04.000000000000000000
04.000000000000000000
04.000000000000000000
04.000000000000000000
04.000000000000000000
04.000000000000000000
04.000000000000000000
04.000000000000000000
04.000000000000000000
04.000000000000000000
04.000000000000000000
04.000000000000000000
04.000000000000000000
04.000000000000000000
04.000000000000000000
04.000000000000000000
04.000000000000000000
04.000000000000000000
04.000000000000000000
04.000000000000000000
04.000000000000000000
04.000000000000000000
04.000000000000000000
04.000000000000000000
04.000000000000000000
04.000000000000000000
04.000000000000000000
04.000000000000000000
04.000000000000000000
04.000000000000000000
04.000000000000000000
04.000000000000000000
04.000000000000000000
04.000000000000000000
04.000000000000000000
04.000000000000000000
04.000000000000000000
04.000000000000000000
04.000000000000000000
04.000000000000000000
04.000000000000000000
04.000000000000000000
04.000000000000000000
04.000000000000000000
04.000000000000000000
04.000000000000000000
04.000000000000000000
04.000000000000000000
04.000000000000000000
04.000000000000000000
04.000000000000000000
03.000000000000000000
03.000000000000000000
03.000000000000000000
03.000000000000000000
03.000000000000000000
03.000000000000000000
03.000000000000000000
03.000000000000000000
03.000000000000000000
03.000000000000000000
03.000000000000000000
03.000000000000000000
03.000000000000000000
03.000000000000000000
03.000000000000000000
03.000000000000000000
03.000000000000000000
03.000000000000000000
03.000000000000000000
03.000000000000000000
03.000000000000000000
03.000000000000000000
03.000000000000000000
03.000000000000000000
03.000000000000000000
03.000000000000000000
03.000000000000000000
03.000000000000000000
03.000000000000000000
03.000000000000000000
03.000000000000000000
03.000000000000000000
03.000000000000000000
03.000000000000000000
03.000000000000000000
03.000000000000000000
03.000000000000000000
03.000000000000000000
03.000000000000000000
03.000000000000000000
03.000000000000000000
03.000000000000000000
03.000000000000000000
03.000000000000000000
03.000000000000000000
03.000000000000000000
03.000000000000000000
03.000000000000000000
03.000000000000000000
03.000000000000000000
03.000000000000000000
03.000000000000000000
03.000000000000000000
03.000000000000000000
03.000000000000000000
03.000000000000000000
03.000000000000000000
03.000000000000000000
03.000000000000000000
03.000000000000000000
03.000000000000000000
03.000000000000000000
03.000000000000000000
03.000000000000000000
03.000000000000000000
03.000000000000000000
03.000000000000000000
03.000000000000000000
03.000000000000000000
03.000000000000000000
03.000000000000000000
03.000000000000000000
03.000000000000000000
03.000000000000000000
03.000000000000000000
03.000000000000000000
03.000000000000000000
03.000000000000000000
03.000000000000000000
03.000000000000000000
05.000000000000000000
05.000000000000000000
05.000000000000000000
05.000000000000000000
05.000000000000000000
05.000000000000000000
05.000000000000000000
05.000000000000000000
07.000000000000000000
04.259667052546673993
03.636986665014548592
03.491337514333974656
03.507276563342713871
03.707317296060616663
04.507246840876071303
08.000000000000000000
07.000000000000000000
04.094476658217350185
03.317587965574735787
03.114989349412359054
03.139350809322171809
03.417268668311750801
04.397889168650169545
08.000000000000000000
07.000000000000000000
04.054234561610441823
03.237868259074084598
03.017115730638953330
03.045049479560946182
03.348149123535689053
04.371857340746887921
08.000000000000000000
07.000000000000000000
04.046321588394210522
03.221509470352608595
02.996414609158879472
03.025589405143866539
03.335143405136435479
04.367648456894306364
08.000000000000000000
07.000000000000000000
04.052381636019984690
03.231448435766859362
03.008087281373238220
03.037262077358226176
03.345082370550685358
04.373708504520079643
08.000000000000000000
07.000000000000000000
04.078702199934133965
03.276273590402420943
03.061244865596946418
03.089178614518939270
03.386554454864024954
04.396324979070579175
08.000000000000000000
07.000000000000000000
04.168234449656856633
03.422880262862188605
03.230994476096709977
03.255355936006523176
03.522560965599204508
04.471646960089675993
08.000000000000000000
07.000000000000000000
04.508447996238031052
03.942241831486249293
03.810184655823270372
03.826123704832009143
04.012572462532317807
04.756027784567429251
08.000000000000000000
06.000000000000000000
06.000000000000000000
06.000000000000000000
06.000000000000000000
06.000000000000000000
06.000000000000000000
06.000000000000000000
06.000000000000000000
05.000000000000000000
05.000000000000000000
05.000000000000000000
05.000000000000000000
05.000000000000000000
05.000000000000000000
05.000000000000000000
05.000000000000000000
07.000000000000000000
04.557257924326287402
03.874463315585718437
03.691611329251611728
03.715990942503365702
03.974185930562061930
04.860705395011740926
08.000000000000000000
07.000000000000000000
04.422912064440443380
03.557162460076237487
03.298993432875446885
03.336843136729120030
03.701692278290811711
04.804120262189815804
08.000000000000000000
07.000000000000000000
04.383135632650296820
03.467518939225249230
03.184474655267255372
03.228267810914634328
03.629206466854514535
04.786116348204886073
08.000000000000000000
07.000000000000000000
04.375573860169652107
03.449431688528050710
03.160565253939702668
03.206480421376347589
03.616758802638504910
04.784589226910975768
08.000000000000000000
07.000000000000000000
04.385640710279123056
03.466087895192185186
03.180221753014929043
03.226136920451573520
03.633415009302639831
04.794656077020446716
08.000000000000000000
07.000000000000000000
04.421894441278232613
03.529225959748405028
03.255884705427368964
03.299677861074748808
03.690913487377669888
04.824875156832822753
08.000000000000000000
07.000000000000000000
04.528672606290943925
03.711619609917492735
03.470876676885448653
03.508726380739122241
03.856149428132067847
04.909880804040316349
08.000000000000000000
07.000000000000000000
04.862875098137127594
04.259023570866228070
04.096945904791096993
04.121325518042850078
04.358746185842572451
05.166322568822580230
08.000000000000000000
06.000000000000000000
06.000000000000000000
06.000000000000000000
06.000000000000000000
06.000000000000000000
06.000000000000000000
06.000000000000000000
06.000000000000000000
05.000000000000000000
05.000000000000000000
05.000000000000000000
05.000000000000000000
05.000000000000000000
05.000000000000000000
05.000000000000000000
05.000000000000000000
07.000000000000000000
04.642392637991144433
03.968951344572428042
03.782982541608270743
03.811004377210837291
04.079437453716511897
04.960189181132614422
08.000000000000000000
07.000000000000000000
04.536812282257140616
03.684311947618503336
03.421540064051330265
03.465449809885160271
03.846271496070840623
04.940023725358025253
08.000000000000000000
07.000000000000000000
04.505757887572745979
03.605106372774405266
03.317215740013823577
03.368327469392335516
03.787487073632374024
04.934066414879892726
08.000000000000000000
07.000000000000000000
04.501515608527095758
03.591646923593068585
03.298322574877199820
03.352059877873375004
03.780922053039856845
04.937045985602180664
08.000000000000000000
07.000000000000000000
04.513752483487037281
03.612018583306532360
03.322451119626919525
03.376188422623094265
03.801293712753321508
04.949282860562121300
08.000000000000000000
07.000000000000000000
04.551477107035570846
03.678537789340051045
03.402603382595857262
03.453715111974369201
03.860918490198020248
04.979785634342717593
08.000000000000000000
07.000000000000000000
04.655005904275636652
03.858989734814474826
03.617069630534375690
03.660979376368205251
04.020949283266814334
05.058217347376520401
08.000000000000000000
07.000000000000000000
04.963024526003851022
04.376573231060833180
04.214536171296832556
04.242558006899398215
04.487059340204917035
05.280821069145320124
08.000000000000000000
06.000000000000000000
06.000000000000000000
06.000000000000000000
06.000000000000000000
06.000000000000000000
06.000000000000000000
06.000000000000000000
06.000000000000000000
05.000000000000000000
05.000000000000000000
05.000000000000000000
05.000000000000000000
05.000000000000000000
05.000000000000000000
05.000000000000000000
05.000000000000000000
07.000000000000000000
04.671968489717873929
04.009825828924192592
03.827056402787457401
03.856523027833575146
04.124151820155805837
04.993899102555499958
08.000000000000000000
07.000000000000000000
04.582240584036989084
03.748194480424493324
03.491029882183041444
03.537421466166217776
03.916649994589215034
04.992237705178341756
08.000000000000000000
07.000000000000000000
04.558385707546085186
03.680028202932331460
03.399299551333930136
03.453481365138289405
03.870358494881708022
04.994837211689159062
08.000000000000000000
07.000000000000000000
04.557281512591899286
03.671646964909452304
03.386388211631546241
03.443446817910857938
03.869477780132088096
05.001497176297258207
08.000000000000000000
07.000000000000000000
04.570576274692087715
03.693859686848927293
03.412756022067809258
03.469814628347120067
03.891690502071563973
05.014791938397446636
08.000000000000000000
07.000000000000000000
04.607245244793603867
03.758874931943466002
03.491236212614399648
03.545418026418759361
03.949205223892843009
05.043696748936676855
08.000000000000000000
07.000000000000000000
04.705227337605969673
03.930978111297443789
03.696249216462544673
03.742640800445721894
04.099433625462165942
05.115224458747321457
08.000000000000000000
07.000000000000000000
04.997141857408139209
04.424893621432816282
04.267361333553527203
04.296827958599645392
04.539219612664429526
05.319072470245765238
08.000000000000000000
06.000000000000000000
06.000000000000000000
06.000000000000000000
06.000000000000000000
06.000000000000000000
06.000000000000000000
06.000000000000000000
06.000000000000000000
05.000000000000000000
05.000000000000000000
05.000000000000000000
05.000000000000000000
05.000000000000000000
05.000000000000000000
05.000000000000000000
05.000000000000000000
07.000000000000000000
04.683932974710215191
04.028625363728489894
03.848765242145814280
03.878782128427254339
04.144320038821334151
05.007162688479642298
08.000000000000000000
07.000000000000000000
04.602276263642072429
03.780036695545623715
03.528039556779768215
03.575399290017668985
03.950880286769236527
05.014504595336672033
08.000000000000000000
07.000000000000000000
04.582930985000754021
03.719377005723405905
03.445275951035957629
03.500679426738515509
03.912701333654368785
05.022148068112869623
08.000000000000000000
07.000000000000000000
04.583974736170323361
03.714658063482938921
03.436802574406356392
03.495196940996641022
03.915751839296798931
05.031187538946586102
08.000000000000000000
07.000000000000000000
04.597751857311362933
03.737719981943387726
03.464211341333925276
03.522605707924209906
03.938813757757247735
05.044964660087625674
08.000000000000000000
07.000000000000000000
04.633148433072013184
03.800602471625111445
03.540118960252269797
03.595522435954827234
03.993926799556074769
05.072365516184129675
08.000000000000000000
07.000000000000000000
04.727130600983444175
03.966058209158599634
03.737189067748854399
03.784548800986755612
04.136901800382212002
05.139358932678044667
08.000000000000000000
07.000000000000000000
05.010631797185960856
04.446297067214843857
04.292201739543076933
04.322218625824516991
04.561991742307687225
05.333861510955388852
08.000000000000000000
06.000000000000000000
06.000000000000000000
06.000000000000000000
06.000000000000000000
06.000000000000000000
06.000000000000000000
06.000000000000000000
06.000000000000000000
05.000000000000000000
05.000000000000000000
05.000000000000000000
05.000000000000000000
05.000000000000000000
05.000000000000000000
05.000000000000000000
05.000000000000000000
07.000000000000000000
04.689103081787035165
04.037309761369034078
03.859175276165110802
03.889390704925098863
04.153479348014569084
05.012752982778061472
08.000000000000000000
07.000000000000000000
04.611359956375399527
03.795383720533618721
03.546501337053860947
03.594216291393891094
03.967073150393154890
05.024330636928149296
08.000000000000000000
07.000000000000000000
04.594461076483776552
03.738950640290696459
03.468893406704717020
03.524751854102128767
03.933354248324443247
05.034619338478396600
08.000000000000000000
07.000000000000000000
04.596730055905736023
03.736372657992585555
03.463049726391904670
03.521945713865386018
03.938653991628775941
05.044975036895258391
08.000000000000000000
07.000000000000000000
04.610708382665563931
03.759791436240381035
03.490898220878920100
03.549794208352400560
03.962072769876572309
05.058953363655087188
08.000000000000000000
07.000000000000000000
04.645226265988404712
03.821144944665339160
03.564928004513850723
03.620786451911263804
04.015548552699086393
05.085384527983024761
08.000000000000000000
07.000000000000000000
04.736920893266463928
03.982648255452542863
03.757174095601463204
03.804889049941492907
04.154337685312079920
05.149891573819213697
08.000000000000000000
07.000000000000000000
05.016332059988158676
04.455907012312948723
04.303740490678324093
04.333955919438311710
04.572076598958483729
05.339981960979184095
08.000000000000000000
06.000000000000000000
06.000000000000000000
06.000000000000000000
06.000000000000000000
06.000000000000000000
06.000000000000000000
06.000000000000000000
06.000000000000000000
05.000000000000000000
05.000000000000000000
05.000000000000000000
05.000000000000000000
05.000000000000000000
05.000000000000000000
05.000000000000000000
05.000000000000000000
07.000000000000000000
04.691044322978317638
04.040679417583822541
03.863288406988306445
03.893553111559599156
04.156964698239757006
05.014793361226399071
08.000000000000000000
07.000000000000000000
04.614853367728480649
03.801464942742402986
03.553937743738417865
03.601741663384413705
03.973362665292365037
05.028001685355629746
08.000000000000000000
07.000000000000000000
04.598979541730108700
03.746835734225763659
03.478551201502234846
03.534524561913427121
03.941507722374680167
05.039365766736886521
08.000000000000000000
07.000000000000000000
04.601768235105536675
03.745177358122025346
03.473843895108631230
03.532867190213832664
03.947755617548396323
05.050264882853850779
08.000000000000000000
07.000000000000000000
04.615801027516134525
03.768693094219567996
03.501812179808645009
03.560835474913848220
03.971271353645938085
05.064297675264450405
08.000000000000000000
07.000000000000000000
04.649890563246540154
03.829289194027154064
03.574905590926402699
03.630878951337595417
04.023961182176071461
05.090276788253319751
08.000000000000000000
07.000000000000000000
04.740596677694280281
03.989052483470418409
03.765008159427901457
03.812812079073898630
04.160950206020380016
05.153744995321431155
08.000000000000000000
07.000000000000000000
05.018404885989036224
04.459508704503434728
04.308138452204304691
04.338403156775597402
04.575793985159370081
05.342153924237117657
08.000000000000000000
06.000000000000000000
06.000000000000000000
06.000000000000000000
06.000000000000000000
06.000000000000000000
06.000000000000000000
06.000000000000000000
06.000000000000000000
05.000000000000000000
05.000000000000000000
05.000000000000000000
05.000000000000000000
05.000000000000000000
05.000000000000000000
05.000000000000000000
05.000000000000000000
07.000000000000000000
04.690906099335307111
04.040488992391333412
03.863078432909114568
03.893293861669102629
04.156658579036869305
05.014556000326333418
08.000000000000000000
07.000000000000000000
04.614620415245097362
03.801142134154452012
03.553578447898532833
03.601293402238562535
03.972831564013988626
05.027591095797846243
08.000000000000000000
07.000000000000000000
04.598686361807020617
03.746423225250882894
03.478085659859017742
03.533944107256429934
03.940826833284629682
05.038844623801639777
08.000000000000000000
07.000000000000000000
04.601423281332872151
03.744678879974316033
03.473272578781154252
03.532168566254635600
03.946960213610506862
05.049668262322395407
08.000000000000000000
07.000000000000000000
04.615401608092700947
03.768097658222111512
03.501121073268170125
03.560017060741650141
03.970378991858303230
05.063646589082223315
08.000000000000000000
07.000000000000000000
04.649451551311647002
03.828617529625526039
03.574120257668151002
03.629978705065564082
04.023021137659272384
05.089609813306267938
08.000000000000000000
07.000000000000000000
04.740181352136161763
03.988406669073375710
03.764251206446135090
03.811966160786163904
04.160096098932912767
05.153152032688911532
08.000000000000000000
07.000000000000000000
05.018135077536431510
04.459086243335248056
04.307643647422326971
04.337859076182315476
04.575255829980783062
05.341784978527456929
08.000000000000000000
06.000000000000000000
06.000000000000000000
06.000000000000000000
06.000000000000000000
06.000000000000000000
06.000000000000000000
06.000000000000000000
06.000000000000000000
05.000000000000000000
05.000000000000000000
05.000000000000000000
05.000000000000000000
05.000000000000000000
05.000000000000000000
05.000000000000000000
05.000000000000000000
07.000000000000000000
04.688628832240633315
04.036785650344653753
03.858690972342181613
03.888707858623623004
04.152480325437497122
05.011858546010061310
08.000000000000000000
07.000000000000000000
04.610612361818172467
03.794570310292989745
03.545752856335118164
03.593112589573018933
03.965413901516601669
05.022840693512773846
08.000000000000000000
07.000000000000000000
04.593566150748483956
03.737965823178974745
03.467968164789681840
03.523371640492239720
03.931290151109936293
05.032783233860599559
08.000000000000000000
07.000000000000000000
04.595687724304625021
03.735157246287572619
03.461847982501217391
03.520242349091501577
03.936251022101432184
05.042900527080886874
08.000000000000000000
07.000000000000000000
04.609464845445663705
03.758219164748021868
03.489256749428785387
03.547651116019070017
03.959312940561880989
05.056677648221925558
08.000000000000000000
07.000000000000000000
04.643783598819743119
03.819191289080679841
03.562811174005993564
03.618214649708551889
04.012515617011642277
05.083000681931858722
08.000000000000000000
07.000000000000000000
04.735466699159544213
03.980591823905964777
03.754902367304203903
03.802262100542106005
04.151435415129577144
05.147695030854146481
08.000000000000000000
07.000000000000000000
05.015327654716379868
04.454457353831007715
04.302127469739445154
04.332144356020885212
04.570152028923851972
05.338557368485807864
08.000000000000000000
06.000000000000000000
06.000000000000000000
06.000000000000000000
06.000000000000000000
06.000000000000000000
06.000000000000000000
06.000000000000000000
06.000000000000000000
05.000000000000000000
05.000000000000000000
05.000000000000000000
05.000000000000000000
05.000000000000000000
05.000000000000000000
05.000000000000000000
05.000000000000000000
07.000000000000000000
04.682843415900935113
04.028138727584439138
03.848920429849579161
03.878387054895696462
04.142464718816052383
05.004774028738561142
08.000000000000000000
07.000000000000000000
04.600842258531249840
03.779741265061610012
03.528843719378326416
03.575235303361503192
03.948196779226330833
05.010839379672601623
08.000000000000000000
07.000000000000000000
04.581449397818837532
03.719334048192670661
03.446550970379284262
03.500732784183644419
03.909664340142048111
05.017900901961910520
08.000000000000000000
07.000000000000000000
04.582310603292967244
03.714402945735146844
03.437861551227997747
03.494920157507309000
03.912233760957782636
05.026526266998325276
08.000000000000000000
07.000000000000000000
04.595605365393154784
03.736615667674621388
03.464229361664260765
03.521287967943572461
03.934446482897257624
05.039821029098513705
08.000000000000000000
07.000000000000000000
04.630308935066354437
03.798180777203806091
03.538487631659754662
03.592669445464113931
03.988511069153183541
05.066760439209430089
08.000000000000000000
07.000000000000000000
04.723829012100230429
03.962524895934560032
03.734063053657830533
03.780454637641007309
04.130980410099281741
05.133826133241582212
08.000000000000000000
07.000000000000000000
05.008016783591201282
04.443206520093061940
04.289225360615648519
04.318691985661765820
04.557532511324675184
05.329947396428827311
08.000000000000000000
06.000000000000000000
06.000000000000000000
06.000000000000000000
06.000000000000000000
06.000000000000000000
06.000000000000000000
06.000000000000000000
06.000000000000000000
05.000000000000000000
05.000000000000000000
05.000000000000000000
05.000000000000000000
05.000000000000000000
05.000000000000000000
05.000000000000000000
05.000000000000000000
07.000000000000000000
04.669097511140626544
04.011313871660877162
03.831980716704107781
03.860002552306674328
04.121799980804960128
04.986894054282096533
08.000000000000000000
07.000000000000000000
04.579576754605655609
03.753113312625634190
03.501686579014954503
03.545596324848784064
03.915072861077972366
04.982788197706540245
08.000000000000000000
07.000000000000000000
04.556496498619222457
03.687437089916967281
03.413570635556109067
03.464682364934621006
03.869817790774937372
04.984805025926370092
08.000000000000000000
07.000000000000000000
04.555431247221414459
03.679467012707957618
03.401325780256349240
03.455063083252523981
03.868742142154745878
04.990961624296499366
08.000000000000000000
07.000000000000000000
04.567668122181355983
03.699838672421420949
03.425454325006068501
03.479191628002243686
03.889113801868209652
05.003198499256440890
08.000000000000000000
07.000000000000000000
04.602215718082047324
03.760868506482613505
03.498958278138143196
03.550070007516654691
03.943249207340583595
05.030524245389194071
08.000000000000000000
07.000000000000000000
04.697770376624152533
03.927791099821607013
03.697216145497999484
03.741125891331829045
04.089750648273945188
05.100981819725036281
08.000000000000000000
07.000000000000000000
04.989729399153333134
04.418935758149283188
04.263534346392669150
04.291556181995235697
04.529421867293366155
05.307525942294802235
08.000000000000000000
06.000000000000000000
06.000000000000000000
06.000000000000000000
06.000000000000000000
06.000000000000000000
06.000000000000000000
06.000000000000000000
06.000000000000000000
05.000000000000000000
05.000000000000000000
05.000000000000000000
05.000000000000000000
05.000000000000000000
05.000000000000000000
05.000000000000000000
05.000000000000000000
07.000000000000000000
04.632031512907525794
03.981567601692107772
03.809859021784686828
03.834238635036440801
04.081290216668451265
04.935478983592979318
08.000000000000000000
07.000000000000000000
04.530469284144642117
03.714826743799584108
03.474847832077618381
03.512697535931291970
03.859356562014158776
04.911677481894013653
08.000000000000000000
07.000000000000000000
04.503453964036677526
03.645994546940518166
03.384711375583303372
03.428504531230683661
03.807682074569783026
04.906434679591267667
08.000000000000000000
07.000000000000000000
04.500255806356156185
03.635266505413289106
03.369584711044893766
03.415499878481538687
03.802593619523744195
04.909271173097479846
08.000000000000000000
07.000000000000000000
04.510322656465626245
03.651922712077424471
03.389241210120120140
03.435156377556764618
03.819249826187879560
04.919338023206950794
08.000000000000000000
07.000000000000000000
04.542212772664613318
03.707701567463673520
03.456121425743417852
03.499914581390798141
03.869389095092938824
04.945193488219203459
08.000000000000000000
07.000000000000000000
04.636229825995142662
03.869283893640839800
03.646731076087620149
03.684580779941293738
04.013813711855414468
05.017438023744515974
08.000000000000000000
07.000000000000000000
04.937648686718365987
04.366127856972617849
04.215193597324171648
04.239573210575925621
04.465850471948961342
05.241096157403818623
08.000000000000000000
06.000000000000000000
06.000000000000000000
06.000000000000000000
06.000000000000000000
06.000000000000000000
06.000000000000000000
06.000000000000000000
06.000000000000000000
05.000000000000000000
05.000000000000000000
05.000000000000000000
05.000000000000000000
05.000000000000000000
05.000000000000000000
05.000000000000000000
05.000000000000000000
07.000000000000000000
04.508837395211513943
03.942939286622514139
03.811050383136628916
03.826989432145367243
04.013269917668583098
04.756417183540910365
08.000000000000000000
07.000000000000000000
04.400764819482605006
03.703351053420048444
03.521817884075138405
03.546179343984952048
03.803031756157063015
04.704177329915424366
08.000000000000000000
07.000000000000000000
04.375583615674332627
03.646780622833970753
03.450276466440278078
03.478210215362270485
03.757061487295574764
04.693206394810777837
08.000000000000000000
07.000000000000000000
04.371787373717289427
03.637131516923015617
03.437433414171955359
03.466608210156943315
03.750765451706842057
04.693114242217385268
08.000000000000000000
07.000000000000000000
04.377847421343063594
03.647070482337266384
03.449106086386314551
03.478280882371302951
03.760704417121092824
04.699174289843158547
08.000000000000000000
07.000000000000000000
04.400051253998024769
03.685185954162306210
03.494405601398271166
03.522339350320264462
03.795466818623910221
04.717674033134469980
08.000000000000000000
07.000000000000000000
04.474522610922110566
03.808643350707500819
03.637823010759489328
03.662184470669302527
03.908324053444516721
04.777935121354930814
08.000000000000000000
07.000000000000000000
04.757618338902871002
04.248194453094214396
04.129897524625923744
04.145836573634663402
04.318525084140282466
05.005198127232269201
08.000000000000000000
06.000000000000000000
06.000000000000000000
06.000000000000000000
06.000000000000000000
06.000000000000000000
06.000000000000000000
06.000000000000000000
06.000000000000000000
04.000000000000000000
04.000000000000000000
04.000000000000000000
04.000000000000000000
04.000000000000000000
04.000000000000000000
04.000000000000000000
04.000000000000000000
04.000000000000000000
04.000000000000000000
04.000000000000000000
04.000000000000000000
04.000000000000000000
04.000000000000000000
04.000000000000000000
04.000000000000000000
04.000000000000000000
04.000000000000000000
04.000000000000000000
04.000000000000000000
04.000000000000000000
04.000000000000000000
04.000000000000000000
04.000000000000000000
04.000000000000000000
04.000000000000000000
04.000000000000000000
04.000000000000000000
04.000000000000000000
04.000000000000000000
04.000000000000000000
04.000000000000000000
04.000000000000000000
04.000000000000000000
04.000000000000000000
04.000000000000000000
04.000000000000000000
04.000000000000000000
04.000000000000000000
04.000000000000000000
04.000000000000000000
04.000000000000000000
04.000000000000000000
04.000000000000000000
04.000000000000000000
04.000000000000000000
04.000000000000000000
04.000000000000000000
04.000000000000000000
04.000000000000000000
04.000000000000000000
04.000000000000000000
04.000000000000000000
04.000000000000000000
04.000000000000000000
04.000000000000000000
04.000000000000000000
04.000000000000000000
04.000000000000000000
04.000000000000000000
04.000000000000000000
04.000000000000000000
04.000000000000000000
04.000000000000000000
04.000000000000000000
04.000000000000000000
04.000000000000000000
04.000000000000000000
04.000000000000000000
04.000000000000000000
04.000000000000000000
04.000000000000000000
04.000000000000000000
04.000000000000000000
04.000000000000000000
04.000000000000000000
04.000000000000000000
04.000000000000000000
04.000000000000000000
04.000000000000000000
02.000000000000000000
02.000000000000000000
02.000000000000000000
02.000000000000000000
02.000000000000000000
02.000000000000000000
02.000000000000000000
02.000000000000000000
02.000000000000000000
02.000000000000000000
02.000000000000000000
02.000000000000000000
02.000000000000000000
02.000000000000000000
02.000000000000000000
02.000000000000000000
02.000000000000000000
02.000000000000000000
02.000000000000000000
02.000000000000000000
02.000000000000000000
02.000000000000000000
02.000000000000000000
02.000000000000000000
02.000000000000000000
02.000000000000000000
02.000000000000000000
02.000000000000000000
02.000000000000000000
02.000000000000000000
02.000000000000000000
02.000000000000000000
02.000000000000000000
02.000000000000000000
02.000000000000000000
02.000000000000000000
02.000000000000000000
02.000000000000000000
02.000000000000000000
02.000000000000000000
02.000000000000000000
02.000000000000000000
02.000000000000000000
02.000000000000000000
02.000000000000000000
02.000000000000000000
02.000000000000000000
02.000000000000000000
02.000000000000000000
02.000000000000000000
02.000000000000000000
02.000000000000000000
02.000000000000000000
02.000000000000000000
02.000000000000000000
02.000000000000000000
02.000000000000000000
02.000000000000000000
02.000000000000000000
02.000000000000000000
02.000000000000000000
02.000000000000000000
02.000000000000000000
02.000000000000000000
02.000000000000000000
02.000000000000000000
02.000000000000000000
02.000000000000000000
02.000000000000000000
02.000000000000000000
02.000000000000000000
02.000000000000000000
02.000000000000000000
02.000000000000000000
02.000000000000000000
02.000000000000000000
02.000000000000000000
02.000000000000000000
02.000000000000000000
02.000000000000000000
02.000000000000000000
02.000000000000000000
02.000000000000000000
02.000000000000000000
02.000000000000000000
02.000000000000000000
02.000000000000000000
02.000000000000000000
02.000000000000000000
02.000000000000000000
02.000000000000000000
02.000000000000000000
02.000000000000000000
02.000000000000000000
02.000000000000000000
02.000000000000000000
02.000000000000000000
02.000000000000000000
02.000000000000000000
02.000000000000000000
02.000000000000000000
02.000000000000000000
02.000000000000000000
02.000000000000000000
02.000000000000000000
02.000000000000000000
02.000000000000000000
02.000000000000000000
02.000000000000000000
02.000000000000000000
02.000000000000000000
02.000000000000000000
02.000000000000000000
02.000000000000000000
02.000000000000000000
02.000000000000000000
02.000000000000000000
02.000000000000000000
02.000000000000000000
02.000000000000000000
02.000000000000000000
02.000000000000000000
02.000000000000000000
02.000000000000000000
02.000000000000000000
02.000000000000000000
02.000000000000000000
02.000000000000000000
02.000000000000000000
02.000000000000000000
02.000000000000000000
02.000000000000000000
02.000000000000000000
02.000000000000000000
02.000000000000000000
02.000000000000000000
02.000000000000000000
02.000000000000000000
02.000000000000000000
02.000000000000000000
02.000000000000000000
02.000000000000000000
02.000000000000000000
02.000000000000000000
02.000000000000000000
02.000000000000000000
02.000000000000000000
02.000000000000000000
02.000000000000000000
02.000000000000000000
02.000000000000000000
02.000000000000000000
02.000000000000000000
02.000000000000000000
02.000000000000000000
02.000000000000000000
02.000000000000000000
02.000000000000000000
02.000000000000000000
02.000000000000000000
02.000000000000000000
02.000000000000000000
02.000000000000000000
02.000000000000000000
02.000000000000000000
02.000000000000000000
02.000000000000000000
02.000000000000000000
02.000000000000000000
02.000000000000000000
02.000000000000000000
02.000000000000000000
02.000000000000000000
02.000000000000000000
02.000000000000000000
02.000000000000000000
02.000000000000000000
02.000000000000000000
02.000000000000000000
02.000000000000000000
02.000000000000000000
02.000000000000000000
02.000000000000000000
02.000000000000000000
02.000000000000000000
02.000000000000000000
02.000000000000000000
02.000000000000000000
02.000000000000000000
02.000000000000000000
02.000000000000000000
02.000000000000000000
02.000000000000000000
02.000000000000000000
02.000000000000000000
02.000000000000000000
02.000000000000000000
02.000000000000000000
02.000000000000000000
02.000000000000000000
02.000000000000000000
02.000000000000000000
02.000000000000000000
02.000000000000000000
02.000000000000000000
02.000000000000000000
02.000000000000000000
02.000000000000000000
02.000000000000000000
02.000000000000000000
02.000000000000000000
02.000000000000000000
02.000000000000000000
02.000000000000000000
02.000000000000000000
02.000000000000000000
02.000000000000000000
02.000000000000000000
02.000000000000000000
02.000000000000000000
02.000000000000000000
02.000000000000000000
02.000000000000000000
02.000000000000000000
02.000000000000000000
02.000000000000000000
02.000000000000000000
02.000000000000000000
02.000000000000000000
02.000000000000000000
02.000000000000000000
02.000000000000000000
02.000000000000000000
02.000000000000000000
02.000000000000000000
02.000000000000000000
02.000000000000000000
02.000000000000000000
02.000000000000000000
02.000000000000000000
02.000000000000000000
02.000000000000000000
02.000000000000000000
02.000000000000000000
02.000000000000000000
02.000000000000000000
02.000000000000000000
02.000000000000000000
02.000000000000000000
02.000000000000000000
02.000000000000000000
02.000000000000000000
02.000000000000000000
02.000000000000000000
02.000000000000000000
02.000000000000000000
02.000000000000000000
02.000000000000000000
02.000000000000000000
02.000000000000000000
02.000000000000000000
02.000000000000000000
02.000000000000000000
02.000000000000000000
02.000000000000000000
02.000000000000000000
02.000000000000000000
02.000000000000000000
02.000000000000000000
02.000000000000000000
02.000000000000000000
02.000000000000000000
02.000000000000000000
02.000000000000000000
02.000000000000000000
02.000000000000000000
02.000000000000000000
02.000000000000000000
02.000000000000000000
02.000000000000000000
02.000000000000000000
02.000000000000000000
02.000000000000000000
02.000000000000000000
02.000000000000000000
02.000000000000000000
02.000000000000000000
02.000000000000000000
02.000000000000000000
02.000000000000000000
02.000000000000000000
02.000000000000000000
02.000000000000000000
02.000000000000000000
02.000000000000000000
02.000000000000000000
02.000000000000000000
02.000000000000000000
02.000000000000000000
02.000000000000000000
02.000000000000000000
02.000000000000000000
02.000000000000000000
02.000000000000000000
02.000000000000000000
02.000000000000000000
02.000000000000000000
02.000000000000000000
02.000000000000000000
02.000000000000000000
02.000000000000000000
02.000000000000000000
02.000000000000000000
02.000000000000000000
02.000000000000000000
02.000000000000000000
02.000000000000000000
02.000000000000000000
02.000000000000000000
02.000000000000000000
02.000000000000000000
02.000000000000000000
02.000000000000000000
02.000000000000000000
02.000000000000000000
02.000000000000000000
02.000000000000000000
02.000000000000000000
02.000000000000000000
02.000000000000000000
02.000000000000000000
02.000000000000000000
02.000000000000000000
02.000000000000000000
02.000000000000000000
02.000000000000000000
02.000000000000000000
02.000000000000000000
02.000000000000000000
02.000000000000000000
02.000000000000000000
02.000000000000000000
02.000000000000000000
02.000000000000000000
02.000000000000000000
02.000000000000000000
02.000000000000000000
02.000000000000000000
02.000000000000000000
02.000000000000000000
02.000000000000000000
02.000000000000000000
02.000000000000000000
02.000000000000000000
02.000000000000000000
02.000000000000000000
02.000000000000000000
02.000000000000000000
02.000000000000000000
02.000000000000000000
02.000000000000000000
02.000000000000000000
02.000000000000000000
02.000000000000000000
02.000000000000000000
02.000000000000000000
02.000000000000000000
02.000000000000000000
02.000000000000000000
02.000000000000000000
02.000000000000000000
02.000000000000000000
02.000000000000000000
02.000000000000000000
02.000000000000000000
02.000000000000000000
02.000000000000000000
02.000000000000000000
02.000000000000000000
02.000000000000000000
02.000000000000000000
02.000000000000000000
02.000000000000000000
02.000000000000000000
02.000000000000000000
02.000000000000000000
02.000000000000000000
02.000000000000000000
02.000000000000000000
02.000000000000000000
02.000000000000000000
02.000000000000000000
02.000000000000000000
02.000000000000000000
02.000000000000000000
02.000000000000000000
02.000000000000000000
02.000000000000000000
02.000000000000000000
02.000000000000000000
02.000000000000000000
02.000000000000000000
02.000000000000000000
02.000000000000000000
02.000000000000000000
02.000000000000000000
02.000000000000000000
02.000000000000000000
02.000000000000000000
02.000000000000000000
02.000000000000000000
02.000000000000000000
02.000000000000000000
02.000000000000000000
02.000000000000000000
02.000000000000000000
02.000000000000000000
02.000000000000000000
02.000000000000000000
02.000000000000000000
02.000000000000000000
02.000000000000000000
02.000000000000000000
02.000000000000000000
02.000000000000000000
02.000000000000000000
02.000000000000000000
02.000000000000000000
02.000000000000000000
02.000000000000000000
02.000000000000000000
02.000000000000000000
02.000000000000000000
02.000000000000000000
02.000000000000000000
02.000000000000000000
02.000000000000000000
02.000000000000000000
02.000000000000000000
02.000000000000000000
02.000000000000000000
02.000000000000000000
02.000000000000000000
02.000000000000000000
02.000000000000000000
02.000000000000000000
02.000000000000000000
02.000000000000000000
02.000000000000000000
02.000000000000000000
02.000000000000000000
02.000000000000000000
02.000000000000000000
02.000000000000000000
02.000000000000000000
02.000000000000000000
02.000000000000000000
02.000000000000000000
02.000000000000000000
02.000000000000000000
02.000000000000000000
02.000000000000000000
02.000000000000000000
02.000000000000000000
02.000000000000000000
02.000000000000000000
02.000000000000000000
02.000000000000000000
02.000000000000000000
02.000000000000000000
02.000000000000000000
02.000000000000000000
02.000000000000000000
02.000000000000000000
02.000000000000000000
02.000000000000000000
02.000000000000000000
02.000000000000000000
02.000000000000000000
02.000000000000000000
02.000000000000000000
02.000000000000000000
02.000000000000000000
02.000000000000000000
02.000000000000000000
02.000000000000000000
02.000000000000000000
02.000000000000000000
02.000000000000000000
02.000000000000000000
02.000000000000000000
02.000000000000000000
02.000000000000000000
02.000000000000000000
02.000000000000000000
02.000000000000000000
02.000000000000000000
02.000000000000000000
02.000000000000000000
02.000000000000000000
02.000000000000000000
02.000000000000000000
02.000000000000000000
02.000000000000000000
02.000000000000000000
02.000000000000000000
02.000000000000000000
02.000000000000000000
02.000000000000000000
02.000000000000000000
02.000000000000000000
02.000000000000000000
02.000000000000000000
02.000000000000000000
02.000000000000000000
02.000000000000000000
02.000000000000000000
02.000000000000000000
02.000000000000000000
02.000000000000000000
02.000000000000000000
02.000000000000000000
02.000000000000000000
02.000000000000000000
02.000000000000000000
02.000000000000000000
02.000000000000000000
02.000000000000000000
02.000000000000000000
02.000000000000000000
02.000000000000000000
02.000000000000000000
02.000000000000000000
02.000000000000000000
02.000000000000000000
02.000000000000000000
02.000000000000000000
02.000000000000000000
02.000000000000000000
02.000000000000000000
02.000000000000000000
02.000000000000000000
02.000000000000000000
02.000000000000000000
02.000000000000000000
02.000000000000000000
02.000000000000000000
02.000000000000000000
02.000000000000000000
02.000000000000000000
02.000000000000000000
02.000000000000000000
02.000000000000000000
02.000000000000000000
02.000000000000000000
02.000000000000000000
02.000000000000000000
02.000000000000000000
02.000000000000000000
02.000000000000000000
02.000000000000000000
02.000000000000000000
02.000000000000000000
02.000000000000000000
02.000000000000000000
02.000000000000000000
02.000000000000000000
02.000000000000000000
02.000000000000000000
02.000000000000000000
02.000000000000000000
02.000000000000000000
02.000000000000000000
02.000000000000000000
02.000000000000000000
02.000000000000000000
02.000000000000000000
02.000000000000000000
02.000000000000000000
02.000000000000000000
02.000000000000000000
02.000000000000000000
02.000000000000000000
02.000000000000000000
02.000000000000000000
02.000000000000000000
02.000000000000000000
02.000000000000000000
02.000000000000000000
02.000000000000000000
02.000000000000000000
02.000000000000000000
02.000000000000000000
02.000000000000000000
02.000000000000000000
02.000000000000000000
02.000000000000000000
02.000000000000000000
02.000000000000000000
02.000000000000000000
02.000000000000000000
02.000000000000000000
02.000000000000000000
02.000000000000000000
02.000000000000000000
02.000000000000000000
02.000000000000000000
02.000000000000000000
02.000000000000000000
02.000000000000000000
02.000000000000000000
02.000000000000000000
02.000000000000000000
02.000000000000000000
02.000000000000000000
02.000000000000000000
02.000000000000000000
02.000000000000000000
02.000000000000000000
02.000000000000000000
02.000000000000000000
02.000000000000000000
02.000000000000000000
02.000000000000000000
02.000000000000000000
02.000000000000000000
02.000000000000000000
02.000000000000000000
02.000000000000000000
02.000000000000000000
02.000000000000000000
02.000000000000000000
02.000000000000000000
02.000000000000000000
02.000000000000000000
02.000000000000000000
02.000000000000000000
02.000000000000000000
02.000000000000000000
02.000000000000000000
02.000000000000000000
02.000000000000000000
02.000000000000000000
02.000000000000000000
02.000000000000000000
02.000000000000000000
02.000000000000000000
02.000000000000000000
02.000000000000000000
02.000000000000000000
02.000000000000000000
02.000000000000000000
02.000000000000000000
02.000000000000000000
02.000000000000000000
02.000000000000000000
02.000000000000000000
02.000000000000000000
02.000000000000000000
02.000000000000000000
02.000000000000000000
02.000000000000000000
02.000000000000000000
02.000000000000000000
02.000000000000000000
02.000000000000000000
02.000000000000000000
02.000000000000000000
02.000000000000000000
02.000000000000000000
02.000000000000000000
02.000000000000000000
02.000000000000000000
02.000000000000000000
02.000000000000000000
02.000000000000000000
02.000000000000000000
02.000000000000000000
02.000000000000000000
02.000000000000000000
02.000000000000000000
02.000000000000000000
02.000000000000000000
02.000000000000000000
02.000000000000000000
02.000000000000000000
02.000000000000000000
02.000000000000000000
02.000000000000000000
02.000000000000000000
02.000000000000000000
02.000000000000000000
02.000000000000000000
02.000000000000000000
02.000000000000000000
02.000000000000000000
02.000000000000000000
02.000000000000000000
02.000000000000000000
02.000000000000000000
02.000000000000000000
02.000000000000000000
02.000000000000000000
02.000000000000000000
02.000000000000000000
02.000000000000000000
02.000000000000000000
02.000000000000000000
02.000000000000000000
02.000000000000000000
02.000000000000000000
02.000000000000000000
02.000000000000000000
02.000000000000000000
02.000000000000000000
02.000000000000000000
02.000000000000000000
02.000000000000000000
02.000000000000000000
02.000000000000000000
02.000000000000000000
02.000000000000000000
02.000000000000000000
02.000000000000000000
02.000000000000000000
02.000000000000000000
02.000000000000000000
02.000000000000000000
02.000000000000000000
02.000000000000000000
02.000000000000000000
02.000000000000000000
02.000000000000000000
02.000000000000000000
02.000000000000000000
02.000000000000000000
02.000000000000000000
02.000000000000000000
02.000000000000000000
02.000000000000000000
02.000000000000000000
02.000000000000000000
02.000000000000000000
02.000000000000000000
02.000000000000000000
02.000000000000000000
02.000000000000000000
02.000000000000000000
02.000000000000000000
02.000000000000000000
02.000000000000000000
02.000000000000000000
02.000000000000000000
02.000000000000000000
02.000000000000000000
02.000000000000000000
02.000000000000000000
02.000000000000000000
02.000000000000000000
02.000000000000000000
02.000000000000000000
02.000000000000000000
02.000000000000000000
02.000000000000000000
02.000000000000000000
02.000000000000000000
02.000000000000000000
02.000000000000000000
02.000000000000000000
02.000000000000000000
02.000000000000000000
02.000000000000000000
02.000000000000000000
02.000000000000000000
02.000000000000000000
02.000000000000000000
02.000000000000000000
02.000000000000000000
02.000000000000000000
02.000000000000000000
02.000000000000000000
02.000000000000000000
02.000000000000000000
02.000000000000000000
02.000000000000000000
02.000000000000000000
02.000000000000000000
02.000000000000000000
02.000000000000000000
02.000000000000000000
02.000000000000000000
02.000000000000000000
02.000000000000000000
02.000000000000000000
02.000000000000000000
02.000000000000000000
02.000000000000000000
02.000000000000000000
02.000000000000000000
02.000000000000000000
02.000000000000000000
02.000000000000000000
02.000000000000000000
02.000000000000000000
02.000000000000000000
02.000000000000000000
02.000000000000000000
02.000000000000000000
02.000000000000000000
02.000000000000000000
02.000000000000000000
02.000000000000000000
02.000000000000000000
02.000000000000000000
02.000000000000000000
02.000000000000000000
02.000000000000000000
02.000000000000000000
02.000000000000000000
02.000000000000000000
02.000000000000000000
02.000000000000000000
02.000000000000000000
02.000000000000000000
02.000000000000000000
02.000000000000000000
02.000000000000000000
02.000000000000000000
02.000000000000000000
02.000000000000000000
02.000000000000000000
02.000000000000000000
02.000000000000000000
02.000000000000000000
02.000000000000000000
02.000000000000000000
02.000000000000000000
02.000000000000000000
02.000000000000000000
02.000000000000000000
02.000000000000000000
02.000000000000000000
02.000000000000000000
02.000000000000000000
02.000000000000000000
02.000000000000000000
02.000000000000000000
02.000000000000000000
02.000000000000000000
02.000000000000000000
02.000000000000000000
02.000000000000000000
02.000000000000000000
02.000000000000000000
02.000000000000000000
02.000000000000000000
02.000000000000000000
02.000000000000000000
02.000000000000000000
02.000000000000000000
02.000000000000000000
02.000000000000000000
02.000000000000000000
02.000000000000000000
02.000000000000000000
02.000000000000000000
02.000000000000000000
02.000000000000000000
02.000000000000000000
02.000000000000000000
02.000000000000000000
02.000000000000000000
02.000000000000000000
02.000000000000000000
02.000000000000000000
02.000000000000000000
02.000000000000000000
02.000000000000000000
02.000000000000000000
02.000000000000000000
02.000000000000000000
02.000000000000000000
02.000000000000000000
02.000000000000000000
02.000000000000000000
02.000000000000000000
02.000000000000000000
02.000000000000000000
02.000000000000000000
02.000000000000000000
02.000000000000000000
02.000000000000000000
02.000000000000000000
02.000000000000000000
02.000000000000000000
02.000000000000000000
02.000000000000000000
02.000000000000000000
02.000000000000000000
02.000000000000000000
02.000000000000000000
02.000000000000000000
02.000000000000000000
02.000000000000000000
02.000000000000000000
02.000000000000000000
02.000000000000000000
02.000000000000000000
02.000000000000000000
02.000000000000000000
02.000000000000000000
02.000000000000000000
02.000000000000000000
02.000000000000000000
02.000000000000000000
02.000000000000000000
02.000000000000000000
02.000000000000000000
02.000000000000000000
02.000000000000000000
02.000000000000000000
02.000000000000000000
02.000000000000000000
02.000000000000000000
02.000000000000000000
02.000000000000000000
02.000000000000000000
02.000000000000000000
02.000000000000000000
02.000000000000000000
02.000000000000000000
02.000000000000000000
02.000000000000000000
02.000000000000000000
02.000000000000000000
02.000000000000000000
02.000000000000000000
02.000000000000000000
02.000000000000000000
02.000000000000000000
02.000000000000000000
02.000000000000000000
02.000000000000000000
02.000000000000000000
02.000000000000000000
02.000000000000000000
02.000000000000000000
02.000000000000000000
02.000000000000000000
02.000000000000000000
02.000000000000000000
02.000000000000000000
02.000000000000000000
02.000000000000000000
02.000000000000000000
02.000000000000000000
02.000000000000000000
02.000000000000000000
02.000000000000000000
02.000000000000000000
02.000000000000000000
02.000000000000000000
02.000000000000000000
02.000000000000000000
02.000000000000000000
02.000000000000000000
02.000000000000000000
02.000000000000000000
02.000000000000000000
02.000000000000000000
02.000000000000000000
02.000000000000000000
02.000000000000000000
02.000000000000000000
02.000000000000000000
02.000000000000000000
02.000000000000000000
02.000000000000000000
02.000000000000000000
02.000000000000000000
02.000000000000000000
02.000000000000000000
02.000000000000000000
02.000000000000000000
02.000000000000000000
02.000000000000000000
02.000000000000000000
02.000000000000000000
02.000000000000000000
02.000000000000000000
02.000000000000000000
02.000000000000000000
02.000000000000000000
02.000000000000000000
02.000000000000000000
02.000000000000000000
02.000000000000000000
02.000000000000000000
02.000000000000000000
02.000000000000000000
02.000000000000000000
02.000000000000000000
02.000000000000000000
02.000000000000000000
02.000000000000000000
02.000000000000000000
02.000000000000000000
02.000000000000000000
02.000000000000000000
02.000000000000000000
02.000000000000000000
02.000000000000000000
02.000000000000000000
02.000000000000000000
02.000000000000000000
02.000000000000000000
02.000000000000000000
02.000000000000000000
02.000000000000000000
02.000000000000000000
02.000000000000000000
02.000000000000000000
02.000000000000000000
02.000000000000000000
02.000000000000000000
02.000000000000000000
02.000000000000000000
02.000000000000000000
02.000000000000000000
02.000000000000000000
02.000000000000000000
02.000000000000000000
02.000000000000000000
02.000000000000000000
02.000000000000000000
02.000000000000000000
02.000000000000000000
02.000000000000000000
02.000000000000000000
02.000000000000000000
02.000000000000000000
02.000000000000000000
02.000000000000000000
02.000000000000000000
02.000000000000000000
02.000000000000000000
02.000000000000000000
02.000000000000000000
02.000000000000000000
02.000000000000000000
02.000000000000000000
02.000000000000000000
02.000000000000000000
02.000000000000000000
02.000000000000000000
02.000000000000000000
02.000000000000000000
02.000000000000000000
02.000000000000000000
02.000000000000000000
02.000000000000000000
02.000000000000000000
02.000000000000000000
02.000000000000000000
02.000000000000000000
02.000000000000000000
02.000000000000000000
02.000000000000000000
02.000000000000000000
02.000000000000000000
02.000000000000000000
02.000000000000000000
02.000000000000000000
02.000000000000000000
02.000000000000000000
02.000000000000000000
02.000000000000000000
02.000000000000000000
02.000000000000000000
02.000000000000000000
02.000000000000000000
02.000000000000000000
02.000000000000000000
02.000000000000000000
02.000000000000000000
02.000000000000000000
02.000000000000000000
02.000000000000000000
02.000000000000000000
02.000000000000000000
02.000000000000000000
02.000000000000000000
02.000000000000000000
02.000000000000000000
02.000000000000000000
02.000000000000000000
02.000000000000000000
02.000000000000000000
02.000000000000000000
02.000000000000000000
02.000000000000000000
02.000000000000000000
02.000000000000000000
02.000000000000000000
02.000000000000000000
02.000000000000000000
02.000000000000000000
02.000000000000000000
02.000000000000000000
02.000000000000000000
02.000000000000000000
02.000000000000000000
02.000000000000000000
02.000000000000000000
02.000000000000000000
02.000000000000000000
02.000000000000000000
02.000000000000000000
02.000000000000000000
02.000000000000000000
02.000000000000000000
02.000000000000000000
02.000000000000000000
02.000000000000000000
02.000000000000000000
02.000000000000000000
02.000000000000000000
02.000000000000000000
02.000000000000000000
02.000000000000000000
02.000000000000000000
02.000000000000000000
02.000000000000000000
02.000000000000000000
02.000000000000000000
02.000000000000000000
02.000000000000000000
02.000000000000000000
02.000000000000000000
02.000000000000000000
02.000000000000000000
02.000000000000000000
02.000000000000000000
02.000000000000000000
02.000000000000000000
02.000000000000000000
02.000000000000000000
02.000000000000000000
02.000000000000000000
02.000000000000000000
02.000000000000000000
02.000000000000000000
02.000000000000000000
02.000000000000000000
02.000000000000000000
02.000000000000000000
02.000000000000000000
02.000000000000000000
02.000000000000000000
02.000000000000000000
02.000000000000000000
02.000000000000000000
02.000000000000000000
02.000000000000000000
02.000000000000000000
02.000000000000000000
02.000000000000000000
02.000000000000000000
02.000000000000000000
02.000000000000000000
02.000000000000000000
02.000000000000000000
02.000000000000000000
02.000000000000000000
02.000000000000000000
02.000000000000000000
02.000000000000000000
02.000000000000000000
02.000000000000000000
02.000000000000000000
02.000000000000000000
02.000000000000000000
02.000000000000000000
02.000000000000000000
02.000000000000000000
02.000000000000000000
02.000000000000000000
02.000000000000000000
02.000000000000000000
02.000000000000000000
02.000000000000000000
02.000000000000000000
02.000000000000000000
02.000000000000000000
02.000000000000000000
02.000000000000000000
02.000000000000000000
02.000000000000000000
02.000000000000000000
02.000000000000000000
